/*******************************************************************************
 * Size: 16 px
 * Bpp: 8
 * Opts: --font /usr/share/fonts/truetype/dejavu/DejaVuSans.ttf -r 0x20-0x7E -r 0xB0-0xB0 --font /tmp/wqy-microhei.sPpIJa.ttf --symbols 上中习亮件任光入关准分切加动升合后启吸呼围在外夜始学完对左并应度开式彩意感成或手扫按换控文新方显机正氛添温滑灯用白码示空红纯组网置色虹设请调输遥配重键闭间降需正在 --size 16 --bpp 8 --format lvgl --lv-font-name ui_font_cn_16 --lv-include lvgl.h --no-compress --autohint-strong -o /workspace/main/ui/ui_font_cn_16.c
 ******************************************************************************/

#ifdef LV_LVGL_H_INCLUDE_SIMPLE
#include "lvgl.h"
#else
#include "lvgl.h"
#endif

#ifndef UI_FONT_CN_16
#define UI_FONT_CN_16 1
#endif

#if UI_FONT_CN_16

/*-----------------
 *    BITMAPS
 *----------------*/

/*Store the image of the glyphs*/
static LV_ATTRIBUTE_LARGE_CONST const uint8_t glyph_bitmap[] = {
    /* U+0020 " " */

    /* U+0021 "!" */
    0x94, 0xff, 0x94, 0xff, 0x94, 0xff, 0x94, 0xff,
    0x94, 0xff, 0x8e, 0xfa, 0x81, 0xec, 0x6b, 0xd0,
    0x0, 0x0, 0x0, 0x0, 0x91, 0xfc, 0x94, 0xff,

    /* U+0022 "\"" */
    0x74, 0xe0, 0x0, 0x80, 0xd4, 0x74, 0xe0, 0x0,
    0x80, 0xd4, 0x74, 0xe0, 0x0, 0x80, 0xd4, 0x74,
    0xe0, 0x0, 0x80, 0xd4, 0x27, 0x4d, 0x0, 0x2c,
    0x48,

    /* U+0023 "#" */
    0x0, 0x0, 0x0, 0x0, 0x5a, 0xe9, 0x0, 0x0,
    0xcf, 0x71, 0x0, 0x0, 0x0, 0x0, 0x0, 0x0,
    0x8d, 0xb5, 0x0, 0x7, 0xfa, 0x3e, 0x0, 0x0,
    0x0, 0x0, 0x0, 0x0, 0xc0, 0x81, 0x0, 0x37,
    0xfe, 0xd, 0x0, 0x0, 0x0, 0x0, 0x0, 0x1,
    0xf1, 0x4d, 0x0, 0x6a, 0xd9, 0x0, 0x0, 0x0,
    0x0, 0xe0, 0xff, 0xff, 0xff, 0xff, 0xff, 0xff,
    0xff, 0xff, 0xff, 0x30, 0x0, 0x2a, 0x30, 0x8e,
    0xd8, 0x30, 0x30, 0xec, 0x77, 0x30, 0x30, 0x9,
    0x0, 0x0, 0x0, 0xab, 0x99, 0x0, 0x1c, 0xff,
    0x23, 0x0, 0x0, 0x0, 0x0, 0x0, 0x0, 0xe6,
    0x5d, 0x0, 0x57, 0xe8, 0x0, 0x0, 0x0, 0x0,
    0xc4, 0xff, 0xff, 0xff, 0xff, 0xff, 0xff, 0xff,
    0xff, 0xff, 0x48, 0x0, 0x24, 0x30, 0x86, 0xdd,
    0x30, 0x30, 0xe7, 0x7f, 0x30, 0x30, 0xd, 0x0,
    0x0, 0x0, 0xae, 0x92, 0x0, 0x23, 0xff, 0x1e,
    0x0, 0x0, 0x0, 0x0, 0x0, 0x5, 0xf1, 0x48,
    0x0, 0x6c, 0xd4, 0x0, 0x0, 0x0, 0x0, 0x0,

    /* U+0024 "$" */
    0x0, 0x0, 0x0, 0x60, 0x68, 0x0, 0x0, 0x0,
    0x0, 0x0, 0x0, 0x60, 0x68, 0x0, 0x0, 0x0,
    0x0, 0x5c, 0xc7, 0xef, 0xf2, 0xd9, 0xac, 0x13,
    0x51, 0xff, 0x7c, 0x7c, 0x81, 0x46, 0x90, 0x1b,
    0x9d, 0xd2, 0x0, 0x60, 0x68, 0x0, 0x0, 0x0,
    0x84, 0xf4, 0x32, 0x60, 0x68, 0x0, 0x0, 0x0,
    0x10, 0xc4, 0xff, 0xee, 0xc5, 0x6b, 0x12, 0x0,
    0x0, 0x0, 0x33, 0xa1, 0xd3, 0xed, 0xee, 0x35,
    0x0, 0x0, 0x0, 0x60, 0x68, 0xe, 0xd7, 0xb8,
    0x1, 0x0, 0x0, 0x60, 0x68, 0x0, 0xa9, 0xca,
    0x9d, 0x8b, 0x42, 0x76, 0x82, 0x70, 0xfa, 0x7e,
    0x45, 0xad, 0xe2, 0xfb, 0xfa, 0xdb, 0x7e, 0x4,
    0x0, 0x0, 0x0, 0x60, 0x68, 0x0, 0x0, 0x0,
    0x0, 0x0, 0x0, 0x60, 0x68, 0x0, 0x0, 0x0,
    0x0, 0x0, 0x0, 0x30, 0x34, 0x0, 0x0, 0x0,

    /* U+0025 "%" */
    0x0, 0x23, 0xbe, 0xf3, 0xce, 0x37, 0x0, 0x0,
    0x0, 0x0, 0xae, 0x91, 0x0, 0x0, 0x0, 0x0,
    0xc4, 0xa0, 0xf, 0x7d, 0xe5, 0x9, 0x0, 0x0,
    0x49, 0xe7, 0xf, 0x0, 0x0, 0x0, 0xa, 0xfe,
    0x30, 0x0, 0x9, 0xfe, 0x35, 0x0, 0x8, 0xdc,
    0x5a, 0x0, 0x0, 0x0, 0x0, 0xa, 0xfe, 0x2e,
    0x0, 0x9, 0xff, 0x34, 0x0, 0x81, 0xbe, 0x0,
    0x0, 0x0, 0x0, 0x0, 0x0, 0xc4, 0x99, 0xa,
    0x78, 0xe5, 0x9, 0x24, 0xf2, 0x29, 0x0, 0x0,
    0x0, 0x0, 0x0, 0x0, 0x23, 0xbc, 0xf0, 0xcb,
    0x37, 0x0, 0xb8, 0x87, 0x0, 0x0, 0x0, 0x0,
    0x0, 0x0, 0x0, 0x0, 0x0, 0x0, 0x0, 0x0,
    0x54, 0xe1, 0xa, 0x1c, 0xb4, 0xef, 0xcf, 0x3c,
    0x0, 0x0, 0x0, 0x0, 0x0, 0x0, 0xc, 0xe3,
    0x50, 0x0, 0xb7, 0xa9, 0xb, 0x6e, 0xeb, 0xd,
    0x0, 0x0, 0x0, 0x0, 0x0, 0x8c, 0xb4, 0x0,
    0x3, 0xf9, 0x3f, 0x0, 0x2, 0xf9, 0x40, 0x0,
    0x0, 0x0, 0x0, 0x2b, 0xf2, 0x21, 0x0, 0x3,
    0xfa, 0x3f, 0x0, 0x3, 0xf9, 0x41, 0x0, 0x0,
    0x0, 0x0, 0xc1, 0x7d, 0x0, 0x0, 0x0, 0xba,
    0xa9, 0xf, 0x70, 0xed, 0xf, 0x0, 0x0, 0x0,
    0x5e, 0xda, 0x7, 0x0, 0x0, 0x0, 0x1f, 0xba,
    0xf3, 0xd3, 0x41, 0x0,

    /* U+0026 "&" */
    0x0, 0x0, 0x5f, 0xd6, 0xf7, 0xe3, 0xa1, 0xc,
    0x0, 0x0, 0x0, 0x0, 0x48, 0xff, 0xa1, 0x4b,
    0x66, 0xc0, 0x1b, 0x0, 0x0, 0x0, 0x0, 0x96,
    0xe7, 0x1, 0x0, 0x0, 0x0, 0x0, 0x0, 0x0,
    0x0, 0x0, 0x87, 0xf8, 0x11, 0x0, 0x0, 0x0,
    0x0, 0x0, 0x0, 0x0, 0x0, 0x20, 0xfc, 0xb8,
    0x5, 0x0, 0x0, 0x0, 0x0, 0x0, 0x0, 0x2,
    0xa3, 0xec, 0xfb, 0xac, 0x3, 0x0, 0x0, 0x3,
    0x48, 0x1d, 0x76, 0xfa, 0x32, 0x56, 0xfc, 0xa4,
    0x2, 0x0, 0x29, 0xff, 0x4c, 0xdd, 0xa8, 0x0,
    0x0, 0x5c, 0xfd, 0x9b, 0x1, 0x65, 0xf7, 0xd,
    0xf4, 0x92, 0x0, 0x0, 0x0, 0x63, 0xfe, 0x93,
    0xd6, 0x94, 0x0, 0xc2, 0xd8, 0x7, 0x0, 0x0,
    0x0, 0x69, 0xff, 0xf4, 0x12, 0x0, 0x39, 0xf7,
    0xbb, 0x37, 0x16, 0x3b, 0xaa, 0xf8, 0xff, 0x86,
    0x0, 0x0, 0x30, 0xb0, 0xee, 0xfa, 0xdf, 0x97,
    0x20, 0x77, 0xff, 0x7f,

    /* U+0027 "'" */
    0x74, 0xe0, 0x74, 0xe0, 0x74, 0xe0, 0x74, 0xe0,
    0x27, 0x4d,

    /* U+0028 "(" */
    0x0, 0x0, 0x8f, 0xb7, 0x0, 0x22, 0xf9, 0x38,
    0x0, 0x92, 0xcf, 0x0, 0x7, 0xef, 0x75, 0x0,
    0x3f, 0xff, 0x38, 0x0, 0x77, 0xff, 0x9, 0x0,
    0x91, 0xf4, 0x0, 0x0, 0x99, 0xed, 0x0, 0x0,
    0x86, 0xfc, 0x1, 0x0, 0x5e, 0xff, 0x1e, 0x0,
    0x20, 0xff, 0x53, 0x0, 0x0, 0xc8, 0xa0, 0x0,
    0x0, 0x5d, 0xf2, 0xb, 0x0, 0x3, 0xd3, 0x76,
    0x0, 0x0, 0x36, 0x6b,

    /* U+0029 ")" */
    0x79, 0xcc, 0x1, 0x0, 0xc, 0xec, 0x59, 0x0,
    0x0, 0x92, 0xce, 0x0, 0x0, 0x3a, 0xff, 0x32,
    0x0, 0x5, 0xf7, 0x7c, 0x0, 0x0, 0xcb, 0xb5,
    0x0, 0x0, 0xb6, 0xcf, 0x0, 0x0, 0xad, 0xd8,
    0x0, 0x0, 0xbf, 0xc4, 0x0, 0x0, 0xe0, 0x9c,
    0x0, 0x17, 0xff, 0x5d, 0x0, 0x63, 0xf5, 0xf,
    0x0, 0xbf, 0x9b, 0x0, 0x37, 0xf7, 0x1e, 0x0,
    0x4c, 0x55, 0x0, 0x0,

    /* U+002A "*" */
    0x0, 0x0, 0x0, 0x70, 0x74, 0x0, 0x0, 0x0,
    0x28, 0x4c, 0x0, 0x70, 0x74, 0x0, 0x4a, 0x2b,
    0x23, 0xb2, 0xb0, 0x8f, 0x91, 0xad, 0xb1, 0x23,
    0x0, 0x0, 0x46, 0xf4, 0xf5, 0x45, 0x0, 0x0,
    0x1, 0x5c, 0xcf, 0xbe, 0xc0, 0xce, 0x5e, 0x2,
    0x4a, 0xa1, 0x16, 0x70, 0x74, 0x15, 0x9e, 0x4d,
    0x0, 0x0, 0x0, 0x70, 0x74, 0x0, 0x0, 0x0,
    0x0, 0x0, 0x0, 0x24, 0x26, 0x0, 0x0, 0x0,

    /* U+002B "+" */
    0x0, 0x0, 0x0, 0x0, 0x0, 0xf, 0x5, 0x0,
    0x0, 0x0, 0x0, 0x0, 0x0, 0x0, 0x0, 0x0,
    0xf4, 0x5c, 0x0, 0x0, 0x0, 0x0, 0x0, 0x0,
    0x0, 0x0, 0x0, 0xf4, 0x5c, 0x0, 0x0, 0x0,
    0x0, 0x0, 0x0, 0x0, 0x0, 0x0, 0xf4, 0x5c,
    0x0, 0x0, 0x0, 0x0, 0x5, 0x14, 0x14, 0x14,
    0x14, 0xf4, 0x68, 0x14, 0x14, 0x14, 0xe, 0x4c,
    0xff, 0xff, 0xff, 0xff, 0xff, 0xff, 0xff, 0xff,
    0xff, 0xb8, 0x14, 0x44, 0x44, 0x44, 0x44, 0xf7,
    0x87, 0x44, 0x44, 0x44, 0x30, 0x0, 0x0, 0x0,
    0x0, 0x0, 0xf4, 0x5c, 0x0, 0x0, 0x0, 0x0,
    0x0, 0x0, 0x0, 0x0, 0x0, 0xf4, 0x5c, 0x0,
    0x0, 0x0, 0x0, 0x0, 0x0, 0x0, 0x0, 0x0,
    0xf4, 0x5c, 0x0, 0x0, 0x0, 0x0, 0x0, 0x0,
    0x0, 0x0, 0x0, 0xf4, 0x5c, 0x0, 0x0, 0x0,
    0x0,

    /* U+002C "," */
    0x1b, 0xd8, 0x72, 0x28, 0xff, 0x77, 0x62, 0xf1,
    0x12, 0xa3, 0x81, 0x0,

    /* U+002D "-" */
    0x3, 0x10, 0x10, 0x10, 0x10, 0x38, 0xff, 0xff,
    0xff, 0xff, 0xd, 0x3c, 0x3c, 0x3c, 0x3c,

    /* U+002E "." */
    0x46, 0xfc, 0x5a, 0x48, 0xff, 0x5c,

    /* U+002F "/" */
    0x0, 0x0, 0x0, 0x19, 0xfe, 0x3b, 0x0, 0x0,
    0x0, 0x69, 0xe9, 0x2, 0x0, 0x0, 0x0, 0xb9,
    0x9b, 0x0, 0x0, 0x0, 0xe, 0xf9, 0x4b, 0x0,
    0x0, 0x0, 0x59, 0xf3, 0x7, 0x0, 0x0, 0x0,
    0xa9, 0xab, 0x0, 0x0, 0x0, 0x6, 0xf1, 0x5b,
    0x0, 0x0, 0x0, 0x49, 0xfa, 0x10, 0x0, 0x0,
    0x0, 0x99, 0xbb, 0x0, 0x0, 0x0, 0x1, 0xe6,
    0x6b, 0x0, 0x0, 0x0, 0x39, 0xff, 0x1c, 0x0,
    0x0, 0x0, 0x89, 0xcb, 0x0, 0x0, 0x0, 0x0,
    0xd8, 0x7b, 0x0, 0x0, 0x0, 0x0,

    /* U+0030 "0" */
    0x0, 0x16, 0xa3, 0xee, 0xf4, 0xb8, 0x29, 0x0,
    0x0, 0x5, 0xd0, 0xe6, 0x62, 0x56, 0xd1, 0xe9,
    0x17, 0x0, 0x5f, 0xff, 0x41, 0x0, 0x0, 0x1c,
    0xf9, 0x8c, 0x0, 0xad, 0xe4, 0x0, 0x0, 0x0,
    0x0, 0xb7, 0xdc, 0x0, 0xd8, 0xb9, 0x0, 0x0,
    0x0, 0x0, 0x8a, 0xfe, 0x9, 0xea, 0xa8, 0x0,
    0x0, 0x0, 0x0, 0x79, 0xff, 0x19, 0xeb, 0xa7,
    0x0, 0x0, 0x0, 0x0, 0x79, 0xff, 0x19, 0xd9,
    0xb8, 0x0, 0x0, 0x0, 0x0, 0x8a, 0xfe, 0x9,
    0xae, 0xe3, 0x0, 0x0, 0x0, 0x0, 0xb6, 0xdc,
    0x0, 0x60, 0xff, 0x3f, 0x0, 0x0, 0x1b, 0xf8,
    0x8d, 0x0, 0x5, 0xd2, 0xe5, 0x61, 0x55, 0xd0,
    0xea, 0x19, 0x0, 0x0, 0x17, 0xa5, 0xef, 0xf5,
    0xb9, 0x2a, 0x0, 0x0,

    /* U+0031 "1" */
    0x1a, 0x92, 0xc7, 0xf7, 0xff, 0x20, 0x0, 0x0,
    0x3c, 0xe9, 0xb4, 0xbe, 0xff, 0x20, 0x0, 0x0,
    0x2, 0x0, 0x0, 0x70, 0xff, 0x20, 0x0, 0x0,
    0x0, 0x0, 0x0, 0x70, 0xff, 0x20, 0x0, 0x0,
    0x0, 0x0, 0x0, 0x70, 0xff, 0x20, 0x0, 0x0,
    0x0, 0x0, 0x0, 0x70, 0xff, 0x20, 0x0, 0x0,
    0x0, 0x0, 0x0, 0x70, 0xff, 0x20, 0x0, 0x0,
    0x0, 0x0, 0x0, 0x70, 0xff, 0x20, 0x0, 0x0,
    0x0, 0x0, 0x0, 0x70, 0xff, 0x20, 0x0, 0x0,
    0x0, 0x0, 0x0, 0x70, 0xff, 0x20, 0x0, 0x0,
    0x1, 0x54, 0x54, 0x9f, 0xff, 0x69, 0x54, 0x3b,
    0x4, 0xff, 0xff, 0xff, 0xff, 0xff, 0xff, 0xb4,

    /* U+0032 "2" */
    0x41, 0x9f, 0xdb, 0xf6, 0xdd, 0x95, 0x16, 0x0,
    0xc0, 0xce, 0x7d, 0x5f, 0x89, 0xf5, 0xde, 0xd,
    0x26, 0x0, 0x0, 0x0, 0x0, 0x5a, 0xff, 0x62,
    0x0, 0x0, 0x0, 0x0, 0x0, 0x1a, 0xff, 0x7d,
    0x0, 0x0, 0x0, 0x0, 0x0, 0x55, 0xff, 0x50,
    0x0, 0x0, 0x0, 0x0, 0x12, 0xe0, 0xce, 0x3,
    0x0, 0x0, 0x0, 0x9, 0xc0, 0xeb, 0x24, 0x0,
    0x0, 0x0, 0x7, 0xb8, 0xf0, 0x31, 0x0, 0x0,
    0x0, 0x5, 0xb3, 0xf3, 0x39, 0x0, 0x0, 0x0,
    0x4, 0xae, 0xf6, 0x3f, 0x0, 0x0, 0x0, 0x0,
    0x9c, 0xff, 0x99, 0x54, 0x54, 0x54, 0x54, 0x30,
    0xd4, 0xff, 0xff, 0xff, 0xff, 0xff, 0xff, 0x94,

    /* U+0033 "3" */
    0x3b, 0xb4, 0xe4, 0xf8, 0xe7, 0xb2, 0x35, 0x0,
    0x5b, 0xab, 0x75, 0x5f, 0x77, 0xdd, 0xf9, 0x32,
    0x0, 0x0, 0x0, 0x0, 0x0, 0x1f, 0xff, 0x8f,
    0x0, 0x0, 0x0, 0x0, 0x0, 0x7, 0xfb, 0x8a,
    0x0, 0x0, 0x9, 0xd, 0x27, 0xa2, 0xf1, 0x28,
    0x0, 0x0, 0xc4, 0xff, 0xff, 0xe7, 0x39, 0x0,
    0x0, 0x0, 0x2d, 0x3e, 0x5c, 0xc7, 0xef, 0x35,
    0x0, 0x0, 0x0, 0x0, 0x0, 0x9, 0xe3, 0xbb,
    0x0, 0x0, 0x0, 0x0, 0x0, 0x0, 0xb9, 0xe0,
    0x3, 0x0, 0x0, 0x0, 0x0, 0x17, 0xed, 0xbc,
    0xba, 0x9c, 0x6e, 0x5f, 0x80, 0xe2, 0xf9, 0x3f,
    0x69, 0xc4, 0xec, 0xf8, 0xdc, 0xa5, 0x2c, 0x0,

    /* U+0034 "4" */
    0x0, 0x0, 0x0, 0x0, 0x0, 0xad, 0xff, 0xa0,
    0x0, 0x0, 0x0, 0x0, 0x0, 0x0, 0x4d, 0xed,
    0xf9, 0xa0, 0x0, 0x0, 0x0, 0x0, 0x0, 0xc,
    0xe2, 0x64, 0xf4, 0xa0, 0x0, 0x0, 0x0, 0x0,
    0x0, 0x90, 0xc6, 0x1, 0xf4, 0xa0, 0x0, 0x0,
    0x0, 0x0, 0x34, 0xf8, 0x2f, 0x0, 0xf4, 0xa0,
    0x0, 0x0, 0x0, 0x3, 0xce, 0x8e, 0x0, 0x0,
    0xf4, 0xa0, 0x0, 0x0, 0x0, 0x74, 0xe4, 0xd,
    0x0, 0x0, 0xf4, 0xa0, 0x0, 0x0, 0x19, 0xf4,
    0x63, 0x10, 0x10, 0x10, 0xf4, 0xa6, 0x10, 0x4,
    0x38, 0xff, 0xff, 0xff, 0xff, 0xff, 0xff, 0xff,
    0xff, 0x48, 0xe, 0x40, 0x40, 0x40, 0x40, 0x40,
    0xf7, 0xb8, 0x40, 0x12, 0x0, 0x0, 0x0, 0x0,
    0x0, 0x0, 0xf4, 0xa0, 0x0, 0x0, 0x0, 0x0,
    0x0, 0x0, 0x0, 0x0, 0xf4, 0xa0, 0x0, 0x0,

    /* U+0035 "5" */
    0x44, 0xff, 0xff, 0xff, 0xff, 0xff, 0xec, 0x0,
    0x44, 0xff, 0x71, 0x54, 0x54, 0x54, 0x4d, 0x0,
    0x44, 0xff, 0x2c, 0x0, 0x0, 0x0, 0x0, 0x0,
    0x44, 0xff, 0x2c, 0xa, 0x1, 0x0, 0x0, 0x0,
    0x44, 0xff, 0xf0, 0xff, 0xf5, 0xae, 0x23, 0x0,
    0x36, 0x93, 0x56, 0x4b, 0x7f, 0xf1, 0xe9, 0x19,
    0x0, 0x0, 0x0, 0x0, 0x0, 0x3e, 0xff, 0x88,
    0x0, 0x0, 0x0, 0x0, 0x0, 0x0, 0xe1, 0xbd,
    0x0, 0x0, 0x0, 0x0, 0x0, 0x0, 0xe5, 0xbc,
    0x4, 0x0, 0x0, 0x0, 0x0, 0x4b, 0xff, 0x84,
    0xb8, 0x9e, 0x6f, 0x62, 0x95, 0xf9, 0xe2, 0x15,
    0x73, 0xcc, 0xef, 0xfb, 0xe2, 0x99, 0x18, 0x0,

    /* U+0036 "6" */
    0x0, 0x0, 0x4a, 0xc2, 0xf4, 0xf1, 0xc7, 0x3f,
    0x0, 0x0, 0x67, 0xff, 0xba, 0x70, 0x66, 0x94,
    0x57, 0x0, 0x20, 0xf7, 0x90, 0x0, 0x0, 0x0,
    0x0, 0x0, 0x0, 0x82, 0xf9, 0x10, 0x0, 0x2,
    0x0, 0x0, 0x0, 0x0, 0xbe, 0xcb, 0x6b, 0xe3,
    0xff, 0xe0, 0x72, 0x1, 0x0, 0xd8, 0xf2, 0xeb,
    0x66, 0x46, 0x9e, 0xff, 0x79, 0x0, 0xda, 0xff,
    0x50, 0x0, 0x0, 0x0, 0xbe, 0xef, 0x3, 0xc7,
    0xff, 0xc, 0x0, 0x0, 0x0, 0x79, 0xff, 0x22,
    0x9c, 0xff, 0xd, 0x0, 0x0, 0x0, 0x7a, 0xff,
    0x20, 0x4b, 0xff, 0x56, 0x0, 0x0, 0x0, 0xc4,
    0xe9, 0x2, 0x1, 0xbe, 0xef, 0x71, 0x52, 0xaa,
    0xff, 0x68, 0x0, 0x0, 0xe, 0x94, 0xe8, 0xf9,
    0xd3, 0x5e, 0x0, 0x0,

    /* U+0037 "7" */
    0xb0, 0xff, 0xff, 0xff, 0xff, 0xff, 0xff, 0xca,
    0x39, 0x54, 0x54, 0x54, 0x54, 0x77, 0xff, 0x80,
    0x0, 0x0, 0x0, 0x0, 0x0, 0x84, 0xfe, 0x21,
    0x0, 0x0, 0x0, 0x0, 0x1, 0xe1, 0xc1, 0x0,
    0x0, 0x0, 0x0, 0x0, 0x43, 0xff, 0x61, 0x0,
    0x0, 0x0, 0x0, 0x0, 0xa3, 0xf5, 0xc, 0x0,
    0x0, 0x0, 0x0, 0xd, 0xf5, 0xa2, 0x0, 0x0,
    0x0, 0x0, 0x0, 0x62, 0xff, 0x42, 0x0, 0x0,
    0x0, 0x0, 0x0, 0xc2, 0xe1, 0x1, 0x0, 0x0,
    0x0, 0x0, 0x22, 0xfe, 0x83, 0x0, 0x0, 0x0,
    0x0, 0x0, 0x81, 0xff, 0x24, 0x0, 0x0, 0x0,
    0x0, 0x1, 0xde, 0xc3, 0x0, 0x0, 0x0, 0x0,

    /* U+0038 "8" */
    0x0, 0x3d, 0xbb, 0xeb, 0xf2, 0xcb, 0x59, 0x0,
    0x0, 0x31, 0xf8, 0xcb, 0x5a, 0x52, 0xb2, 0xff,
    0x5a, 0x0, 0x8a, 0xfe, 0x16, 0x0, 0x0, 0x4,
    0xe2, 0xb7, 0x0, 0x90, 0xfb, 0x7, 0x0, 0x0,
    0x0, 0xd3, 0xb9, 0x0, 0x2f, 0xf6, 0x9b, 0x1d,
    0x16, 0x77, 0xfb, 0x4a, 0x0, 0x0, 0x38, 0xe5,
    0xff, 0xff, 0xf5, 0x54, 0x0, 0x0, 0x27, 0xe3,
    0xbb, 0x4f, 0x48, 0x9f, 0xf9, 0x50, 0x0, 0xb1,
    0xe2, 0x7, 0x0, 0x0, 0x0, 0xbb, 0xe5, 0x0,
    0xe0, 0xb6, 0x0, 0x0, 0x0, 0x0, 0x87, 0xff,
    0x10, 0xc8, 0xe4, 0x8, 0x0, 0x0, 0x0, 0xbf,
    0xf2, 0x3, 0x5b, 0xff, 0xc2, 0x5a, 0x53, 0xa8,
    0xff, 0x84, 0x0, 0x0, 0x4d, 0xc3, 0xec, 0xf2,
    0xce, 0x64, 0x2, 0x0,

    /* U+0039 "9" */
    0x0, 0x3d, 0xc1, 0xf6, 0xef, 0xa8, 0x1b, 0x0,
    0x0, 0x37, 0xfa, 0xc9, 0x59, 0x64, 0xe2, 0xdb,
    0xc, 0x0, 0xb7, 0xec, 0xd, 0x0, 0x0, 0x2f,
    0xfe, 0x77, 0x0, 0xef, 0xac, 0x0, 0x0, 0x0,
    0x0, 0xe1, 0xca, 0x0, 0xf5, 0xa5, 0x0, 0x0,
    0x0, 0x0, 0xd9, 0xf6, 0x0, 0xcd, 0xda, 0x2,
    0x0, 0x0, 0x17, 0xfa, 0xff, 0x9, 0x62, 0xff,
    0x94, 0x19, 0x23, 0xba, 0xfc, 0xff, 0x7, 0x0,
    0x7d, 0xf6, 0xff, 0xff, 0xb5, 0xb1, 0xee, 0x0,
    0x0, 0x0, 0x9, 0x2d, 0x1b, 0x1, 0xd8, 0xb2,
    0x0, 0x0, 0x0, 0x0, 0x0, 0x0, 0x61, 0xff,
    0x49, 0x0, 0x30, 0x9d, 0x69, 0x67, 0xa2, 0xfe,
    0x99, 0x0, 0x0, 0x21, 0xbe, 0xef, 0xf8, 0xd1,
    0x69, 0x1, 0x0, 0x0,

    /* U+003A ":" */
    0x20, 0xff, 0x88, 0x1f, 0xfc, 0x85, 0x0, 0x0,
    0x0, 0x0, 0x0, 0x0, 0x0, 0x0, 0x0, 0x0,
    0x0, 0x0, 0x1f, 0xfc, 0x85, 0x20, 0xff, 0x88,

    /* U+003B ";" */
    0x20, 0xff, 0x88, 0x1f, 0xfc, 0x85, 0x0, 0x0,
    0x0, 0x0, 0x0, 0x0, 0x0, 0x0, 0x0, 0x0,
    0x0, 0x0, 0x1b, 0xd8, 0x72, 0x28, 0xff, 0x77,
    0x62, 0xf1, 0x12, 0xa3, 0x81, 0x0,

    /* U+003C "<" */
    0x0, 0x0, 0x0, 0x0, 0x0, 0x0, 0x0, 0x0,
    0x0, 0x1, 0x24, 0x0, 0x0, 0x0, 0x0, 0x0,
    0x0, 0x0, 0x28, 0x85, 0xe1, 0xb8, 0x0, 0x0,
    0x0, 0x0, 0x15, 0x6d, 0xca, 0xff, 0xe1, 0x87,
    0x28, 0x0, 0x8, 0x56, 0xb3, 0xfb, 0xee, 0x99,
    0x3e, 0x1, 0x0, 0x0, 0x38, 0xf1, 0xf8, 0xab,
    0x50, 0x6, 0x0, 0x0, 0x0, 0x0, 0x0, 0x33,
    0xe7, 0xfc, 0xba, 0x5f, 0xd, 0x0, 0x0, 0x0,
    0x0, 0x0, 0x0, 0x3, 0x47, 0xa4, 0xf5, 0xf6,
    0xa8, 0x4d, 0x5, 0x0, 0x0, 0x0, 0x0, 0x0,
    0x0, 0xc, 0x5e, 0xbb, 0xfd, 0xec, 0x96, 0x34,
    0x0, 0x0, 0x0, 0x0, 0x0, 0x0, 0x0, 0x1b,
    0x76, 0xd3, 0xb8, 0x0, 0x0, 0x0, 0x0, 0x0,
    0x0, 0x0, 0x0, 0x0, 0x0, 0x19,

    /* U+003D "=" */
    0x4, 0x10, 0x10, 0x10, 0x10, 0x10, 0x10, 0x10,
    0x10, 0x10, 0xb, 0x4c, 0xff, 0xff, 0xff, 0xff,
    0xff, 0xff, 0xff, 0xff, 0xff, 0xb8, 0x13, 0x40,
    0x40, 0x40, 0x40, 0x40, 0x40, 0x40, 0x40, 0x40,
    0x2e, 0x5, 0x14, 0x14, 0x14, 0x14, 0x14, 0x14,
    0x14, 0x14, 0x14, 0xe, 0x4c, 0xff, 0xff, 0xff,
    0xff, 0xff, 0xff, 0xff, 0xff, 0xff, 0xb8, 0x13,
    0x40, 0x40, 0x40, 0x40, 0x40, 0x40, 0x40, 0x40,
    0x40, 0x2e,

    /* U+003E ">" */
    0x14, 0x10, 0x0, 0x0, 0x0, 0x0, 0x0, 0x0,
    0x0, 0x0, 0x0, 0x4c, 0xf8, 0xac, 0x4f, 0x5,
    0x0, 0x0, 0x0, 0x0, 0x0, 0x0, 0xb, 0x61,
    0xbd, 0xfd, 0xec, 0x95, 0x38, 0x0, 0x0, 0x0,
    0x0, 0x0, 0x0, 0x0, 0x1a, 0x74, 0xcf, 0xff,
    0xda, 0x7d, 0x21, 0x0, 0x0, 0x0, 0x0, 0x0,
    0x0, 0x0, 0x2a, 0x86, 0xe0, 0xfe, 0x96, 0x0,
    0x0, 0x0, 0x0, 0x0, 0x0, 0x39, 0x95, 0xeb,
    0xfb, 0x8b, 0x0, 0x0, 0x0, 0x27, 0x83, 0xdd,
    0xff, 0xcc, 0x6e, 0x15, 0x0, 0xf, 0x70, 0xcc,
    0xff, 0xe1, 0x86, 0x29, 0x0, 0x0, 0x0, 0x0,
    0x4c, 0xf1, 0x9d, 0x40, 0x1, 0x0, 0x0, 0x0,
    0x0, 0x0, 0x0, 0x10, 0x8, 0x0, 0x0, 0x0,
    0x0, 0x0, 0x0, 0x0, 0x0, 0x0,

    /* U+003F "?" */
    0x40, 0xb2, 0xe6, 0xf2, 0xbf, 0x32, 0x0, 0xd6,
    0xa8, 0x5a, 0x66, 0xe0, 0xec, 0x14, 0x20, 0x0,
    0x0, 0x0, 0x4b, 0xff, 0x4f, 0x0, 0x0, 0x0,
    0x0, 0x69, 0xff, 0x3d, 0x0, 0x0, 0x0, 0x33,
    0xf2, 0xad, 0x0, 0x0, 0x0, 0x29, 0xee, 0xba,
    0x7, 0x0, 0x0, 0x0, 0xb5, 0xda, 0xb, 0x0,
    0x0, 0x0, 0x0, 0xe0, 0x9b, 0x0, 0x0, 0x0,
    0x0, 0x0, 0xc0, 0x80, 0x0, 0x0, 0x0, 0x0,
    0x0, 0x0, 0x0, 0x0, 0x0, 0x0, 0x0, 0x0,
    0xec, 0xa1, 0x0, 0x0, 0x0, 0x0, 0x0, 0xf0,
    0xa4, 0x0, 0x0, 0x0,

    /* U+0040 "@" */
    0x0, 0x0, 0x0, 0xb, 0x70, 0xbf, 0xe6, 0xee,
    0xd2, 0x8a, 0x23, 0x0, 0x0, 0x0, 0x0, 0x0,
    0x3e, 0xe7, 0xd0, 0x6b, 0x42, 0x31, 0x51, 0xa4,
    0xf3, 0x6b, 0x0, 0x0, 0x0, 0x3e, 0xf4, 0x65,
    0x0, 0x0, 0x0, 0x0, 0x0, 0x0, 0x36, 0xea,
    0x6b, 0x0, 0xa, 0xe6, 0x64, 0x0, 0x0, 0x0,
    0x0, 0x0, 0x0, 0x0, 0x0, 0x37, 0xf7, 0x22,
    0x6d, 0xc5, 0x0, 0x0, 0x12, 0xa5, 0xe9, 0xdc,
    0x6d, 0xc1, 0x51, 0x0, 0xac, 0x8a, 0xbc, 0x65,
    0x0, 0x0, 0xb8, 0xcf, 0x43, 0x40, 0xc9, 0xfa,
    0x54, 0x0, 0x63, 0xca, 0xe2, 0x39, 0x0, 0x21,
    0xff, 0x2c, 0x0, 0x0, 0x21, 0xff, 0x54, 0x0,
    0x45, 0xde, 0xe6, 0x31, 0x0, 0x42, 0xfb, 0x1,
    0x0, 0x0, 0x0, 0xf1, 0x54, 0x0, 0x5c, 0xca,
    0xca, 0x56, 0x0, 0x2b, 0xff, 0x1b, 0x0, 0x0,
    0x11, 0xfe, 0x54, 0x0, 0xb3, 0x85, 0x87, 0xaa,
    0x0, 0x2, 0xd1, 0xae, 0x14, 0x10, 0xa5, 0xff,
    0x63, 0x86, 0xe1, 0x13, 0x1e, 0xf6, 0x3a, 0x0,
    0x2a, 0xd5, 0xff, 0xfc, 0x9f, 0xcc, 0xf9, 0xad,
    0x1c, 0x0, 0x0, 0x6c, 0xe8, 0x32, 0x0, 0x0,
    0x19, 0x10, 0x0, 0x19, 0x8, 0x0, 0x0, 0x0,
    0x0, 0x0, 0x74, 0xf5, 0x8e, 0x31, 0x6, 0x1,
    0x1d, 0x69, 0xd6, 0x44, 0x0, 0x0, 0x0, 0x0,
    0x0, 0x2e, 0xa7, 0xf1, 0xff, 0xfd, 0xf9, 0xbe,
    0x51, 0x0, 0x0, 0x0, 0x0, 0x0, 0x0, 0x0,
    0x0, 0x3, 0x1a, 0x1f, 0x7, 0x0, 0x0, 0x0,
    0x0, 0x0,

    /* U+0041 "A" */
    0x0, 0x0, 0x0, 0x0, 0x9c, 0xff, 0x8e, 0x0,
    0x0, 0x0, 0x0, 0x0, 0x0, 0x0, 0x9, 0xf1,
    0xff, 0xe9, 0x4, 0x0, 0x0, 0x0, 0x0, 0x0,
    0x0, 0x5a, 0xff, 0xb5, 0xff, 0x4c, 0x0, 0x0,
    0x0, 0x0, 0x0, 0x0, 0xb9, 0xee, 0x15, 0xf6,
    0xaa, 0x0, 0x0, 0x0, 0x0, 0x0, 0x1a, 0xfd,
    0x97, 0x0, 0xa6, 0xf8, 0x11, 0x0, 0x0, 0x0,
    0x0, 0x77, 0xff, 0x39, 0x0, 0x47, 0xff, 0x68,
    0x0, 0x0, 0x0, 0x0, 0xd5, 0xda, 0x0, 0x0,
    0x3, 0xe5, 0xc6, 0x0, 0x0, 0x0, 0x35, 0xff,
    0x88, 0x10, 0x10, 0x10, 0x93, 0xff, 0x26, 0x0,
    0x0, 0x94, 0xff, 0xff, 0xff, 0xff, 0xff, 0xff,
    0xff, 0x84, 0x0, 0x6, 0xec, 0xc8, 0x40, 0x40,
    0x40, 0x40, 0x40, 0xcf, 0xe1, 0x1, 0x52, 0xff,
    0x5f, 0x0, 0x0, 0x0, 0x0, 0x0, 0x68, 0xff,
    0x41, 0xb1, 0xf2, 0xa, 0x0, 0x0, 0x0, 0x0,
    0x0, 0xf, 0xf6, 0xa0,

    /* U+0042 "B" */
    0x6c, 0xff, 0xff, 0xff, 0xfd, 0xe4, 0xa7, 0x24,
    0x0, 0x6c, 0xff, 0x68, 0x4c, 0x4f, 0x75, 0xea,
    0xe0, 0xd, 0x6c, 0xff, 0x28, 0x0, 0x0, 0x0,
    0x5c, 0xff, 0x45, 0x6c, 0xff, 0x28, 0x0, 0x0,
    0x0, 0x4a, 0xff, 0x4a, 0x6c, 0xff, 0x32, 0xc,
    0xf, 0x35, 0xcb, 0xe4, 0xb, 0x6c, 0xff, 0xff,
    0xff, 0xff, 0xff, 0xde, 0x2d, 0x0, 0x6c, 0xff,
    0x5a, 0x3c, 0x3d, 0x58, 0xc7, 0xe6, 0x24, 0x6c,
    0xff, 0x28, 0x0, 0x0, 0x0, 0x10, 0xf6, 0xa1,
    0x6c, 0xff, 0x28, 0x0, 0x0, 0x0, 0x0, 0xda,
    0xcf, 0x6c, 0xff, 0x28, 0x0, 0x0, 0x0, 0x15,
    0xf8, 0xba, 0x6c, 0xff, 0x68, 0x4c, 0x4d, 0x67,
    0xd1, 0xfe, 0x4e, 0x6c, 0xff, 0xff, 0xff, 0xff,
    0xe9, 0xbb, 0x43, 0x0,

    /* U+0043 "C" */
    0x0, 0x0, 0x0, 0x37, 0xa9, 0xe6, 0xfa, 0xec,
    0xb7, 0x53, 0x0, 0x0, 0x0, 0x6c, 0xfd, 0xd4,
    0x76, 0x56, 0x65, 0xa8, 0xfc, 0x4c, 0x0, 0x39,
    0xfd, 0xac, 0x4, 0x0, 0x0, 0x0, 0x0, 0x2e,
    0x33, 0x0, 0xaf, 0xf6, 0x12, 0x0, 0x0, 0x0,
    0x0, 0x0, 0x0, 0x0, 0x0, 0xf1, 0xb8, 0x0,
    0x0, 0x0, 0x0, 0x0, 0x0, 0x0, 0x0, 0xf,
    0xff, 0x97, 0x0, 0x0, 0x0, 0x0, 0x0, 0x0,
    0x0, 0x0, 0xf, 0xff, 0x97, 0x0, 0x0, 0x0,
    0x0, 0x0, 0x0, 0x0, 0x0, 0x0, 0xf1, 0xb8,
    0x0, 0x0, 0x0, 0x0, 0x0, 0x0, 0x0, 0x0,
    0x0, 0xaf, 0xf6, 0x12, 0x0, 0x0, 0x0, 0x0,
    0x0, 0x0, 0x0, 0x0, 0x39, 0xfd, 0xac, 0x4,
    0x0, 0x0, 0x0, 0x0, 0x2e, 0x33, 0x0, 0x0,
    0x6d, 0xfd, 0xd3, 0x75, 0x55, 0x65, 0xa7, 0xfc,
    0x4b, 0x0, 0x0, 0x0, 0x38, 0xaa, 0xe7, 0xfb,
    0xec, 0xb6, 0x50, 0x0,

    /* U+0044 "D" */
    0x6c, 0xff, 0xff, 0xff, 0xf5, 0xdf, 0xae, 0x54,
    0x1, 0x0, 0x0, 0x6c, 0xff, 0x68, 0x4c, 0x53,
    0x71, 0xbe, 0xff, 0xb9, 0x8, 0x0, 0x6c, 0xff,
    0x28, 0x0, 0x0, 0x0, 0x0, 0x69, 0xff, 0x91,
    0x0, 0x6c, 0xff, 0x28, 0x0, 0x0, 0x0, 0x0,
    0x0, 0xbb, 0xf7, 0xa, 0x6c, 0xff, 0x28, 0x0,
    0x0, 0x0, 0x0, 0x0, 0x6e, 0xff, 0x3e, 0x6c,
    0xff, 0x28, 0x0, 0x0, 0x0, 0x0, 0x0, 0x4f,
    0xff, 0x57, 0x6c, 0xff, 0x28, 0x0, 0x0, 0x0,
    0x0, 0x0, 0x51, 0xff, 0x56, 0x6c, 0xff, 0x28,
    0x0, 0x0, 0x0, 0x0, 0x0, 0x6f, 0xff, 0x3d,
    0x6c, 0xff, 0x28, 0x0, 0x0, 0x0, 0x0, 0x0,
    0xbc, 0xf7, 0xa, 0x6c, 0xff, 0x28, 0x0, 0x0,
    0x0, 0x0, 0x69, 0xff, 0x8f, 0x0, 0x6c, 0xff,
    0x68, 0x4c, 0x53, 0x70, 0xbd, 0xff, 0xb9, 0x8,
    0x0, 0x6c, 0xff, 0xff, 0xff, 0xf6, 0xe0, 0xae,
    0x54, 0x1, 0x0, 0x0,

    /* U+0045 "E" */
    0x6c, 0xff, 0xff, 0xff, 0xff, 0xff, 0xff, 0xf4,
    0x0, 0x6c, 0xff, 0x6e, 0x54, 0x54, 0x54, 0x54,
    0x50, 0x0, 0x6c, 0xff, 0x28, 0x0, 0x0, 0x0,
    0x0, 0x0, 0x0, 0x6c, 0xff, 0x28, 0x0, 0x0,
    0x0, 0x0, 0x0, 0x0, 0x6c, 0xff, 0x35, 0x10,
    0x10, 0x10, 0x10, 0xb, 0x0, 0x6c, 0xff, 0xff,
    0xff, 0xff, 0xff, 0xff, 0xb4, 0x0, 0x6c, 0xff,
    0x5e, 0x40, 0x40, 0x40, 0x40, 0x2d, 0x0, 0x6c,
    0xff, 0x28, 0x0, 0x0, 0x0, 0x0, 0x0, 0x0,
    0x6c, 0xff, 0x28, 0x0, 0x0, 0x0, 0x0, 0x0,
    0x0, 0x6c, 0xff, 0x28, 0x0, 0x0, 0x0, 0x0,
    0x0, 0x0, 0x6c, 0xff, 0x6e, 0x54, 0x54, 0x54,
    0x54, 0x54, 0x7, 0x6c, 0xff, 0xff, 0xff, 0xff,
    0xff, 0xff, 0xff, 0x18,

    /* U+0046 "F" */
    0x6c, 0xff, 0xff, 0xff, 0xff, 0xff, 0xff, 0x48,
    0x6c, 0xff, 0x6e, 0x54, 0x54, 0x54, 0x54, 0x17,
    0x6c, 0xff, 0x28, 0x0, 0x0, 0x0, 0x0, 0x0,
    0x6c, 0xff, 0x28, 0x0, 0x0, 0x0, 0x0, 0x0,
    0x6c, 0xff, 0x35, 0x10, 0x10, 0x10, 0xc, 0x0,
    0x6c, 0xff, 0xff, 0xff, 0xff, 0xff, 0xc8, 0x0,
    0x6c, 0xff, 0x5e, 0x40, 0x40, 0x40, 0x32, 0x0,
    0x6c, 0xff, 0x28, 0x0, 0x0, 0x0, 0x0, 0x0,
    0x6c, 0xff, 0x28, 0x0, 0x0, 0x0, 0x0, 0x0,
    0x6c, 0xff, 0x28, 0x0, 0x0, 0x0, 0x0, 0x0,
    0x6c, 0xff, 0x28, 0x0, 0x0, 0x0, 0x0, 0x0,
    0x6c, 0xff, 0x28, 0x0, 0x0, 0x0, 0x0, 0x0,

    /* U+0047 "G" */
    0x0, 0x0, 0x0, 0x34, 0xa5, 0xe2, 0xf9, 0xf2,
    0xcb, 0x80, 0x15, 0x0, 0x0, 0x0, 0x6c, 0xfd,
    0xd6, 0x7a, 0x57, 0x5f, 0x95, 0xef, 0xc4, 0x0,
    0x0, 0x3a, 0xfd, 0xaa, 0x4, 0x0, 0x0, 0x0,
    0x0, 0x10, 0x72, 0x0, 0x0, 0xb0, 0xf5, 0x10,
    0x0, 0x0, 0x0, 0x0, 0x0, 0x0, 0x0, 0x0,
    0x1, 0xf2, 0xb7, 0x0, 0x0, 0x0, 0x0, 0x0,
    0x0, 0x0, 0x0, 0x0, 0xf, 0xff, 0x97, 0x0,
    0x0, 0x0, 0x0, 0xc, 0xc, 0xc, 0xc, 0x1,
    0x10, 0xff, 0x97, 0x0, 0x0, 0x0, 0xc, 0xff,
    0xff, 0xff, 0xff, 0x18, 0x1, 0xf2, 0xb6, 0x0,
    0x0, 0x0, 0x2, 0x3c, 0x3c, 0x97, 0xff, 0x18,
    0x0, 0xb1, 0xf5, 0x10, 0x0, 0x0, 0x0, 0x0,
    0x0, 0x78, 0xff, 0x18, 0x0, 0x3c, 0xfd, 0xa9,
    0x4, 0x0, 0x0, 0x0, 0x0, 0x78, 0xff, 0x18,
    0x0, 0x0, 0x6f, 0xfd, 0xd6, 0x79, 0x56, 0x5d,
    0x81, 0xdf, 0xf0, 0x10, 0x0, 0x0, 0x0, 0x37,
    0xa7, 0xe4, 0xfa, 0xf2, 0xcc, 0x7f, 0x16, 0x0,

    /* U+0048 "H" */
    0x6c, 0xff, 0x28, 0x0, 0x0, 0x0, 0x0, 0x1c,
    0xff, 0x78, 0x6c, 0xff, 0x28, 0x0, 0x0, 0x0,
    0x0, 0x1c, 0xff, 0x78, 0x6c, 0xff, 0x28, 0x0,
    0x0, 0x0, 0x0, 0x1c, 0xff, 0x78, 0x6c, 0xff,
    0x28, 0x0, 0x0, 0x0, 0x0, 0x1c, 0xff, 0x78,
    0x6c, 0xff, 0x35, 0x10, 0x10, 0x10, 0x10, 0x2a,
    0xff, 0x78, 0x6c, 0xff, 0xff, 0xff, 0xff, 0xff,
    0xff, 0xff, 0xff, 0x78, 0x6c, 0xff, 0x5e, 0x40,
    0x40, 0x40, 0x40, 0x55, 0xff, 0x78, 0x6c, 0xff,
    0x28, 0x0, 0x0, 0x0, 0x0, 0x1c, 0xff, 0x78,
    0x6c, 0xff, 0x28, 0x0, 0x0, 0x0, 0x0, 0x1c,
    0xff, 0x78, 0x6c, 0xff, 0x28, 0x0, 0x0, 0x0,
    0x0, 0x1c, 0xff, 0x78, 0x6c, 0xff, 0x28, 0x0,
    0x0, 0x0, 0x0, 0x1c, 0xff, 0x78, 0x6c, 0xff,
    0x28, 0x0, 0x0, 0x0, 0x0, 0x1c, 0xff, 0x78,

    /* U+0049 "I" */
    0x6c, 0xff, 0x28, 0x6c, 0xff, 0x28, 0x6c, 0xff,
    0x28, 0x6c, 0xff, 0x28, 0x6c, 0xff, 0x28, 0x6c,
    0xff, 0x28, 0x6c, 0xff, 0x28, 0x6c, 0xff, 0x28,
    0x6c, 0xff, 0x28, 0x6c, 0xff, 0x28, 0x6c, 0xff,
    0x28, 0x6c, 0xff, 0x28,

    /* U+004A "J" */
    0x0, 0x0, 0x6c, 0xff, 0x28, 0x0, 0x0, 0x6c,
    0xff, 0x28, 0x0, 0x0, 0x6c, 0xff, 0x28, 0x0,
    0x0, 0x6c, 0xff, 0x28, 0x0, 0x0, 0x6c, 0xff,
    0x28, 0x0, 0x0, 0x6c, 0xff, 0x28, 0x0, 0x0,
    0x6c, 0xff, 0x28, 0x0, 0x0, 0x6c, 0xff, 0x28,
    0x0, 0x0, 0x6c, 0xff, 0x28, 0x0, 0x0, 0x6c,
    0xff, 0x28, 0x0, 0x0, 0x6c, 0xff, 0x27, 0x0,
    0x0, 0x78, 0xff, 0x20, 0x0, 0x0, 0xa4, 0xf9,
    0x6, 0x4b, 0x89, 0xfb, 0xa6, 0x0, 0xd2, 0xe3,
    0x98, 0xd, 0x0,

    /* U+004B "K" */
    0x6c, 0xff, 0x28, 0x0, 0x0, 0x0, 0x32, 0xed,
    0xd1, 0x15, 0x6c, 0xff, 0x28, 0x0, 0x0, 0x37,
    0xef, 0xcb, 0x12, 0x0, 0x6c, 0xff, 0x28, 0x0,
    0x3d, 0xf2, 0xc5, 0xf, 0x0, 0x0, 0x6c, 0xff,
    0x28, 0x42, 0xf4, 0xbf, 0xc, 0x0, 0x0, 0x0,
    0x6c, 0xff, 0x70, 0xf7, 0xb8, 0x9, 0x0, 0x0,
    0x0, 0x0, 0x6c, 0xff, 0xff, 0xdc, 0x7, 0x0,
    0x0, 0x0, 0x0, 0x0, 0x6c, 0xff, 0xb4, 0xff,
    0x80, 0x0, 0x0, 0x0, 0x0, 0x0, 0x6c, 0xff,
    0x29, 0x9a, 0xff, 0x78, 0x0, 0x0, 0x0, 0x0,
    0x6c, 0xff, 0x28, 0x1, 0xa1, 0xff, 0x70, 0x0,
    0x0, 0x0, 0x6c, 0xff, 0x28, 0x0, 0x3, 0xa8,
    0xff, 0x68, 0x0, 0x0, 0x6c, 0xff, 0x28, 0x0,
    0x0, 0x4, 0xaf, 0xfe, 0x61, 0x0, 0x6c, 0xff,
    0x28, 0x0, 0x0, 0x0, 0x6, 0xb5, 0xfd, 0x5a,

    /* U+004C "L" */
    0x6c, 0xff, 0x28, 0x0, 0x0, 0x0, 0x0, 0x0,
    0x6c, 0xff, 0x28, 0x0, 0x0, 0x0, 0x0, 0x0,
    0x6c, 0xff, 0x28, 0x0, 0x0, 0x0, 0x0, 0x0,
    0x6c, 0xff, 0x28, 0x0, 0x0, 0x0, 0x0, 0x0,
    0x6c, 0xff, 0x28, 0x0, 0x0, 0x0, 0x0, 0x0,
    0x6c, 0xff, 0x28, 0x0, 0x0, 0x0, 0x0, 0x0,
    0x6c, 0xff, 0x28, 0x0, 0x0, 0x0, 0x0, 0x0,
    0x6c, 0xff, 0x28, 0x0, 0x0, 0x0, 0x0, 0x0,
    0x6c, 0xff, 0x28, 0x0, 0x0, 0x0, 0x0, 0x0,
    0x6c, 0xff, 0x28, 0x0, 0x0, 0x0, 0x0, 0x0,
    0x6c, 0xff, 0x6e, 0x54, 0x54, 0x54, 0x54, 0x45,
    0x6c, 0xff, 0xff, 0xff, 0xff, 0xff, 0xff, 0xd4,

    /* U+004D "M" */
    0x6c, 0xff, 0xfd, 0x1c, 0x0, 0x0, 0x0, 0x0,
    0x4b, 0xff, 0xff, 0x40, 0x6c, 0xff, 0xf2, 0x78,
    0x0, 0x0, 0x0, 0x0, 0xa9, 0xf2, 0xff, 0x40,
    0x6c, 0xff, 0xa0, 0xd5, 0x0, 0x0, 0x0, 0xf,
    0xf7, 0x9f, 0xff, 0x40, 0x6c, 0xff, 0x42, 0xff,
    0x33, 0x0, 0x0, 0x64, 0xee, 0x53, 0xff, 0x40,
    0x6c, 0xff, 0x1c, 0xc9, 0x91, 0x0, 0x0, 0xc2,
    0x98, 0x4c, 0xff, 0x40, 0x6c, 0xff, 0x1c, 0x6c,
    0xea, 0x4, 0x20, 0xfe, 0x3b, 0x4c, 0xff, 0x40,
    0x6c, 0xff, 0x1c, 0x13, 0xfa, 0x4c, 0x7d, 0xdd,
    0x0, 0x4c, 0xff, 0x40, 0x6c, 0xff, 0x1c, 0x0,
    0xb1, 0xaa, 0xda, 0x80, 0x0, 0x4c, 0xff, 0x40,
    0x6c, 0xff, 0x1c, 0x0, 0x53, 0xfd, 0xff, 0x23,
    0x0, 0x4c, 0xff, 0x40, 0x6c, 0xff, 0x1c, 0x0,
    0x7, 0xab, 0x91, 0x0, 0x0, 0x4c, 0xff, 0x40,
    0x6c, 0xff, 0x1c, 0x0, 0x0, 0x0, 0x0, 0x0,
    0x0, 0x4c, 0xff, 0x40, 0x6c, 0xff, 0x1c, 0x0,
    0x0, 0x0, 0x0, 0x0, 0x0, 0x4c, 0xff, 0x40,

    /* U+004E "N" */
    0x6c, 0xff, 0xe9, 0xb, 0x0, 0x0, 0x0, 0x20,
    0xff, 0x68, 0x6c, 0xff, 0xff, 0x79, 0x0, 0x0,
    0x0, 0x20, 0xff, 0x68, 0x6c, 0xff, 0xba, 0xee,
    0xf, 0x0, 0x0, 0x20, 0xff, 0x68, 0x6c, 0xff,
    0x3c, 0xf9, 0x81, 0x0, 0x0, 0x20, 0xff, 0x68,
    0x6c, 0xff, 0x1c, 0x96, 0xf2, 0x13, 0x0, 0x20,
    0xff, 0x68, 0x6c, 0xff, 0x1c, 0x1a, 0xf7, 0x89,
    0x0, 0x20, 0xff, 0x68, 0x6c, 0xff, 0x1c, 0x0,
    0x8e, 0xf5, 0x17, 0x20, 0xff, 0x68, 0x6c, 0xff,
    0x1c, 0x0, 0x15, 0xf4, 0x91, 0x20, 0xff, 0x68,
    0x6c, 0xff, 0x1c, 0x0, 0x0, 0x86, 0xf8, 0x3c,
    0xff, 0x68, 0x6c, 0xff, 0x1c, 0x0, 0x0, 0x11,
    0xf0, 0xb9, 0xff, 0x68, 0x6c, 0xff, 0x1c, 0x0,
    0x0, 0x0, 0x7e, 0xff, 0xff, 0x68, 0x6c, 0xff,
    0x1c, 0x0, 0x0, 0x0, 0xd, 0xec, 0xff, 0x68,

    /* U+004F "O" */
    0x0, 0x0, 0x0, 0x41, 0xb4, 0xec, 0xf9, 0xdd,
    0x90, 0x16, 0x0, 0x0, 0x0, 0x0, 0x72, 0xff,
    0xc8, 0x68, 0x53, 0x81, 0xee, 0xe5, 0x27, 0x0,
    0x0, 0x3a, 0xfd, 0xaa, 0x2, 0x0, 0x0, 0x0,
    0x23, 0xf0, 0xd1, 0x2, 0x0, 0xaf, 0xf7, 0x13,
    0x0, 0x0, 0x0, 0x0, 0x0, 0x7f, 0xff, 0x4b,
    0x1, 0xf1, 0xb8, 0x0, 0x0, 0x0, 0x0, 0x0,
    0x0, 0x29, 0xff, 0x8d, 0xf, 0xff, 0x97, 0x0,
    0x0, 0x0, 0x0, 0x0, 0x0, 0x9, 0xff, 0xaa,
    0x10, 0xff, 0x97, 0x0, 0x0, 0x0, 0x0, 0x0,
    0x0, 0x9, 0xff, 0xaa, 0x1, 0xf2, 0xb8, 0x0,
    0x0, 0x0, 0x0, 0x0, 0x0, 0x29, 0xff, 0x8d,
    0x0, 0xb0, 0xf6, 0x12, 0x0, 0x0, 0x0, 0x0,
    0x0, 0x7e, 0xff, 0x4b, 0x0, 0x3c, 0xfe, 0xa7,
    0x2, 0x0, 0x0, 0x0, 0x21, 0xef, 0xd2, 0x2,
    0x0, 0x0, 0x76, 0xff, 0xc6, 0x66, 0x52, 0x80,
    0xed, 0xe7, 0x29, 0x0, 0x0, 0x0, 0x0, 0x43,
    0xb6, 0xed, 0xf9, 0xde, 0x91, 0x18, 0x0, 0x0,

    /* U+0050 "P" */
    0x6c, 0xff, 0xff, 0xff, 0xf3, 0xcf, 0x68, 0x3,
    0x0, 0x6c, 0xff, 0x68, 0x4c, 0x5b, 0xb4, 0xff,
    0x88, 0x0, 0x6c, 0xff, 0x28, 0x0, 0x0, 0x2,
    0xd2, 0xf3, 0x3, 0x6c, 0xff, 0x28, 0x0, 0x0,
    0x0, 0x9a, 0xff, 0x16, 0x6c, 0xff, 0x28, 0x0,
    0x0, 0x0, 0xbb, 0xfb, 0x8, 0x6c, 0xff, 0x32,
    0xc, 0x1a, 0x76, 0xff, 0xaf, 0x0, 0x6c, 0xff,
    0xff, 0xff, 0xff, 0xfe, 0xa8, 0x14, 0x0, 0x6c,
    0xff, 0x5a, 0x3c, 0x2f, 0xe, 0x0, 0x0, 0x0,
    0x6c, 0xff, 0x28, 0x0, 0x0, 0x0, 0x0, 0x0,
    0x0, 0x6c, 0xff, 0x28, 0x0, 0x0, 0x0, 0x0,
    0x0, 0x0, 0x6c, 0xff, 0x28, 0x0, 0x0, 0x0,
    0x0, 0x0, 0x0, 0x6c, 0xff, 0x28, 0x0, 0x0,
    0x0, 0x0, 0x0, 0x0,

    /* U+0051 "Q" */
    0x0, 0x0, 0x0, 0x41, 0xb4, 0xec, 0xf9, 0xdd,
    0x8f, 0x15, 0x0, 0x0, 0x0, 0x0, 0x72, 0xff,
    0xc8, 0x68, 0x53, 0x81, 0xee, 0xe3, 0x25, 0x0,
    0x0, 0x3a, 0xfd, 0xaa, 0x2, 0x0, 0x0, 0x0,
    0x23, 0xf0, 0xcd, 0x1, 0x0, 0xaf, 0xf7, 0x13,
    0x0, 0x0, 0x0, 0x0, 0x0, 0x80, 0xff, 0x46,
    0x1, 0xf1, 0xb9, 0x0, 0x0, 0x0, 0x0, 0x0,
    0x0, 0x2a, 0xff, 0x8a, 0xf, 0xff, 0x97, 0x0,
    0x0, 0x0, 0x0, 0x0, 0x0, 0xa, 0xff, 0xa9,
    0x10, 0xff, 0x97, 0x0, 0x0, 0x0, 0x0, 0x0,
    0x0, 0x9, 0xfe, 0xa7, 0x1, 0xf2, 0xb8, 0x0,
    0x0, 0x0, 0x0, 0x0, 0x0, 0x29, 0xff, 0x8c,
    0x0, 0xb0, 0xf6, 0x12, 0x0, 0x0, 0x0, 0x0,
    0x0, 0x7e, 0xff, 0x4b, 0x0, 0x3c, 0xfe, 0xa6,
    0x1, 0x0, 0x0, 0x0, 0x21, 0xef, 0xdd, 0x3,
    0x0, 0x0, 0x75, 0xff, 0xc4, 0x62, 0x4e, 0x7c,
    0xec, 0xf3, 0x31, 0x0, 0x0, 0x0, 0x0, 0x43,
    0xb6, 0xed, 0xff, 0xff, 0xd3, 0x21, 0x0, 0x0,
    0x0, 0x0, 0x0, 0x0, 0x0, 0x0, 0x0, 0x9a,
    0xf8, 0x40, 0x0, 0x0, 0x0, 0x0, 0x0, 0x0,
    0x0, 0x0, 0x0, 0x4, 0xb9, 0xf1, 0x31, 0x0,

    /* U+0052 "R" */
    0x6c, 0xff, 0xff, 0xff, 0xfa, 0xdc, 0x83, 0x7,
    0x0, 0x0, 0x6c, 0xff, 0x68, 0x4c, 0x5a, 0xad,
    0xff, 0x8f, 0x0, 0x0, 0x6c, 0xff, 0x28, 0x0,
    0x0, 0x1, 0xce, 0xf3, 0x0, 0x0, 0x6c, 0xff,
    0x28, 0x0, 0x0, 0x0, 0x99, 0xff, 0x12, 0x0,
    0x6c, 0xff, 0x28, 0x0, 0x0, 0x0, 0xb8, 0xed,
    0x1, 0x0, 0x6c, 0xff, 0x32, 0xc, 0x19, 0x6e,
    0xfe, 0x68, 0x0, 0x0, 0x6c, 0xff, 0xff, 0xff,
    0xff, 0xff, 0x90, 0x0, 0x0, 0x0, 0x6c, 0xff,
    0x5a, 0x3c, 0x51, 0xc3, 0xff, 0x5a, 0x0, 0x0,
    0x6c, 0xff, 0x28, 0x0, 0x0, 0xa, 0xde, 0xe6,
    0xa, 0x0, 0x6c, 0xff, 0x28, 0x0, 0x0, 0x0,
    0x54, 0xff, 0x70, 0x0, 0x6c, 0xff, 0x28, 0x0,
    0x0, 0x0, 0x1, 0xce, 0xe5, 0x7, 0x6c, 0xff,
    0x28, 0x0, 0x0, 0x0, 0x0, 0x4a, 0xff, 0x69,

    /* U+0053 "S" */
    0x0, 0x49, 0xbf, 0xe9, 0xf6, 0xde, 0xab, 0x44,
    0x0, 0x62, 0xff, 0xc0, 0x65, 0x56, 0x77, 0xbf,
    0x8e, 0x0, 0xd4, 0xd3, 0x3, 0x0, 0x0, 0x0,
    0x0, 0x6, 0x0, 0xe4, 0xb4, 0x0, 0x0, 0x0,
    0x0, 0x0, 0x0, 0x0, 0xab, 0xfb, 0x73, 0x1c,
    0x0, 0x0, 0x0, 0x0, 0x0, 0x1b, 0xc2, 0xff,
    0xff, 0xe3, 0xa0, 0x41, 0x0, 0x0, 0x0, 0x0,
    0x2f, 0x76, 0xb0, 0xf3, 0xff, 0x79, 0x0, 0x0,
    0x0, 0x0, 0x0, 0x0, 0x13, 0xcb, 0xfb, 0x13,
    0x0, 0x0, 0x0, 0x0, 0x0, 0x0, 0x6d, 0xff,
    0x3a, 0x29, 0x0, 0x0, 0x0, 0x0, 0x0, 0x9d,
    0xff, 0x23, 0xe3, 0xc5, 0x73, 0x52, 0x5e, 0xa5,
    0xff, 0xb0, 0x0, 0x56, 0xa8, 0xdd, 0xf7, 0xf6,
    0xd2, 0x7c, 0x8, 0x0,

    /* U+0054 "T" */
    0xc, 0xff, 0xff, 0xff, 0xff, 0xff, 0xff, 0xff,
    0xff, 0xff, 0xd4, 0x3, 0x54, 0x54, 0x54, 0x54,
    0xef, 0xca, 0x54, 0x54, 0x54, 0x45, 0x0, 0x0,
    0x0, 0x0, 0x0, 0xe8, 0xb0, 0x0, 0x0, 0x0,
    0x0, 0x0, 0x0, 0x0, 0x0, 0x0, 0xe8, 0xb0,
    0x0, 0x0, 0x0, 0x0, 0x0, 0x0, 0x0, 0x0,
    0x0, 0xe8, 0xb0, 0x0, 0x0, 0x0, 0x0, 0x0,
    0x0, 0x0, 0x0, 0x0, 0xe8, 0xb0, 0x0, 0x0,
    0x0, 0x0, 0x0, 0x0, 0x0, 0x0, 0x0, 0xe8,
    0xb0, 0x0, 0x0, 0x0, 0x0, 0x0, 0x0, 0x0,
    0x0, 0x0, 0xe8, 0xb0, 0x0, 0x0, 0x0, 0x0,
    0x0, 0x0, 0x0, 0x0, 0x0, 0xe8, 0xb0, 0x0,
    0x0, 0x0, 0x0, 0x0, 0x0, 0x0, 0x0, 0x0,
    0xe8, 0xb0, 0x0, 0x0, 0x0, 0x0, 0x0, 0x0,
    0x0, 0x0, 0x0, 0xe8, 0xb0, 0x0, 0x0, 0x0,
    0x0, 0x0, 0x0, 0x0, 0x0, 0x0, 0xe8, 0xb0,
    0x0, 0x0, 0x0, 0x0,

    /* U+0055 "U" */
    0x9c, 0xfc, 0x0, 0x0, 0x0, 0x0, 0x0, 0x44,
    0xff, 0x54, 0x9c, 0xfc, 0x0, 0x0, 0x0, 0x0,
    0x0, 0x44, 0xff, 0x54, 0x9c, 0xfc, 0x0, 0x0,
    0x0, 0x0, 0x0, 0x44, 0xff, 0x54, 0x9c, 0xfc,
    0x0, 0x0, 0x0, 0x0, 0x0, 0x44, 0xff, 0x54,
    0x9c, 0xfc, 0x0, 0x0, 0x0, 0x0, 0x0, 0x44,
    0xff, 0x54, 0x9c, 0xfc, 0x0, 0x0, 0x0, 0x0,
    0x0, 0x44, 0xff, 0x54, 0x9c, 0xfc, 0x0, 0x0,
    0x0, 0x0, 0x0, 0x44, 0xff, 0x54, 0x98, 0xfe,
    0x1, 0x0, 0x0, 0x0, 0x0, 0x48, 0xff, 0x50,
    0x82, 0xff, 0x1b, 0x0, 0x0, 0x0, 0x0, 0x65,
    0xff, 0x38, 0x41, 0xff, 0x74, 0x0, 0x0, 0x0,
    0x1, 0xbd, 0xef, 0x8, 0x0, 0xb6, 0xfd, 0x97,
    0x5a, 0x65, 0xbd, 0xff, 0x6c, 0x0, 0x0, 0x7,
    0x80, 0xd8, 0xf9, 0xf4, 0xc6, 0x56, 0x0, 0x0,

    /* U+0056 "V" */
    0xb1, 0xee, 0x7, 0x0, 0x0, 0x0, 0x0, 0x0,
    0xd, 0xf5, 0xa0, 0x52, 0xff, 0x53, 0x0, 0x0,
    0x0, 0x0, 0x0, 0x61, 0xff, 0x41, 0x6, 0xec,
    0xb1, 0x0, 0x0, 0x0, 0x0, 0x0, 0xbf, 0xe1,
    0x1, 0x0, 0x94, 0xfa, 0x14, 0x0, 0x0, 0x0,
    0x1e, 0xfe, 0x84, 0x0, 0x0, 0x35, 0xff, 0x6b,
    0x0, 0x0, 0x0, 0x7a, 0xff, 0x26, 0x0, 0x0,
    0x0, 0xd5, 0xc9, 0x0, 0x0, 0x0, 0xd7, 0xc6,
    0x0, 0x0, 0x0, 0x0, 0x77, 0xff, 0x26, 0x0,
    0x36, 0xff, 0x68, 0x0, 0x0, 0x0, 0x0, 0x1b,
    0xfd, 0x84, 0x0, 0x94, 0xf8, 0x11, 0x0, 0x0,
    0x0, 0x0, 0x0, 0xb9, 0xe0, 0x6, 0xeb, 0xaa,
    0x0, 0x0, 0x0, 0x0, 0x0, 0x0, 0x5a, 0xff,
    0x8d, 0xff, 0x4c, 0x0, 0x0, 0x0, 0x0, 0x0,
    0x0, 0x9, 0xf1, 0xfe, 0xe9, 0x4, 0x0, 0x0,
    0x0, 0x0, 0x0, 0x0, 0x0, 0x9c, 0xff, 0x8f,
    0x0, 0x0, 0x0, 0x0,

    /* U+0057 "W" */
    0x59, 0xff, 0x3e, 0x0, 0x0, 0x0, 0x17, 0xff,
    0xe9, 0x0, 0x0, 0x0, 0x0, 0x6b, 0xff, 0x2c,
    0x1a, 0xff, 0x7c, 0x0, 0x0, 0x0, 0x55, 0xf5,
    0xff, 0x28, 0x0, 0x0, 0x0, 0xa9, 0xec, 0x1,
    0x0, 0xdd, 0xba, 0x0, 0x0, 0x0, 0x93, 0xb3,
    0xdc, 0x66, 0x0, 0x0, 0x0, 0xe6, 0xaf, 0x0,
    0x0, 0x9e, 0xf3, 0x4, 0x0, 0x0, 0xd1, 0x76,
    0xa0, 0xa4, 0x0, 0x0, 0x25, 0xff, 0x71, 0x0,
    0x0, 0x60, 0xff, 0x36, 0x0, 0x10, 0xfd, 0x39,
    0x63, 0xe2, 0x0, 0x0, 0x63, 0xff, 0x33, 0x0,
    0x0, 0x22, 0xff, 0x74, 0x0, 0x4d, 0xf6, 0x6,
    0x26, 0xff, 0x20, 0x0, 0xa1, 0xf1, 0x3, 0x0,
    0x0, 0x0, 0xe3, 0xb2, 0x0, 0x8b, 0xbf, 0x0,
    0x0, 0xe9, 0x5e, 0x0, 0xdf, 0xb6, 0x0, 0x0,
    0x0, 0x0, 0xa5, 0xee, 0x1, 0xc9, 0x82, 0x0,
    0x0, 0xad, 0x9c, 0x1c, 0xff, 0x78, 0x0, 0x0,
    0x0, 0x0, 0x67, 0xff, 0x39, 0xfb, 0x45, 0x0,
    0x0, 0x70, 0xda, 0x5b, 0xff, 0x39, 0x0, 0x0,
    0x0, 0x0, 0x28, 0xff, 0xb1, 0xfc, 0xc, 0x0,
    0x0, 0x34, 0xff, 0xb1, 0xf5, 0x5, 0x0, 0x0,
    0x0, 0x0, 0x0, 0xe9, 0xfe, 0xcb, 0x0, 0x0,
    0x0, 0x3, 0xf3, 0xfe, 0xbd, 0x0, 0x0, 0x0,
    0x0, 0x0, 0x0, 0xab, 0xff, 0x8e, 0x0, 0x0,
    0x0, 0x0, 0xba, 0xff, 0x7f, 0x0, 0x0, 0x0,

    /* U+0058 "X" */
    0x0, 0xaa, 0xee, 0x18, 0x0, 0x0, 0x0, 0x3,
    0xcc, 0xdb, 0x9, 0x0, 0x16, 0xed, 0xae, 0x0,
    0x0, 0x0, 0x77, 0xfe, 0x3f, 0x0, 0x0, 0x0,
    0x5e, 0xff, 0x55, 0x0, 0x26, 0xf7, 0x97, 0x0,
    0x0, 0x0, 0x0, 0x0, 0xb7, 0xe9, 0x15, 0xc3,
    0xe2, 0xe, 0x0, 0x0, 0x0, 0x0, 0x0, 0x1e,
    0xf3, 0xdd, 0xff, 0x4a, 0x0, 0x0, 0x0, 0x0,
    0x0, 0x0, 0x0, 0x87, 0xff, 0xad, 0x0, 0x0,
    0x0, 0x0, 0x0, 0x0, 0x0, 0xe, 0xe4, 0xfe,
    0xe2, 0xd, 0x0, 0x0, 0x0, 0x0, 0x0, 0x0,
    0x99, 0xf5, 0x49, 0xf8, 0x94, 0x0, 0x0, 0x0,
    0x0, 0x0, 0x3f, 0xfe, 0x71, 0x0, 0x7c, 0xfe,
    0x3a, 0x0, 0x0, 0x0, 0x9, 0xdb, 0xc9, 0x2,
    0x0, 0x5, 0xd2, 0xd6, 0x6, 0x0, 0x0, 0x8b,
    0xfa, 0x2d, 0x0, 0x0, 0x0, 0x35, 0xfd, 0x81,
    0x0, 0x34, 0xfc, 0x82, 0x0, 0x0, 0x0, 0x0,
    0x0, 0x8e, 0xf9, 0x2b,

    /* U+0059 "Y" */
    0x0, 0xb4, 0xea, 0x14, 0x0, 0x0, 0x0, 0x0,
    0x39, 0xfd, 0x7b, 0x0, 0x1b, 0xf0, 0xa7, 0x0,
    0x0, 0x0, 0x7, 0xd6, 0xce, 0x4, 0x0, 0x0,
    0x64, 0xff, 0x4e, 0x0, 0x0, 0x84, 0xfb, 0x30,
    0x0, 0x0, 0x0, 0x0, 0xbb, 0xe6, 0x10, 0x2e,
    0xfa, 0x83, 0x0, 0x0, 0x0, 0x0, 0x0, 0x20,
    0xf3, 0xa1, 0xcb, 0xd4, 0x6, 0x0, 0x0, 0x0,
    0x0, 0x0, 0x0, 0x6c, 0xff, 0xfc, 0x36, 0x0,
    0x0, 0x0, 0x0, 0x0, 0x0, 0x0, 0x1, 0xed,
    0xb6, 0x0, 0x0, 0x0, 0x0, 0x0, 0x0, 0x0,
    0x0, 0x0, 0xe8, 0xb0, 0x0, 0x0, 0x0, 0x0,
    0x0, 0x0, 0x0, 0x0, 0x0, 0xe8, 0xb0, 0x0,
    0x0, 0x0, 0x0, 0x0, 0x0, 0x0, 0x0, 0x0,
    0xe8, 0xb0, 0x0, 0x0, 0x0, 0x0, 0x0, 0x0,
    0x0, 0x0, 0x0, 0xe8, 0xb0, 0x0, 0x0, 0x0,
    0x0, 0x0, 0x0, 0x0, 0x0, 0x0, 0xe8, 0xb0,
    0x0, 0x0, 0x0, 0x0,

    /* U+005A "Z" */
    0x18, 0xff, 0xff, 0xff, 0xff, 0xff, 0xff, 0xff,
    0xff, 0xff, 0x10, 0x7, 0x54, 0x54, 0x54, 0x54,
    0x54, 0x54, 0x72, 0xfe, 0xcc, 0x3, 0x0, 0x0,
    0x0, 0x0, 0x0, 0x0, 0x7, 0xca, 0xed, 0x20,
    0x0, 0x0, 0x0, 0x0, 0x0, 0x0, 0x0, 0x99,
    0xfd, 0x47, 0x0, 0x0, 0x0, 0x0, 0x0, 0x0,
    0x0, 0x60, 0xff, 0x7e, 0x0, 0x0, 0x0, 0x0,
    0x0, 0x0, 0x0, 0x30, 0xf7, 0xb5, 0x1, 0x0,
    0x0, 0x0, 0x0, 0x0, 0x0, 0x11, 0xde, 0xde,
    0x11, 0x0, 0x0, 0x0, 0x0, 0x0, 0x0, 0x1,
    0xb4, 0xf7, 0x31, 0x0, 0x0, 0x0, 0x0, 0x0,
    0x0, 0x0, 0x7e, 0xff, 0x60, 0x0, 0x0, 0x0,
    0x0, 0x0, 0x0, 0x0, 0x48, 0xfd, 0x99, 0x0,
    0x0, 0x0, 0x0, 0x0, 0x0, 0x0, 0x1b, 0xed,
    0xf0, 0x5b, 0x54, 0x54, 0x54, 0x54, 0x54, 0x54,
    0x15, 0x48, 0xff, 0xff, 0xff, 0xff, 0xff, 0xff,
    0xff, 0xff, 0xff, 0x40,

    /* U+005B "[" */
    0xa0, 0xff, 0xff, 0xb0, 0xa0, 0xd6, 0x20, 0x16,
    0xa0, 0xd0, 0x0, 0x0, 0xa0, 0xd0, 0x0, 0x0,
    0xa0, 0xd0, 0x0, 0x0, 0xa0, 0xd0, 0x0, 0x0,
    0xa0, 0xd0, 0x0, 0x0, 0xa0, 0xd0, 0x0, 0x0,
    0xa0, 0xd0, 0x0, 0x0, 0xa0, 0xd0, 0x0, 0x0,
    0xa0, 0xd0, 0x0, 0x0, 0xa0, 0xd0, 0x0, 0x0,
    0xa0, 0xd0, 0x0, 0x0, 0xa0, 0xfd, 0xf4, 0xa7,
    0x16, 0x24, 0x24, 0x18,

    /* U+005C "\\" */
    0xd8, 0x7b, 0x0, 0x0, 0x0, 0x0, 0x89, 0xcb,
    0x0, 0x0, 0x0, 0x0, 0x39, 0xff, 0x1c, 0x0,
    0x0, 0x0, 0x1, 0xe6, 0x6b, 0x0, 0x0, 0x0,
    0x0, 0x99, 0xbb, 0x0, 0x0, 0x0, 0x0, 0x49,
    0xfa, 0x10, 0x0, 0x0, 0x0, 0x6, 0xf1, 0x5b,
    0x0, 0x0, 0x0, 0x0, 0xa9, 0xab, 0x0, 0x0,
    0x0, 0x0, 0x59, 0xf3, 0x7, 0x0, 0x0, 0x0,
    0xe, 0xf9, 0x4b, 0x0, 0x0, 0x0, 0x0, 0xb9,
    0x9b, 0x0, 0x0, 0x0, 0x0, 0x69, 0xe9, 0x2,
    0x0, 0x0, 0x0, 0x1a, 0xfe, 0x3b,

    /* U+005D "]" */
    0x70, 0xff, 0xff, 0xe0, 0xe, 0x20, 0xa1, 0xe0,
    0x0, 0x0, 0x94, 0xe0, 0x0, 0x0, 0x94, 0xe0,
    0x0, 0x0, 0x94, 0xe0, 0x0, 0x0, 0x94, 0xe0,
    0x0, 0x0, 0x94, 0xe0, 0x0, 0x0, 0x94, 0xe0,
    0x0, 0x0, 0x94, 0xe0, 0x0, 0x0, 0x94, 0xe0,
    0x0, 0x0, 0x94, 0xe0, 0x0, 0x0, 0x94, 0xe0,
    0x0, 0x0, 0x94, 0xe0, 0x6a, 0xf4, 0xfa, 0xe0,
    0xf, 0x24, 0x24, 0x1f,

    /* U+005E "^" */
    0x0, 0x0, 0x0, 0x0, 0x26, 0x80, 0x5a, 0x0,
    0x0, 0x0, 0x0, 0x0, 0x0, 0x0, 0x1e, 0xe2,
    0xf6, 0xff, 0x69, 0x0, 0x0, 0x0, 0x0, 0x0,
    0x17, 0xda, 0xd8, 0x1e, 0x8d, 0xfe, 0x5c, 0x0,
    0x0, 0x0, 0x11, 0xd1, 0xcd, 0x15, 0x0, 0x0,
    0x7b, 0xfb, 0x50, 0x0, 0xb, 0xc7, 0xc0, 0xe,
    0x0, 0x0, 0x0, 0x0, 0x68, 0xf6, 0x45,

    /* U+005F "_" */
    0x26, 0xf8, 0xf8, 0xf8, 0xf8, 0xf8, 0xf8, 0xf8,
    0xf8, 0x26, 0x5, 0x24, 0x24, 0x24, 0x24, 0x24,
    0x24, 0x24, 0x24, 0x5,

    /* U+0060 "`" */
    0x44, 0xf8, 0x40, 0x0, 0x0, 0x0, 0x66, 0xe4,
    0x14, 0x0, 0x0, 0x0, 0x8d, 0xb4, 0x1,

    /* U+0061 "a" */
    0x0, 0x2c, 0xa7, 0xe1, 0xf8, 0xdd, 0x93, 0xf,
    0x0, 0x0, 0x4b, 0x86, 0x52, 0x3f, 0x60, 0xd9,
    0xc4, 0x0, 0x0, 0x0, 0x0, 0x0, 0x0, 0x0,
    0x30, 0xff, 0x2d, 0x0, 0x5, 0x72, 0xcd, 0xeb,
    0xf8, 0xf8, 0xff, 0x54, 0x0, 0x8f, 0xf6, 0x6f,
    0x36, 0x29, 0x3c, 0xff, 0x5c, 0x0, 0xeb, 0x88,
    0x0, 0x0, 0x0, 0x34, 0xff, 0x5c, 0x1, 0xf5,
    0x78, 0x0, 0x0, 0x0, 0x8a, 0xff, 0x5c, 0x0,
    0xb0, 0xdd, 0x2a, 0xc, 0x63, 0xe8, 0xff, 0x5c,
    0x0, 0x17, 0xaa, 0xef, 0xf2, 0xb6, 0x3b, 0xff,
    0x5c,

    /* U+0062 "b" */
    0x8c, 0xe8, 0x0, 0x0, 0x0, 0x0, 0x0, 0x0,
    0x0, 0x8c, 0xe8, 0x0, 0x0, 0x0, 0x0, 0x0,
    0x0, 0x0, 0x8c, 0xe8, 0x0, 0x0, 0x0, 0x0,
    0x0, 0x0, 0x0, 0x8c, 0xe8, 0x38, 0xc9, 0xf8,
    0xe2, 0x73, 0x0, 0x0, 0x8c, 0xf4, 0xe2, 0x6b,
    0x43, 0x94, 0xff, 0x68, 0x0, 0x8c, 0xff, 0x5a,
    0x0, 0x0, 0x0, 0xa9, 0xe7, 0x4, 0x8c, 0xfe,
    0x7, 0x0, 0x0, 0x0, 0x53, 0xff, 0x24, 0x8c,
    0xef, 0x0, 0x0, 0x0, 0x0, 0x3c, 0xff, 0x3f,
    0x8c, 0xfe, 0x8, 0x0, 0x0, 0x0, 0x53, 0xff,
    0x24, 0x8c, 0xff, 0x5c, 0x0, 0x0, 0x0, 0xab,
    0xe6, 0x4, 0x8c, 0xf4, 0xe2, 0x6e, 0x46, 0x97,
    0xff, 0x67, 0x0, 0x8c, 0xe8, 0x37, 0xc9, 0xf8,
    0xe3, 0x73, 0x0, 0x0,

    /* U+0063 "c" */
    0x0, 0x0, 0x2e, 0xaf, 0xed, 0xf7, 0xd9, 0x79,
    0x0, 0x33, 0xf5, 0xd2, 0x5e, 0x42, 0x67, 0x95,
    0x0, 0xbe, 0xe5, 0xb, 0x0, 0x0, 0x0, 0x0,
    0x7, 0xfc, 0x8b, 0x0, 0x0, 0x0, 0x0, 0x0,
    0x17, 0xff, 0x70, 0x0, 0x0, 0x0, 0x0, 0x0,
    0x7, 0xfb, 0x8c, 0x0, 0x0, 0x0, 0x0, 0x0,
    0x0, 0xbd, 0xe6, 0xc, 0x0, 0x0, 0x0, 0x0,
    0x0, 0x32, 0xf5, 0xd5, 0x62, 0x45, 0x67, 0x96,
    0x0, 0x0, 0x30, 0xb2, 0xf0, 0xf7, 0xd8, 0x77,

    /* U+0064 "d" */
    0x0, 0x0, 0x0, 0x0, 0x0, 0x0, 0x0, 0xbc,
    0xb4, 0x0, 0x0, 0x0, 0x0, 0x0, 0x0, 0x0,
    0xbc, 0xb4, 0x0, 0x0, 0x0, 0x0, 0x0, 0x0,
    0x0, 0xbc, 0xb4, 0x0, 0x0, 0x55, 0xd7, 0xf8,
    0xd6, 0x54, 0xbc, 0xb4, 0x0, 0x41, 0xfe, 0xb1,
    0x48, 0x5d, 0xe2, 0xe6, 0xb4, 0x0, 0xc1, 0xd6,
    0x2, 0x0, 0x0, 0x37, 0xff, 0xb4, 0x1, 0xf8,
    0x81, 0x0, 0x0, 0x0, 0x0, 0xde, 0xb4, 0x13,
    0xff, 0x67, 0x0, 0x0, 0x0, 0x0, 0xc4, 0xb4,
    0x1, 0xf8, 0x78, 0x0, 0x0, 0x0, 0x0, 0xd6,
    0xb4, 0x0, 0xc1, 0xbe, 0x0, 0x0, 0x0, 0x20,
    0xfc, 0xb4, 0x0, 0x41, 0xfe, 0x7b, 0xf, 0x25,
    0xc4, 0xf4, 0xb4, 0x0, 0x0, 0x56, 0xd8, 0xf9,
    0xdc, 0x68, 0xbc, 0xb4,

    /* U+0065 "e" */
    0x0, 0x0, 0x2e, 0xb2, 0xf0, 0xf7, 0xc5, 0x3d,
    0x0, 0x0, 0x2f, 0xf4, 0xc9, 0x56, 0x49, 0xaf,
    0xf9, 0x33, 0x0, 0xb9, 0xe0, 0xb, 0x0, 0x0,
    0x2, 0xd1, 0xaf, 0x6, 0xfa, 0x8d, 0x0, 0x0,
    0x0, 0x0, 0x85, 0xeb, 0x17, 0xff, 0xfb, 0xf8,
    0xf8, 0xf8, 0xf8, 0xfb, 0xfe, 0x8, 0xfc, 0x92,
    0x28, 0x28, 0x28, 0x28, 0x28, 0x28, 0x0, 0xbc,
    0xd2, 0x7, 0x0, 0x0, 0x0, 0x0, 0x0, 0x0,
    0x2f, 0xf3, 0xcb, 0x60, 0x43, 0x56, 0x8a, 0x8a,
    0x0, 0x0, 0x28, 0xa8, 0xea, 0xf9, 0xe4, 0xb0,
    0x46,

    /* U+0066 "f" */
    0x0, 0x0, 0x5f, 0xda, 0xfa, 0xf0, 0x0, 0x16,
    0xfb, 0x93, 0x37, 0x30, 0x0, 0x3b, 0xff, 0x32,
    0x0, 0x0, 0xa0, 0xff, 0xff, 0xff, 0xff, 0x90,
    0x14, 0x58, 0xff, 0x4a, 0x20, 0x12, 0x0, 0x40,
    0xff, 0x30, 0x0, 0x0, 0x0, 0x40, 0xff, 0x30,
    0x0, 0x0, 0x0, 0x40, 0xff, 0x30, 0x0, 0x0,
    0x0, 0x40, 0xff, 0x30, 0x0, 0x0, 0x0, 0x40,
    0xff, 0x30, 0x0, 0x0, 0x0, 0x40, 0xff, 0x30,
    0x0, 0x0, 0x0, 0x40, 0xff, 0x30, 0x0, 0x0,

    /* U+0067 "g" */
    0x0, 0x0, 0x56, 0xd7, 0xf8, 0xd4, 0x52, 0xbc,
    0xb4, 0x0, 0x41, 0xfe, 0xab, 0x46, 0x5a, 0xdc,
    0xe6, 0xb4, 0x0, 0xc2, 0xcf, 0x0, 0x0, 0x0,
    0x2d, 0xff, 0xb4, 0x1, 0xf8, 0x7d, 0x0, 0x0,
    0x0, 0x0, 0xda, 0xb4, 0x13, 0xff, 0x67, 0x0,
    0x0, 0x0, 0x0, 0xc3, 0xb4, 0x1, 0xf8, 0x7d,
    0x0, 0x0, 0x0, 0x0, 0xda, 0xb4, 0x0, 0xc2,
    0xcf, 0x0, 0x0, 0x0, 0x2d, 0xff, 0xb4, 0x0,
    0x41, 0xfe, 0xaa, 0x46, 0x59, 0xdc, 0xe7, 0xb2,
    0x0, 0x0, 0x57, 0xd8, 0xf9, 0xd6, 0x54, 0xcb,
    0xa3, 0x0, 0x0, 0x0, 0x0, 0x0, 0x0, 0x19,
    0xf5, 0x71, 0x0, 0xc, 0x93, 0x4f, 0x3b, 0x5c,
    0xd3, 0xe9, 0x13, 0x0, 0x8, 0xb0, 0xe7, 0xfa,
    0xee, 0xae, 0x27, 0x0,

    /* U+0068 "h" */
    0x8c, 0xe8, 0x0, 0x0, 0x0, 0x0, 0x0, 0x0,
    0x8c, 0xe8, 0x0, 0x0, 0x0, 0x0, 0x0, 0x0,
    0x8c, 0xe8, 0x0, 0x0, 0x0, 0x0, 0x0, 0x0,
    0x8c, 0xe8, 0x2b, 0xbe, 0xf5, 0xdc, 0x6e, 0x0,
    0x8c, 0xf3, 0xd9, 0x73, 0x4c, 0x9f, 0xff, 0x49,
    0x8c, 0xff, 0x4a, 0x0, 0x0, 0x1, 0xdc, 0xa2,
    0x8c, 0xf8, 0x2, 0x0, 0x0, 0x0, 0xaf, 0xc0,
    0x8c, 0xe8, 0x0, 0x0, 0x0, 0x0, 0xa8, 0xc8,
    0x8c, 0xe8, 0x0, 0x0, 0x0, 0x0, 0xa8, 0xc8,
    0x8c, 0xe8, 0x0, 0x0, 0x0, 0x0, 0xa8, 0xc8,
    0x8c, 0xe8, 0x0, 0x0, 0x0, 0x0, 0xa8, 0xc8,
    0x8c, 0xe8, 0x0, 0x0, 0x0, 0x0, 0xa8, 0xc8,

    /* U+0069 "i" */
    0x7c, 0xf4, 0x66, 0xca, 0x0, 0x0, 0x7c, 0xf4,
    0x7c, 0xf4, 0x7c, 0xf4, 0x7c, 0xf4, 0x7c, 0xf4,
    0x7c, 0xf4, 0x7c, 0xf4, 0x7c, 0xf4, 0x7c, 0xf4,

    /* U+006A "j" */
    0x0, 0x0, 0x7c, 0xf4, 0x0, 0x0, 0x66, 0xca,
    0x0, 0x0, 0x0, 0x0, 0x0, 0x0, 0x7c, 0xf4,
    0x0, 0x0, 0x7c, 0xf4, 0x0, 0x0, 0x7c, 0xf4,
    0x0, 0x0, 0x7c, 0xf4, 0x0, 0x0, 0x7c, 0xf4,
    0x0, 0x0, 0x7c, 0xf4, 0x0, 0x0, 0x7c, 0xf4,
    0x0, 0x0, 0x7c, 0xf4, 0x0, 0x0, 0x7c, 0xf3,
    0x0, 0x0, 0x8a, 0xe0, 0x11, 0x4c, 0xdd, 0xaa,
    0x4c, 0xf5, 0xbd, 0x20,

    /* U+006B "k" */
    0x8c, 0xe8, 0x0, 0x0, 0x0, 0x0, 0x0, 0x0,
    0x0, 0x8c, 0xe8, 0x0, 0x0, 0x0, 0x0, 0x0,
    0x0, 0x0, 0x8c, 0xe8, 0x0, 0x0, 0x0, 0x0,
    0x0, 0x0, 0x0, 0x8c, 0xe8, 0x0, 0x0, 0x0,
    0x61, 0xfb, 0x7c, 0x0, 0x8c, 0xe8, 0x0, 0x0,
    0x78, 0xfb, 0x63, 0x0, 0x0, 0x8c, 0xe8, 0x1,
    0x91, 0xf6, 0x4e, 0x0, 0x0, 0x0, 0x8c, 0xeb,
    0xa7, 0xee, 0x3c, 0x0, 0x0, 0x0, 0x0, 0x8c,
    0xf7, 0xf4, 0xb6, 0x4, 0x0, 0x0, 0x0, 0x0,
    0x8c, 0xe8, 0x3e, 0xf3, 0xac, 0x4, 0x0, 0x0,
    0x0, 0x8c, 0xe8, 0x0, 0x3c, 0xf3, 0xad, 0x5,
    0x0, 0x0, 0x8c, 0xe8, 0x0, 0x0, 0x3a, 0xf2,
    0xaf, 0x5, 0x0, 0x8c, 0xe8, 0x0, 0x0, 0x0,
    0x38, 0xf1, 0xb0, 0x6,

    /* U+006C "l" */
    0x7c, 0xf4, 0x7c, 0xf4, 0x7c, 0xf4, 0x7c, 0xf4,
    0x7c, 0xf4, 0x7c, 0xf4, 0x7c, 0xf4, 0x7c, 0xf4,
    0x7c, 0xf4, 0x7c, 0xf4, 0x7c, 0xf4, 0x7c, 0xf4,

    /* U+006D "m" */
    0x8c, 0xe8, 0x31, 0xc4, 0xf7, 0xdc, 0x53, 0x0,
    0x68, 0xdd, 0xf3, 0xba, 0x1d, 0x0, 0x8c, 0xf3,
    0xd8, 0x6d, 0x4e, 0xb8, 0xfb, 0x89, 0xc4, 0x57,
    0x5d, 0xe7, 0xbf, 0x0, 0x8c, 0xff, 0x46, 0x0,
    0x0, 0x15, 0xfd, 0xe4, 0x9, 0x0, 0x0, 0x6a,
    0xff, 0x17, 0x8c, 0xf8, 0x2, 0x0, 0x0, 0x0,
    0xe7, 0xa2, 0x0, 0x0, 0x0, 0x3f, 0xff, 0x34,
    0x8c, 0xe8, 0x0, 0x0, 0x0, 0x0, 0xe0, 0x90,
    0x0, 0x0, 0x0, 0x38, 0xff, 0x3c, 0x8c, 0xe8,
    0x0, 0x0, 0x0, 0x0, 0xe0, 0x90, 0x0, 0x0,
    0x0, 0x38, 0xff, 0x3c, 0x8c, 0xe8, 0x0, 0x0,
    0x0, 0x0, 0xe0, 0x90, 0x0, 0x0, 0x0, 0x38,
    0xff, 0x3c, 0x8c, 0xe8, 0x0, 0x0, 0x0, 0x0,
    0xe0, 0x90, 0x0, 0x0, 0x0, 0x38, 0xff, 0x3c,
    0x8c, 0xe8, 0x0, 0x0, 0x0, 0x0, 0xe0, 0x90,
    0x0, 0x0, 0x0, 0x38, 0xff, 0x3c,

    /* U+006E "n" */
    0x8c, 0xe8, 0x3d, 0xc8, 0xf7, 0xdc, 0x6e, 0x0,
    0x8c, 0xf8, 0xcf, 0x40, 0x18, 0x6f, 0xff, 0x49,
    0x8c, 0xff, 0x35, 0x0, 0x0, 0x0, 0xd0, 0xa2,
    0x8c, 0xf5, 0x0, 0x0, 0x0, 0x0, 0xad, 0xc0,
    0x8c, 0xe8, 0x0, 0x0, 0x0, 0x0, 0xa8, 0xc8,
    0x8c, 0xe8, 0x0, 0x0, 0x0, 0x0, 0xa8, 0xc8,
    0x8c, 0xe8, 0x0, 0x0, 0x0, 0x0, 0xa8, 0xc8,
    0x8c, 0xe8, 0x0, 0x0, 0x0, 0x0, 0xa8, 0xc8,
    0x8c, 0xe8, 0x0, 0x0, 0x0, 0x0, 0xa8, 0xc8,

    /* U+006F "o" */
    0x0, 0x0, 0x46, 0xc6, 0xf7, 0xf1, 0xb3, 0x2a,
    0x0, 0x0, 0x45, 0xfc, 0xbb, 0x4e, 0x59, 0xda,
    0xef, 0x1f, 0x0, 0xc8, 0xdd, 0x4, 0x0, 0x0,
    0x1e, 0xfa, 0x96, 0x8, 0xfd, 0x87, 0x0, 0x0,
    0x0, 0x0, 0xbc, 0xd5, 0x18, 0xff, 0x6f, 0x0,
    0x0, 0x0, 0x0, 0xa4, 0xe7, 0x8, 0xfd, 0x87,
    0x0, 0x0, 0x0, 0x0, 0xbc, 0xd4, 0x0, 0xc7,
    0xdc, 0x4, 0x0, 0x0, 0x1e, 0xf9, 0x95, 0x0,
    0x45, 0xfd, 0xbc, 0x51, 0x5c, 0xdb, 0xef, 0x1f,
    0x0, 0x0, 0x46, 0xc6, 0xf7, 0xf2, 0xb3, 0x2a,
    0x0,

    /* U+0070 "p" */
    0x8c, 0xe8, 0x4a, 0xd0, 0xf8, 0xe2, 0x73, 0x0,
    0x0, 0x8c, 0xf9, 0xd8, 0x38, 0xf, 0x63, 0xf9,
    0x68, 0x0, 0x8c, 0xff, 0x47, 0x0, 0x0, 0x0,
    0x96, 0xe7, 0x4, 0x8c, 0xfd, 0x4, 0x0, 0x0,
    0x0, 0x4f, 0xff, 0x24, 0x8c, 0xef, 0x0, 0x0,
    0x0, 0x0, 0x3c, 0xff, 0x3f, 0x8c, 0xff, 0xa,
    0x0, 0x0, 0x0, 0x57, 0xff, 0x24, 0x8c, 0xff,
    0x62, 0x0, 0x0, 0x0, 0xb1, 0xe6, 0x4, 0x8c,
    0xf4, 0xe3, 0x70, 0x47, 0x9b, 0xff, 0x67, 0x0,
    0x8c, 0xe8, 0x37, 0xc9, 0xf8, 0xe3, 0x73, 0x0,
    0x0, 0x8c, 0xe8, 0x0, 0x0, 0x0, 0x0, 0x0,
    0x0, 0x0, 0x8c, 0xe8, 0x0, 0x0, 0x0, 0x0,
    0x0, 0x0, 0x0, 0x8c, 0xe8, 0x0, 0x0, 0x0,
    0x0, 0x0, 0x0, 0x0,

    /* U+0071 "q" */
    0x0, 0x0, 0x55, 0xd7, 0xf8, 0xd6, 0x55, 0xbc,
    0xb4, 0x0, 0x41, 0xfe, 0xad, 0x47, 0x5c, 0xe0,
    0xe7, 0xb4, 0x0, 0xc1, 0xd1, 0x1, 0x0, 0x0,
    0x32, 0xff, 0xb4, 0x1, 0xf8, 0x7d, 0x0, 0x0,
    0x0, 0x0, 0xdb, 0xb4, 0x13, 0xff, 0x67, 0x0,
    0x0, 0x0, 0x0, 0xc4, 0xb4, 0x1, 0xf8, 0x7e,
    0x0, 0x0, 0x0, 0x0, 0xdb, 0xb4, 0x0, 0xc1,
    0xd2, 0x1, 0x0, 0x0, 0x33, 0xff, 0xb4, 0x0,
    0x41, 0xfe, 0xb0, 0x4a, 0x5f, 0xe1, 0xe6, 0xb4,
    0x0, 0x0, 0x56, 0xd8, 0xf9, 0xd6, 0x53, 0xbc,
    0xb4, 0x0, 0x0, 0x0, 0x0, 0x0, 0x0, 0x0,
    0xbc, 0xb4, 0x0, 0x0, 0x0, 0x0, 0x0, 0x0,
    0x0, 0xbc, 0xb4, 0x0, 0x0, 0x0, 0x0, 0x0,
    0x0, 0x0, 0xbc, 0xb4,

    /* U+0072 "r" */
    0x0, 0x0, 0x0, 0x0, 0x0, 0x7, 0x8c, 0xe8,
    0x43, 0xc9, 0xf7, 0x94, 0x8c, 0xf8, 0xd8, 0x4a,
    0x1c, 0x23, 0x8c, 0xff, 0x42, 0x0, 0x0, 0x0,
    0x8c, 0xfb, 0x2, 0x0, 0x0, 0x0, 0x8c, 0xe8,
    0x0, 0x0, 0x0, 0x0, 0x8c, 0xe8, 0x0, 0x0,
    0x0, 0x0, 0x8c, 0xe8, 0x0, 0x0, 0x0, 0x0,
    0x8c, 0xe8, 0x0, 0x0, 0x0, 0x0, 0x8c, 0xe8,
    0x0, 0x0, 0x0, 0x0,

    /* U+0073 "s" */
    0x0, 0x1f, 0xa8, 0xe8, 0xf9, 0xe4, 0xb0, 0xd,
    0x0, 0xcb, 0xd2, 0x53, 0x3a, 0x53, 0x9a, 0x13,
    0x5, 0xfe, 0x62, 0x0, 0x0, 0x0, 0x0, 0x0,
    0x0, 0xcf, 0xe0, 0x6e, 0x2c, 0x0, 0x0, 0x0,
    0x0, 0x1b, 0x9b, 0xe8, 0xff, 0xe3, 0x72, 0x0,
    0x0, 0x0, 0x0, 0x0, 0x2c, 0x8e, 0xff, 0x55,
    0x0, 0x0, 0x0, 0x0, 0x0, 0x1, 0xf8, 0x81,
    0x1f, 0xc5, 0x6c, 0x46, 0x44, 0x9a, 0xfd, 0x3d,
    0xf, 0x9d, 0xd8, 0xf5, 0xf0, 0xc5, 0x4e, 0x0,

    /* U+0074 "t" */
    0x0, 0x42, 0x78, 0x0, 0x0, 0x0, 0x0, 0x84,
    0xf0, 0x0, 0x0, 0x0, 0x0, 0x84, 0xf0, 0x0,
    0x0, 0x0, 0x90, 0xff, 0xff, 0xff, 0xff, 0xe4,
    0x12, 0x93, 0xf2, 0x20, 0x20, 0x1c, 0x0, 0x84,
    0xf0, 0x0, 0x0, 0x0, 0x0, 0x84, 0xf0, 0x0,
    0x0, 0x0, 0x0, 0x84, 0xf0, 0x0, 0x0, 0x0,
    0x0, 0x84, 0xf0, 0x0, 0x0, 0x0, 0x0, 0x7d,
    0xf8, 0x0, 0x0, 0x0, 0x0, 0x52, 0xff, 0x6f,
    0x36, 0x2e, 0x0, 0x3, 0x99, 0xec, 0xfe, 0xe4,

    /* U+0075 "u" */
    0xa4, 0xcc, 0x0, 0x0, 0x0, 0x0, 0xc0, 0xb0,
    0xa4, 0xcc, 0x0, 0x0, 0x0, 0x0, 0xc0, 0xb0,
    0xa4, 0xcc, 0x0, 0x0, 0x0, 0x0, 0xc0, 0xb0,
    0xa4, 0xcc, 0x0, 0x0, 0x0, 0x0, 0xc0, 0xb0,
    0xa4, 0xcc, 0x0, 0x0, 0x0, 0x0, 0xc0, 0xb0,
    0x9c, 0xd0, 0x0, 0x0, 0x0, 0x0, 0xce, 0xb0,
    0x7d, 0xee, 0x4, 0x0, 0x0, 0x15, 0xf6, 0xb0,
    0x27, 0xfd, 0x89, 0x16, 0x2e, 0xbf, 0xf1, 0xb0,
    0x0, 0x53, 0xd5, 0xf8, 0xd6, 0x59, 0xc0, 0xb0,

    /* U+0076 "v" */
    0x56, 0xff, 0x2e, 0x0, 0x0, 0x0, 0x0, 0xb7,
    0xd0, 0x8, 0xf0, 0x8a, 0x0, 0x0, 0x0, 0x17,
    0xfb, 0x73, 0x0, 0x9b, 0xe4, 0x2, 0x0, 0x0,
    0x70, 0xfc, 0x19, 0x0, 0x3e, 0xff, 0x44, 0x0,
    0x0, 0xcd, 0xb8, 0x0, 0x0, 0x1, 0xdf, 0xa1,
    0x0, 0x29, 0xff, 0x5b, 0x0, 0x0, 0x0, 0x83,
    0xf3, 0xa, 0x86, 0xf3, 0xa, 0x0, 0x0, 0x0,
    0x26, 0xff, 0x5c, 0xe1, 0xa0, 0x0, 0x0, 0x0,
    0x0, 0x0, 0xc8, 0xe4, 0xff, 0x43, 0x0, 0x0,
    0x0, 0x0, 0x0, 0x6b, 0xff, 0xe4, 0x2, 0x0,
    0x0,

    /* U+0077 "w" */
    0x34, 0xff, 0x3c, 0x0, 0x0, 0x6d, 0xff, 0x84,
    0x0, 0x0, 0x25, 0xff, 0x4a, 0x2, 0xef, 0x7e,
    0x0, 0x0, 0xaf, 0xf6, 0xc6, 0x0, 0x0, 0x67,
    0xfc, 0xd, 0x0, 0xb1, 0xbf, 0x0, 0x2, 0xee,
    0x8d, 0xfb, 0xc, 0x0, 0xa8, 0xc8, 0x0, 0x0,
    0x70, 0xf8, 0x8, 0x32, 0xfe, 0x17, 0xf4, 0x49,
    0x0, 0xe8, 0x86, 0x0, 0x0, 0x2e, 0xff, 0x42,
    0x73, 0xcf, 0x0, 0xb8, 0x8a, 0x2b, 0xff, 0x45,
    0x0, 0x0, 0x1, 0xeb, 0x84, 0xb5, 0x8d, 0x0,
    0x76, 0xcc, 0x6d, 0xf9, 0xa, 0x0, 0x0, 0x0,
    0xac, 0xc9, 0xf2, 0x4b, 0x0, 0x34, 0xfd, 0xbe,
    0xc2, 0x0, 0x0, 0x0, 0x0, 0x6a, 0xff, 0xfc,
    0xe, 0x0, 0x2, 0xef, 0xff, 0x81, 0x0, 0x0,
    0x0, 0x0, 0x29, 0xff, 0xc8, 0x0, 0x0, 0x0,
    0xb1, 0xff, 0x40, 0x0, 0x0,

    /* U+0078 "x" */
    0xb, 0xd8, 0xca, 0x5, 0x0, 0x0, 0x46, 0xfe,
    0x6b, 0x0, 0x31, 0xf9, 0x88, 0x0, 0x16, 0xe8,
    0xb2, 0x0, 0x0, 0x0, 0x71, 0xfe, 0x44, 0xb8,
    0xe5, 0x14, 0x0, 0x0, 0x0, 0x1, 0xb6, 0xf8,
    0xfe, 0x43, 0x0, 0x0, 0x0, 0x0, 0x0, 0x59,
    0xff, 0xcf, 0x0, 0x0, 0x0, 0x0, 0x0, 0x18,
    0xe9, 0xcd, 0xfe, 0x6f, 0x0, 0x0, 0x0, 0x1,
    0xb9, 0xe3, 0x12, 0x8e, 0xf8, 0x2e, 0x0, 0x0,
    0x73, 0xfd, 0x3f, 0x0, 0x6, 0xce, 0xd5, 0x9,
    0x31, 0xf9, 0x84, 0x0, 0x0, 0x0, 0x27, 0xf5,
    0x97,

    /* U+0079 "y" */
    0x50, 0xff, 0x33, 0x0, 0x0, 0x0, 0x0, 0xbc,
    0xcb, 0x3, 0xe2, 0x9a, 0x0, 0x0, 0x0, 0x24,
    0xfe, 0x64, 0x0, 0x7c, 0xf3, 0xd, 0x0, 0x0,
    0x8a, 0xf1, 0xb, 0x0, 0x17, 0xfa, 0x68, 0x0,
    0x6, 0xea, 0x95, 0x0, 0x0, 0x0, 0xa8, 0xcf,
    0x0, 0x59, 0xff, 0x2d, 0x0, 0x0, 0x0, 0x3e,
    0xff, 0x37, 0xc0, 0xc6, 0x0, 0x0, 0x0, 0x0,
    0x0, 0xd3, 0xc1, 0xff, 0x5e, 0x0, 0x0, 0x0,
    0x0, 0x0, 0x6a, 0xff, 0xee, 0x8, 0x0, 0x0,
    0x0, 0x0, 0x0, 0x16, 0xff, 0x8f, 0x0, 0x0,
    0x0, 0x0, 0x0, 0x0, 0x61, 0xff, 0x28, 0x0,
    0x0, 0x0, 0x0, 0x29, 0x4c, 0xe4, 0xb2, 0x0,
    0x0, 0x0, 0x0, 0x0, 0xbc, 0xfa, 0xc2, 0x1c,
    0x0, 0x0, 0x0, 0x0,

    /* U+007A "z" */
    0x1c, 0xff, 0xff, 0xff, 0xff, 0xff, 0xff, 0xb8,
    0x4, 0x28, 0x28, 0x28, 0x28, 0x60, 0xfe, 0x87,
    0x0, 0x0, 0x0, 0x0, 0x1d, 0xe8, 0xba, 0x4,
    0x0, 0x0, 0x0, 0xb, 0xcf, 0xd9, 0x10, 0x0,
    0x0, 0x0, 0x1, 0xad, 0xef, 0x26, 0x0, 0x0,
    0x0, 0x0, 0x83, 0xfc, 0x45, 0x0, 0x0, 0x0,
    0x0, 0x57, 0xff, 0x6d, 0x0, 0x0, 0x0, 0x0,
    0x29, 0xf6, 0xb7, 0x28, 0x28, 0x28, 0x28, 0x1c,
    0x50, 0xff, 0xff, 0xff, 0xff, 0xff, 0xff, 0xb8,

    /* U+007B "{" */
    0x0, 0x0, 0x8, 0x9f, 0xe9, 0xfd, 0x30, 0x0,
    0x0, 0x60, 0xff, 0x62, 0x25, 0x6, 0x0, 0x0,
    0x89, 0xea, 0x0, 0x0, 0x0, 0x0, 0x0, 0x90,
    0xe0, 0x0, 0x0, 0x0, 0x0, 0x0, 0x90, 0xdf,
    0x0, 0x0, 0x0, 0x0, 0x0, 0xa0, 0xd4, 0x0,
    0x0, 0x0, 0x1, 0x2c, 0xea, 0x9d, 0x0, 0x0,
    0x0, 0xfb, 0xff, 0xce, 0x11, 0x0, 0x0, 0x0,
    0x2c, 0x5c, 0xf5, 0x84, 0x0, 0x0, 0x0, 0x0,
    0x0, 0xa8, 0xd0, 0x0, 0x0, 0x0, 0x0, 0x0,
    0x91, 0xdf, 0x0, 0x0, 0x0, 0x0, 0x0, 0x90,
    0xe0, 0x0, 0x0, 0x0, 0x0, 0x0, 0x8b, 0xe7,
    0x0, 0x0, 0x0, 0x0, 0x0, 0x6b, 0xfd, 0x38,
    0x1, 0x0, 0x0, 0x0, 0x11, 0xc7, 0xff, 0xfb,
    0x2e, 0x0, 0x0, 0x0, 0x0, 0x12, 0x25, 0x7,

    /* U+007C "|" */
    0xf8, 0x5c, 0xf8, 0x5c, 0xf8, 0x5c, 0xf8, 0x5c,
    0xf8, 0x5c, 0xf8, 0x5c, 0xf8, 0x5c, 0xf8, 0x5c,
    0xf8, 0x5c, 0xf8, 0x5c, 0xf8, 0x5c, 0xf8, 0x5c,
    0xf8, 0x5c, 0xf8, 0x5c, 0xf8, 0x5c, 0xf8, 0x5c,

    /* U+007D "}" */
    0xfe, 0xef, 0xb5, 0x1a, 0x0, 0x0, 0x0, 0x22,
    0x48, 0xf3, 0x8f, 0x0, 0x0, 0x0, 0x0, 0x0,
    0xbb, 0xb9, 0x0, 0x0, 0x0, 0x0, 0x0, 0xb0,
    0xc0, 0x0, 0x0, 0x0, 0x0, 0x0, 0xb0, 0xc0,
    0x0, 0x0, 0x0, 0x0, 0x0, 0xa6, 0xd0, 0x0,
    0x0, 0x0, 0x0, 0x0, 0x70, 0xfd, 0x46, 0x3,
    0x0, 0x0, 0x0, 0x3, 0xae, 0xff, 0xfc, 0x2e,
    0x0, 0x0, 0x57, 0xff, 0x77, 0x30, 0x7, 0x0,
    0x0, 0xa1, 0xd8, 0x0, 0x0, 0x0, 0x0, 0x0,
    0xaf, 0xc1, 0x0, 0x0, 0x0, 0x0, 0x0, 0xb0,
    0xc0, 0x0, 0x0, 0x0, 0x0, 0x0, 0xb7, 0xbb,
    0x0, 0x0, 0x0, 0x0, 0x1e, 0xe9, 0x9a, 0x0,
    0x0, 0x0, 0xfa, 0xff, 0xdd, 0x2b, 0x0, 0x0,
    0x0, 0x26, 0x18, 0x0, 0x0, 0x0, 0x0, 0x0,

    /* U+007E "~" */
    0x0, 0x0, 0x0, 0x5, 0x0, 0x0, 0x0, 0x0,
    0x0, 0x0, 0xa, 0x3, 0x6c, 0xda, 0xff, 0xef,
    0xa9, 0x59, 0x1e, 0x24, 0x7b, 0xab, 0x4b, 0xdb,
    0x6b, 0x44, 0x69, 0xba, 0xfb, 0xff, 0xff, 0xd3,
    0x3f, 0x19, 0x8, 0x0, 0x0, 0x0, 0x0, 0xe,
    0x32, 0x1b, 0x0, 0x0,

    /* U+00B0 "°" */
    0x0, 0x55, 0xce, 0xcc, 0x55, 0x0, 0x2f, 0xe1,
    0x3b, 0x3c, 0xe3, 0x30, 0x6c, 0x8f, 0x0, 0x0,
    0x90, 0x6f, 0x3e, 0xd8, 0x20, 0x21, 0xd9, 0x3d,
    0x0, 0x77, 0xe9, 0xe8, 0x70, 0x0,

    /* U+4E0A "上" */
    0x0, 0x0, 0x0, 0x0, 0x0, 0x3c, 0xff, 0x10,
    0x0, 0x0, 0x0, 0x0, 0x0, 0x0, 0x0, 0x0,
    0x0, 0x0, 0x0, 0x3c, 0xff, 0x10, 0x0, 0x0,
    0x0, 0x0, 0x0, 0x0, 0x0, 0x0, 0x0, 0x0,
    0x0, 0x3c, 0xff, 0x10, 0x0, 0x0, 0x0, 0x0,
    0x0, 0x0, 0x0, 0x0, 0x0, 0x0, 0x0, 0x3c,
    0xff, 0x35, 0x28, 0x28, 0x28, 0x28, 0x28, 0x5,
    0x0, 0x0, 0x0, 0x0, 0x0, 0x3c, 0xff, 0xff,
    0xff, 0xff, 0xff, 0xff, 0xff, 0x20, 0x0, 0x0,
    0x0, 0x0, 0x0, 0x3c, 0xff, 0x10, 0x0, 0x0,
    0x0, 0x0, 0x0, 0x0, 0x0, 0x0, 0x0, 0x0,
    0x0, 0x3c, 0xff, 0x10, 0x0, 0x0, 0x0, 0x0,
    0x0, 0x0, 0x0, 0x0, 0x0, 0x0, 0x0, 0x3c,
    0xff, 0x10, 0x0, 0x0, 0x0, 0x0, 0x0, 0x0,
    0x0, 0x0, 0x0, 0x0, 0x0, 0x3c, 0xff, 0x10,
    0x0, 0x0, 0x0, 0x0, 0x0, 0x0, 0x0, 0x0,
    0x0, 0x0, 0x0, 0x3c, 0xff, 0x10, 0x0, 0x0,
    0x0, 0x0, 0x0, 0x0, 0x0, 0x0, 0x0, 0x0,
    0x0, 0x3c, 0xff, 0x10, 0x0, 0x0, 0x0, 0x0,
    0x0, 0x0, 0x19, 0x28, 0x28, 0x28, 0x28, 0x5a,
    0xff, 0x35, 0x28, 0x28, 0x28, 0x28, 0x28, 0x28,
    0xa0, 0xff, 0xff, 0xff, 0xff, 0xff, 0xff, 0xff,
    0xff, 0xff, 0xff, 0xff, 0xff, 0xff,

    /* U+4E2D "中" */
    0x0, 0x0, 0x0, 0x0, 0x0, 0x0, 0xff, 0x28,
    0x0, 0x0, 0x0, 0x0, 0x0, 0x0, 0x0, 0x0,
    0x0, 0x0, 0x0, 0x0, 0xff, 0x28, 0x0, 0x0,
    0x0, 0x0, 0x0, 0x0, 0x6, 0x28, 0x28, 0x28,
    0x28, 0x28, 0xff, 0x49, 0x28, 0x28, 0x28, 0x28,
    0x28, 0x6, 0x28, 0xff, 0xff, 0xff, 0xff, 0xff,
    0xff, 0xff, 0xff, 0xff, 0xff, 0xff, 0xff, 0x28,
    0x28, 0xff, 0x0, 0x0, 0x0, 0x0, 0xff, 0x28,
    0x0, 0x0, 0x0, 0x0, 0xff, 0x28, 0x28, 0xff,
    0x0, 0x0, 0x0, 0x0, 0xff, 0x28, 0x0, 0x0,
    0x0, 0x0, 0xff, 0x28, 0x28, 0xff, 0x0, 0x0,
    0x0, 0x0, 0xff, 0x28, 0x0, 0x0, 0x0, 0x0,
    0xff, 0x28, 0x28, 0xff, 0xc, 0xc, 0xc, 0xc,
    0xff, 0x32, 0xc, 0xc, 0xc, 0xc, 0xff, 0x28,
    0x28, 0xff, 0xff, 0xff, 0xff, 0xff, 0xff, 0xff,
    0xff, 0xff, 0xff, 0xff, 0xff, 0x28, 0x28, 0xff,
    0x1c, 0x1c, 0x1c, 0x1c, 0xff, 0x3f, 0x1c, 0x1c,
    0x1c, 0x1c, 0xff, 0x28, 0x19, 0xa0, 0x0, 0x0,
    0x0, 0x0, 0xff, 0x28, 0x0, 0x0, 0x0, 0x0,
    0x80, 0x14, 0x0, 0x0, 0x0, 0x0, 0x0, 0x0,
    0xff, 0x28, 0x0, 0x0, 0x0, 0x0, 0x0, 0x0,
    0x0, 0x0, 0x0, 0x0, 0x0, 0x0, 0xff, 0x28,
    0x0, 0x0, 0x0, 0x0, 0x0, 0x0, 0x0, 0x0,
    0x0, 0x0, 0x0, 0x0, 0xff, 0x28, 0x0, 0x0,
    0x0, 0x0, 0x0, 0x0,

    /* U+4E60 "习" */
    0xb8, 0xff, 0xff, 0xff, 0xff, 0xff, 0xff, 0xff,
    0xff, 0xff, 0xff, 0xff, 0x1c, 0x28, 0x28, 0x28,
    0x28, 0x28, 0x28, 0x28, 0x28, 0x28, 0x4a, 0xfe,
    0x0, 0x0, 0x1e, 0x3b, 0x0, 0x0, 0x0, 0x0,
    0x0, 0x0, 0x29, 0xfd, 0x0, 0x0, 0x7c, 0xfa,
    0xdc, 0x6c, 0x5, 0x0, 0x0, 0x0, 0x2b, 0xfb,
    0x0, 0x0, 0x0, 0x15, 0x7a, 0xf0, 0xdb, 0xc,
    0x0, 0x0, 0x2d, 0xf9, 0x0, 0x0, 0x0, 0x0,
    0x0, 0x13, 0x56, 0x0, 0x0, 0x0, 0x31, 0xf5,
    0x0, 0x0, 0x0, 0x0, 0x0, 0x0, 0x0, 0x33,
    0x69, 0x0, 0x36, 0xf0, 0x0, 0x0, 0x0, 0x0,
    0x7, 0x5d, 0xc8, 0xfa, 0x90, 0x0, 0x3d, 0xe9,
    0x0, 0x9, 0x52, 0xa5, 0xf1, 0xf1, 0x8c, 0x1b,
    0x0, 0x0, 0x48, 0xde, 0x5c, 0xf5, 0xfe, 0xc1,
    0x66, 0xe, 0x0, 0x0, 0x0, 0x0, 0x58, 0xce,
    0x25, 0x76, 0x1d, 0x0, 0x0, 0x0, 0x0, 0x0,
    0x0, 0x0, 0x76, 0xb2, 0x0, 0x0, 0x0, 0x0,
    0x0, 0x0, 0x0, 0x2e, 0x78, 0x69, 0xda, 0x7e,
    0x0, 0x0, 0x0, 0x0, 0x0, 0x0, 0x0, 0x29,
    0xe1, 0xf7, 0xc4, 0x17,

    /* U+4EAE "亮" */
    0x0, 0x0, 0x0, 0x0, 0x0, 0x0, 0x0, 0xa7,
    0x8d, 0x0, 0x0, 0x0, 0x0, 0x0, 0x0, 0x0,
    0x1a, 0xd0, 0xd0, 0xd0, 0xd0, 0xd0, 0xd0, 0xea,
    0xfd, 0xd0, 0xd0, 0xd0, 0xd0, 0xd0, 0xd0, 0x1a,
    0x8, 0x40, 0x40, 0x40, 0x40, 0x40, 0x40, 0x40,
    0x40, 0x40, 0x40, 0x40, 0x40, 0x40, 0x40, 0x8,
    0x0, 0x0, 0x0, 0xc0, 0xff, 0xff, 0xff, 0xff,
    0xff, 0xff, 0xff, 0xff, 0xd0, 0x0, 0x0, 0x0,
    0x0, 0x0, 0x0, 0xc0, 0x71, 0x1c, 0x1c, 0x1c,
    0x1c, 0x1c, 0x1c, 0x71, 0xd0, 0x0, 0x0, 0x0,
    0x0, 0x0, 0x0, 0xc0, 0xff, 0xff, 0xff, 0xff,
    0xff, 0xff, 0xff, 0xff, 0xd0, 0x0, 0x0, 0x0,
    0x0, 0xc, 0x20, 0x29, 0x2c, 0x2c, 0x2c, 0x2c,
    0x2c, 0x2c, 0x2c, 0x2c, 0x29, 0x20, 0xc, 0x0,
    0x0, 0x60, 0xff, 0xff, 0xff, 0xff, 0xff, 0xff,
    0xff, 0xff, 0xff, 0xff, 0xff, 0xff, 0x60, 0x0,
    0x0, 0x60, 0xd0, 0x0, 0x2, 0x10, 0x10, 0x10,
    0x10, 0x10, 0xf, 0x0, 0x0, 0xc0, 0x60, 0x0,
    0x0, 0x60, 0xd0, 0x0, 0x20, 0xff, 0xff, 0xff,
    0xff, 0xff, 0xf0, 0x0, 0x0, 0xa8, 0x54, 0x0,
    0x0, 0x0, 0x0, 0x0, 0x2c, 0xff, 0x29, 0x10,
    0x10, 0x4c, 0xf0, 0x0, 0x0, 0x0, 0x0, 0x0,
    0x0, 0x0, 0x0, 0x0, 0x6d, 0xf7, 0x2, 0x0,
    0x0, 0x40, 0xf0, 0x0, 0x0, 0x15, 0x78, 0x7,
    0x0, 0x1, 0x2a, 0x7c, 0xf4, 0x93, 0x0, 0x0,
    0x0, 0x3d, 0xfa, 0x38, 0x2f, 0x88, 0xf9, 0x5,
    0x3, 0xd1, 0xff, 0xe2, 0x7d, 0x7, 0x0, 0x0,
    0x0, 0x14, 0xdc, 0xfc, 0xfb, 0xe2, 0x6f, 0x0,
    0x0, 0x22, 0x24, 0x0, 0x0, 0x0, 0x0, 0x0,
    0x0, 0x0, 0x0, 0x0, 0x0, 0x0, 0x0, 0x0,

    /* U+4EF6 "件" */
    0x0, 0x0, 0x14, 0xdb, 0x22, 0x0, 0x3f, 0x15,
    0x0, 0xff, 0x28, 0x0, 0x0, 0x0, 0x0, 0x0,
    0x0, 0x65, 0xdf, 0x1, 0xa, 0xf1, 0x5b, 0x0,
    0xff, 0x28, 0x0, 0x0, 0x0, 0x0, 0x0, 0x0,
    0xca, 0x7f, 0x0, 0x5e, 0xf3, 0xa, 0x0, 0xff,
    0x28, 0x0, 0x0, 0x0, 0x0, 0x0, 0x38, 0xff,
    0x1f, 0x0, 0xc7, 0xff, 0xff, 0xff, 0xff, 0xff,
    0xff, 0xff, 0xe8, 0x0, 0x0, 0xb9, 0xff, 0x0,
    0x60, 0xfc, 0x40, 0x28, 0x28, 0xff, 0x49, 0x28,
    0x28, 0x24, 0x0, 0x48, 0xff, 0xff, 0x13, 0xeb,
    0x9e, 0x0, 0x0, 0x0, 0xff, 0x28, 0x0, 0x0,
    0x0, 0x0, 0xd0, 0xc8, 0xff, 0xb, 0x97, 0x13,
    0x0, 0x0, 0x0, 0xff, 0x28, 0x0, 0x0, 0x0,
    0x0, 0x6b, 0x36, 0xff, 0x0, 0xb, 0xc, 0xc,
    0xc, 0xc, 0xff, 0x32, 0xc, 0xc, 0xc, 0x5,
    0x0, 0x28, 0xff, 0x0, 0xf0, 0xff, 0xff, 0xff,
    0xff, 0xff, 0xff, 0xff, 0xff, 0xff, 0x78, 0x0,
    0x28, 0xff, 0x0, 0x1a, 0x1c, 0x1c, 0x1c, 0x1c,
    0xff, 0x3f, 0x1c, 0x1c, 0x1c, 0xd, 0x0, 0x28,
    0xff, 0x0, 0x0, 0x0, 0x0, 0x0, 0x0, 0xff,
    0x28, 0x0, 0x0, 0x0, 0x0, 0x0, 0x28, 0xff,
    0x0, 0x0, 0x0, 0x0, 0x0, 0x0, 0xff, 0x28,
    0x0, 0x0, 0x0, 0x0, 0x0, 0x28, 0xff, 0x0,
    0x0, 0x0, 0x0, 0x0, 0x0, 0xff, 0x28, 0x0,
    0x0, 0x0, 0x0, 0x0, 0x28, 0xff, 0x0, 0x0,
    0x0, 0x0, 0x0, 0x0, 0xff, 0x28, 0x0, 0x0,
    0x0, 0x0,

    /* U+4EFB "任" */
    0x0, 0x0, 0x0, 0x1, 0x0, 0x0, 0x0, 0x0,
    0x0, 0x0, 0x0, 0x0, 0x0, 0x0, 0x0, 0x0,
    0x0, 0x0, 0x47, 0xd9, 0x7, 0xa, 0x13, 0x1c,
    0x26, 0x3d, 0x59, 0x74, 0x90, 0x26, 0x0, 0x0,
    0x0, 0x99, 0xab, 0x71, 0xff, 0xff, 0xff, 0xff,
    0xf9, 0xde, 0xc3, 0xa3, 0x4a, 0x0, 0x0, 0xd,
    0xf2, 0x4a, 0xa, 0x28, 0x1b, 0xf, 0xa2, 0xa0,
    0x0, 0x0, 0x0, 0x0, 0x0, 0x0, 0x6f, 0xff,
    0x6, 0x0, 0x0, 0x0, 0x0, 0xa0, 0xa0, 0x0,
    0x0, 0x0, 0x0, 0x0, 0xb, 0xe8, 0xff, 0x4,
    0x0, 0x0, 0x0, 0x0, 0xa0, 0xa0, 0x0, 0x0,
    0x0, 0x0, 0x0, 0x86, 0xfc, 0xff, 0x4, 0x0,
    0x0, 0x0, 0x0, 0xa0, 0xa0, 0x0, 0x0, 0x0,
    0x0, 0x25, 0xfa, 0x85, 0xff, 0x4, 0x25, 0x28,
    0x28, 0x28, 0xaf, 0xaf, 0x28, 0x28, 0x28, 0x28,
    0xc, 0x9d, 0x24, 0xff, 0x4, 0xf0, 0xff, 0xff,
    0xff, 0xff, 0xff, 0xff, 0xff, 0xff, 0xff, 0x0,
    0x0, 0x24, 0xff, 0x4, 0x0, 0x0, 0x0, 0x0,
    0xa0, 0xa0, 0x0, 0x0, 0x0, 0x0, 0x0, 0x0,
    0x24, 0xff, 0x4, 0x0, 0x0, 0x0, 0x0, 0xa0,
    0xa0, 0x0, 0x0, 0x0, 0x0, 0x0, 0x0, 0x24,
    0xff, 0x4, 0x0, 0x0, 0x0, 0x0, 0xa0, 0xa0,
    0x0, 0x0, 0x0, 0x0, 0x0, 0x0, 0x24, 0xff,
    0x4, 0x0, 0x0, 0x0, 0x0, 0xa0, 0xa0, 0x0,
    0x0, 0x0, 0x0, 0x0, 0x0, 0x24, 0xff, 0x4,
    0x1b, 0x28, 0x28, 0x28, 0xaf, 0xaf, 0x28, 0x28,
    0x28, 0x1b, 0x0, 0x0, 0x24, 0xff, 0x4, 0xb0,
    0xff, 0xff, 0xff, 0xff, 0xff, 0xff, 0xff, 0xff,
    0xb0,

    /* U+5149 "光" */
    0x0, 0x0, 0x0, 0x0, 0x0, 0x0, 0x0, 0xff,
    0x50, 0x0, 0x0, 0x0, 0x0, 0x0, 0x0, 0x0,
    0x0, 0x38, 0x5e, 0x0, 0x0, 0x0, 0xff, 0x50,
    0x0, 0x0, 0x8, 0xa0, 0x24, 0x0, 0x0, 0x0,
    0x99, 0xfb, 0x3f, 0x0, 0x0, 0xff, 0x50, 0x0,
    0x0, 0x7f, 0xf1, 0x1d, 0x0, 0x0, 0x0, 0x6,
    0xc9, 0xe2, 0xf, 0x0, 0xff, 0x50, 0x0, 0x45,
    0xfc, 0x5f, 0x0, 0x0, 0x0, 0x0, 0x0, 0x24,
    0xe6, 0x38, 0x0, 0xff, 0x50, 0x0, 0x8c, 0x82,
    0x0, 0x0, 0x0, 0x0, 0x1c, 0x1c, 0x1c, 0x24,
    0x1c, 0x1c, 0xff, 0x63, 0x1c, 0x1c, 0x1c, 0x1c,
    0x1c, 0xa, 0x0, 0xff, 0xff, 0xff, 0xff, 0xff,
    0xff, 0xff, 0xff, 0xff, 0xff, 0xff, 0xff, 0xff,
    0x60, 0x0, 0xc, 0xc, 0xc, 0x13, 0xf8, 0x5a,
    0xc, 0x86, 0xd2, 0xc, 0xc, 0xc, 0xc, 0x4,
    0x0, 0x0, 0x0, 0x0, 0x41, 0xff, 0x16, 0x0,
    0x80, 0xd0, 0x0, 0x0, 0x0, 0x0, 0x0, 0x0,
    0x0, 0x0, 0x0, 0xa5, 0xcb, 0x0, 0x0, 0x80,
    0xd0, 0x0, 0x0, 0x0, 0x0, 0x0, 0x0, 0x0,
    0x0, 0x3a, 0xfe, 0x4c, 0x0, 0x0, 0x80, 0xd0,
    0x0, 0x0, 0x0, 0x0, 0x0, 0x0, 0x0, 0x2e,
    0xeb, 0xb3, 0x0, 0x0, 0x0, 0x80, 0xd0, 0x0,
    0x0, 0x0, 0x91, 0x87, 0x4, 0x70, 0xf0, 0xc2,
    0x9, 0x0, 0x0, 0x0, 0x7e, 0xe5, 0x37, 0x28,
    0x33, 0xd1, 0x9d, 0x34, 0xf1, 0x80, 0x7, 0x0,
    0x0, 0x0, 0x0, 0x30, 0xd2, 0xf5, 0xfe, 0xfb,
    0xdf, 0x40, 0x0, 0xb, 0x0, 0x0, 0x0, 0x0,
    0x0, 0x0, 0x0, 0x0, 0x0, 0x0, 0x0, 0x0,
    0x0,

    /* U+5165 "入" */
    0x0, 0x0, 0x0, 0x0, 0x0, 0x1, 0x89, 0x61,
    0x0, 0x0, 0x0, 0x0, 0x0, 0x0, 0x0, 0x0,
    0x0, 0x0, 0x0, 0x0, 0x0, 0x0, 0xa4, 0xec,
    0x13, 0x0, 0x0, 0x0, 0x0, 0x0, 0x0, 0x0,
    0x0, 0x0, 0x0, 0x0, 0x0, 0x0, 0x17, 0xef,
    0x97, 0x0, 0x0, 0x0, 0x0, 0x0, 0x0, 0x0,
    0x0, 0x0, 0x0, 0x0, 0x0, 0x0, 0x0, 0xae,
    0xf8, 0x15, 0x0, 0x0, 0x0, 0x0, 0x0, 0x0,
    0x0, 0x0, 0x0, 0x0, 0x0, 0x0, 0xc, 0xf5,
    0xff, 0x7a, 0x0, 0x0, 0x0, 0x0, 0x0, 0x0,
    0x0, 0x0, 0x0, 0x0, 0x0, 0x0, 0x64, 0xf7,
    0x98, 0xe2, 0x3, 0x0, 0x0, 0x0, 0x0, 0x0,
    0x0, 0x0, 0x0, 0x0, 0x0, 0x0, 0xd0, 0xa4,
    0x23, 0xfe, 0x49, 0x0, 0x0, 0x0, 0x0, 0x0,
    0x0, 0x0, 0x0, 0x0, 0x0, 0x4d, 0xff, 0x33,
    0x0, 0xbc, 0xaf, 0x0, 0x0, 0x0, 0x0, 0x0,
    0x0, 0x0, 0x0, 0x0, 0x5, 0xd4, 0xb7, 0x0,
    0x0, 0x54, 0xfd, 0x25, 0x0, 0x0, 0x0, 0x0,
    0x0, 0x0, 0x0, 0x0, 0x86, 0xfb, 0x2d, 0x0,
    0x0, 0x3, 0xdf, 0xa7, 0x0, 0x0, 0x0, 0x0,
    0x0, 0x0, 0x0, 0x59, 0xff, 0x80, 0x0, 0x0,
    0x0, 0x0, 0x5a, 0xff, 0x4a, 0x0, 0x0, 0x0,
    0x0, 0x0, 0x48, 0xf7, 0xab, 0x2, 0x0, 0x0,
    0x0, 0x0, 0x0, 0xaa, 0xf1, 0x30, 0x0, 0x0,
    0x0, 0x68, 0xfc, 0xc0, 0x8, 0x0, 0x0, 0x0,
    0x0, 0x0, 0x0, 0xb, 0xd2, 0xeb, 0x4c, 0x0,
    0xc, 0xf0, 0x9f, 0x7, 0x0, 0x0, 0x0, 0x0,
    0x0, 0x0, 0x0, 0x0, 0x19, 0xcb, 0xf5, 0x1f,
    0x0, 0x2b, 0x0, 0x0, 0x0, 0x0, 0x0, 0x0,
    0x0, 0x0, 0x0, 0x0, 0x0, 0x4, 0x29, 0x0,

    /* U+5173 "关" */
    0x0, 0x0, 0x0, 0x0, 0x1, 0x0, 0x0, 0x0,
    0x0, 0x0, 0xe, 0x0, 0x0, 0x0, 0x0, 0x0,
    0x0, 0x0, 0x47, 0xc7, 0x7, 0x0, 0x0, 0x0,
    0xe, 0xf3, 0x63, 0x0, 0x0, 0x0, 0x0, 0x0,
    0x0, 0xd, 0xe2, 0x79, 0x0, 0x0, 0x0, 0x6f,
    0xf7, 0x1a, 0x0, 0x0, 0x0, 0x0, 0x0, 0x0,
    0x0, 0x51, 0x4a, 0x0, 0x0, 0xe, 0xea, 0x7e,
    0x0, 0x0, 0x0, 0x0, 0x0, 0x40, 0xff, 0xff,
    0xff, 0xff, 0xff, 0xff, 0xff, 0xff, 0xff, 0xff,
    0xff, 0x70, 0x0, 0x0, 0xa, 0x28, 0x28, 0x28,
    0x28, 0x6b, 0xf2, 0x28, 0x28, 0x28, 0x28, 0x28,
    0x11, 0x0, 0x0, 0x0, 0x0, 0x0, 0x0, 0x0,
    0x52, 0xee, 0x0, 0x0, 0x0, 0x0, 0x0, 0x0,
    0x0, 0x0, 0x0, 0x0, 0x0, 0x0, 0x0, 0x5c,
    0xe8, 0x0, 0x0, 0x0, 0x0, 0x0, 0x0, 0x0,
    0x0, 0xff, 0xff, 0xff, 0xff, 0xff, 0xff, 0xff,
    0xff, 0xff, 0xff, 0xff, 0xff, 0xff, 0x0, 0x0,
    0x28, 0x28, 0x28, 0x28, 0x28, 0xbc, 0xff, 0xce,
    0x28, 0x28, 0x28, 0x28, 0x28, 0x0, 0x0, 0x0,
    0x0, 0x0, 0x0, 0x1e, 0xf8, 0x89, 0xf0, 0x62,
    0x0, 0x0, 0x0, 0x0, 0x0, 0x0, 0x0, 0x0,
    0x0, 0xd, 0xc8, 0xe6, 0xd, 0x62, 0xfb, 0x5e,
    0x0, 0x0, 0x0, 0x0, 0x0, 0x0, 0x0, 0x37,
    0xd5, 0xf4, 0x3b, 0x0, 0x0, 0x80, 0xff, 0xa7,
    0x1e, 0x0, 0x0, 0x8, 0x50, 0xb5, 0xff, 0xd5,
    0x30, 0x0, 0x0, 0x0, 0x0, 0x67, 0xf3, 0xfa,
    0xb5, 0x48, 0x37, 0xf9, 0xd2, 0x64, 0x4, 0x0,
    0x0, 0x0, 0x0, 0x0, 0x0, 0x20, 0x9b, 0xf6,
    0x53, 0x0, 0x16, 0x0, 0x0, 0x0, 0x0, 0x0,
    0x0, 0x0, 0x0, 0x0, 0x0, 0x0, 0x11, 0x0,

    /* U+51C6 "准" */
    0x0, 0x3, 0x13, 0x0, 0x0, 0x0, 0x15, 0xa0,
    0x22, 0x26, 0x94, 0x10, 0x0, 0x0, 0x0, 0x0,
    0x0, 0xa0, 0xc8, 0x4, 0x0, 0x0, 0x6a, 0xfa,
    0x17, 0x14, 0xef, 0x79, 0x0, 0x0, 0x0, 0x0,
    0x0, 0x24, 0xf2, 0x7a, 0x0, 0x1, 0xd6, 0xb1,
    0x28, 0x28, 0xa9, 0xd4, 0x28, 0x28, 0x28, 0x3,
    0x0, 0x0, 0x7c, 0xf1, 0x10, 0x57, 0xff, 0xff,
    0xff, 0xff, 0xff, 0xff, 0xff, 0xff, 0xff, 0x14,
    0x0, 0x0, 0xc, 0x47, 0xb, 0xe1, 0xff, 0x24,
    0x0, 0x0, 0x28, 0xff, 0x0, 0x0, 0x0, 0x0,
    0x0, 0x0, 0x0, 0x0, 0x9b, 0xe9, 0xff, 0x31,
    0x10, 0x10, 0x35, 0xff, 0x10, 0x10, 0xa, 0x0,
    0x0, 0x0, 0x0, 0x0, 0xc7, 0x42, 0xff, 0xff,
    0xff, 0xff, 0xff, 0xff, 0xff, 0xff, 0xa4, 0x0,
    0x0, 0x0, 0x0, 0x32, 0xe, 0x4, 0xff, 0x24,
    0x0, 0x0, 0x28, 0xff, 0x0, 0x0, 0x0, 0x0,
    0x0, 0x0, 0x2d, 0xfe, 0x1a, 0x4, 0xff, 0x24,
    0x0, 0x0, 0x28, 0xff, 0x0, 0x0, 0x0, 0x0,
    0x0, 0x0, 0x8c, 0xd3, 0x0, 0x4, 0xff, 0xff,
    0xff, 0xff, 0xff, 0xff, 0xff, 0xff, 0xa4, 0x0,
    0x0, 0x8, 0xe8, 0x81, 0x0, 0x4, 0xff, 0x3f,
    0x20, 0x20, 0x43, 0xff, 0x20, 0x20, 0x14, 0x0,
    0x0, 0x6f, 0xfd, 0x23, 0x0, 0x4, 0xff, 0x24,
    0x0, 0x0, 0x28, 0xff, 0x0, 0x0, 0x0, 0x0,
    0x6, 0xe5, 0xac, 0x0, 0x0, 0x4, 0xff, 0xff,
    0xff, 0xff, 0xff, 0xff, 0xff, 0xff, 0xff, 0x34,
    0x0, 0x5b, 0x34, 0x0, 0x0, 0x4, 0xff, 0x3f,
    0x20, 0x20, 0x20, 0x20, 0x20, 0x20, 0x20, 0x6,

    /* U+5206 "分" */
    0x0, 0x0, 0x0, 0x0, 0x0, 0x0, 0x0, 0x0,
    0x0, 0x0, 0x3, 0x0, 0x0, 0x0, 0x0, 0x0,
    0x0, 0x0, 0x0, 0x0, 0x3, 0xbc, 0x39, 0x0,
    0x0, 0x72, 0x8d, 0x0, 0x0, 0x0, 0x0, 0x0,
    0x0, 0x0, 0x0, 0x0, 0x74, 0xec, 0x13, 0x0,
    0x0, 0x64, 0xfe, 0x43, 0x0, 0x0, 0x0, 0x0,
    0x0, 0x0, 0x0, 0x37, 0xfa, 0x5e, 0x0, 0x0,
    0x0, 0x0, 0xb4, 0xec, 0x21, 0x0, 0x0, 0x0,
    0x0, 0x0, 0x1f, 0xe4, 0xa6, 0x0, 0x0, 0x0,
    0x0, 0x0, 0x12, 0xde, 0xd9, 0x19, 0x0, 0x0,
    0x0, 0x1d, 0xdb, 0xce, 0xc, 0x0, 0x0, 0x0,
    0x0, 0x0, 0x0, 0x2c, 0xee, 0xd9, 0x25, 0x0,
    0x1a, 0xe6, 0xdd, 0x19, 0x0, 0x0, 0x0, 0x0,
    0x0, 0x0, 0x0, 0x0, 0x37, 0xef, 0xda, 0x1,
    0x1, 0x8e, 0x1a, 0xd0, 0xff, 0xff, 0xff, 0xff,
    0xff, 0xff, 0xff, 0xff, 0x6e, 0x28, 0x51, 0x0,
    0x0, 0x0, 0x0, 0x20, 0x28, 0x59, 0xff, 0x45,
    0x28, 0x28, 0x28, 0xf5, 0x6d, 0x0, 0x0, 0x0,
    0x0, 0x0, 0x0, 0x0, 0x0, 0x74, 0xf9, 0x6,
    0x0, 0x0, 0x0, 0xfc, 0x68, 0x0, 0x0, 0x0,
    0x0, 0x0, 0x0, 0x0, 0x0, 0xcb, 0xbf, 0x0,
    0x0, 0x0, 0x7, 0xff, 0x60, 0x0, 0x0, 0x0,
    0x0, 0x0, 0x0, 0x0, 0x58, 0xff, 0x58, 0x0,
    0x0, 0x0, 0x15, 0xff, 0x54, 0x0, 0x0, 0x0,
    0x0, 0x0, 0x0, 0x47, 0xf4, 0xb4, 0x1, 0x0,
    0x0, 0x0, 0x2c, 0xff, 0x40, 0x0, 0x0, 0x0,
    0x0, 0x16, 0x96, 0xfd, 0xab, 0xa, 0x0, 0x0,
    0x30, 0x2c, 0x8a, 0xff, 0x19, 0x0, 0x0, 0x0,
    0x0, 0x8c, 0xe0, 0x5a, 0x0, 0x0, 0x0, 0x0,
    0x98, 0xf6, 0xf5, 0x84, 0x0, 0x0, 0x0, 0x0,
    0x0, 0x0, 0x5, 0x0, 0x0, 0x0, 0x0, 0x0,
    0x0, 0x0, 0x0, 0x0, 0x0, 0x0, 0x0, 0x0,

    /* U+5207 "切" */
    0x0, 0x0, 0x20, 0xff, 0x0, 0x0, 0x0, 0x0,
    0x0, 0x0, 0x0, 0x0, 0x0, 0x0, 0x0, 0x0,
    0x0, 0x0, 0x20, 0xff, 0x0, 0x0, 0x0, 0x0,
    0xe8, 0xff, 0xff, 0xff, 0xff, 0xff, 0xff, 0x6,
    0x0, 0x0, 0x20, 0xff, 0x0, 0x0, 0x0, 0x0,
    0x24, 0x4b, 0xfe, 0x28, 0x28, 0x4a, 0xff, 0x3,
    0x0, 0x0, 0x20, 0xff, 0x10, 0x4c, 0x89, 0x4b,
    0x0, 0x2c, 0xfa, 0x0, 0x0, 0x29, 0xff, 0x1,
    0x2, 0x4b, 0x96, 0xff, 0xfd, 0xd8, 0x9a, 0x33,
    0x0, 0x32, 0xf5, 0x0, 0x0, 0x2c, 0xfc, 0x0,
    0x1, 0xc5, 0x9d, 0xff, 0x15, 0x0, 0x0, 0x0,
    0x0, 0x3e, 0xea, 0x0, 0x0, 0x2f, 0xf8, 0x0,
    0x0, 0x0, 0x20, 0xff, 0x0, 0x0, 0x0, 0x0,
    0x0, 0x4e, 0xdc, 0x0, 0x0, 0x35, 0xf1, 0x0,
    0x0, 0x0, 0x20, 0xff, 0x0, 0x0, 0x0, 0x0,
    0x0, 0x67, 0xc6, 0x0, 0x0, 0x3e, 0xe9, 0x0,
    0x0, 0x0, 0x20, 0xff, 0x0, 0x0, 0x0, 0x0,
    0x0, 0x8d, 0xa7, 0x0, 0x0, 0x48, 0xdf, 0x0,
    0x0, 0x0, 0x20, 0xff, 0x0, 0x0, 0x4, 0x1b,
    0x0, 0xc6, 0x78, 0x0, 0x0, 0x58, 0xd2, 0x0,
    0x0, 0x0, 0x20, 0xff, 0x18, 0x75, 0xe0, 0x82,
    0x2c, 0xfe, 0x33, 0x0, 0x0, 0x6d, 0xc1, 0x0,
    0x0, 0x0, 0x1f, 0xff, 0xf9, 0xba, 0x48, 0x0,
    0xb1, 0xcc, 0x0, 0x0, 0x0, 0x8c, 0xa9, 0x0,
    0x0, 0x0, 0x0, 0x56, 0x1b, 0x0, 0x0, 0x64,
    0xfe, 0x42, 0x4, 0x4b, 0x2e, 0xcb, 0x7f, 0x0,
    0x0, 0x0, 0x0, 0x0, 0x0, 0x0, 0x0, 0xa6,
    0x8b, 0x0, 0x0, 0xcd, 0xf2, 0xd9, 0x1b, 0x0,
    0x0, 0x0, 0x0, 0x0, 0x0, 0x0, 0x0, 0x5,
    0x2, 0x0, 0x0, 0x0, 0x0, 0x0, 0x0, 0x0,

    /* U+52A0 "加" */
    0x0, 0x0, 0x0, 0xff, 0x28, 0x0, 0x0, 0x0,
    0x0, 0x0, 0x0, 0x0, 0x0, 0x0, 0x0, 0x0,
    0x0, 0x0, 0xff, 0x28, 0x0, 0x0, 0x0, 0x1a,
    0xa8, 0xa8, 0xa8, 0xa8, 0xa8, 0x1a, 0x11, 0x1c,
    0x1c, 0xff, 0x3f, 0x1c, 0x1c, 0x4, 0x28, 0xff,
    0x80, 0x80, 0x80, 0xff, 0x28, 0xa0, 0xff, 0xff,
    0xff, 0xff, 0xff, 0xff, 0x27, 0x28, 0xff, 0x0,
    0x0, 0x0, 0xff, 0x28, 0x7, 0xc, 0x10, 0xff,
    0x2d, 0xc, 0xff, 0x26, 0x28, 0xff, 0x0, 0x0,
    0x0, 0xff, 0x28, 0x0, 0x0, 0xf, 0xff, 0x19,
    0x2, 0xff, 0x25, 0x28, 0xff, 0x0, 0x0, 0x0,
    0xff, 0x28, 0x0, 0x0, 0x24, 0xff, 0x6, 0x5,
    0xff, 0x21, 0x28, 0xff, 0x0, 0x0, 0x0, 0xff,
    0x28, 0x0, 0x0, 0x42, 0xea, 0x0, 0x8, 0xff,
    0x1e, 0x28, 0xff, 0x0, 0x0, 0x0, 0xff, 0x28,
    0x0, 0x0, 0x6f, 0xc0, 0x0, 0xf, 0xff, 0x18,
    0x28, 0xff, 0x0, 0x0, 0x0, 0xff, 0x28, 0x0,
    0x0, 0xae, 0x88, 0x0, 0x17, 0xff, 0x10, 0x28,
    0xff, 0x0, 0x0, 0x0, 0xff, 0x28, 0x0, 0xc,
    0xf5, 0x3e, 0x0, 0x26, 0xff, 0x4, 0x28, 0xff,
    0x0, 0x0, 0x0, 0xff, 0x28, 0x0, 0x71, 0xda,
    0x1, 0x0, 0x3d, 0xea, 0x0, 0x28, 0xff, 0xff,
    0xff, 0xff, 0xff, 0x28, 0x1b, 0xee, 0x58, 0x24,
    0x30, 0x9b, 0xbb, 0x0, 0x28, 0xff, 0x20, 0x20,
    0x20, 0xff, 0x28, 0xb5, 0xa4, 0x0, 0x5f, 0xf5,
    0xe1, 0x3f, 0x0, 0x19, 0xa0, 0x0, 0x0, 0x0,
    0x90, 0x16, 0xe, 0x4, 0x0, 0x0, 0x0, 0x0,
    0x0, 0x0, 0x0, 0x0, 0x0, 0x0, 0x0, 0x0,
    0x0,

    /* U+52A8 "动" */
    0x0, 0x0, 0x0, 0x0, 0x0, 0x0, 0x0, 0x0,
    0x0, 0x14, 0xff, 0x14, 0x0, 0x0, 0x0, 0x0,
    0x0, 0x90, 0xff, 0xff, 0xff, 0xff, 0xc0, 0x0,
    0x0, 0x14, 0xff, 0x14, 0x0, 0x0, 0x0, 0x0,
    0x0, 0x12, 0x20, 0x20, 0x20, 0x20, 0x18, 0x0,
    0x46, 0x61, 0xff, 0x61, 0x54, 0x54, 0x54, 0x2,
    0x0, 0x0, 0x0, 0x0, 0x0, 0x0, 0x0, 0x0,
    0xcd, 0xf4, 0xff, 0xf4, 0xf4, 0xf5, 0xff, 0x5,
    0x2, 0x28, 0x28, 0x28, 0x28, 0x28, 0x28, 0xa,
    0x0, 0x1a, 0xff, 0xe, 0x0, 0x2a, 0xff, 0x2,
    0x10, 0xff, 0xff, 0xff, 0xff, 0xff, 0xff, 0x40,
    0x0, 0x25, 0xff, 0x4, 0x0, 0x2c, 0xfe, 0x0,
    0x0, 0x0, 0xd, 0xf9, 0x55, 0x0, 0x0, 0x0,
    0x0, 0x3f, 0xed, 0x0, 0x0, 0x30, 0xf9, 0x0,
    0x0, 0x0, 0x56, 0xf5, 0xb, 0x7, 0x10, 0x0,
    0x0, 0x64, 0xcf, 0x0, 0x0, 0x38, 0xf2, 0x0,
    0x0, 0x0, 0xb5, 0x9f, 0x0, 0x9f, 0xad, 0x0,
    0x0, 0x9a, 0xa0, 0x0, 0x0, 0x42, 0xe9, 0x0,
    0x0, 0x27, 0xfb, 0x2f, 0x0, 0x38, 0xfe, 0x2f,
    0x1, 0xe2, 0x62, 0x0, 0x0, 0x53, 0xde, 0x0,
    0x0, 0xad, 0xa1, 0xb, 0x3e, 0x84, 0xfa, 0x8d,
    0x47, 0xfa, 0x16, 0x0, 0x0, 0x67, 0xce, 0x0,
    0x14, 0xff, 0xec, 0xfe, 0xdf, 0x9e, 0xa9, 0xcd,
    0xcb, 0xa5, 0x0, 0x0, 0x0, 0x87, 0xb8, 0x0,
    0x0, 0x50, 0x39, 0x14, 0x0, 0x0, 0x6, 0x89,
    0xf4, 0x22, 0x13, 0x41, 0x2d, 0xc8, 0x8d, 0x0,
    0x0, 0x0, 0x0, 0x0, 0x0, 0x0, 0x22, 0xf1,
    0x55, 0x0, 0x1c, 0xe5, 0xfb, 0xda, 0x1f, 0x0,
    0x0, 0x0, 0x0, 0x0, 0x0, 0x0, 0x0, 0x10,
    0x0, 0x0, 0x0, 0x0, 0x0, 0x0, 0x0, 0x0,

    /* U+5347 "升" */
    0x0, 0x0, 0x0, 0x0, 0x0, 0x2c, 0x76, 0x7a,
    0x0, 0x60, 0xe0, 0x0, 0x0, 0x0, 0x13, 0x46,
    0x76, 0xa7, 0xe1, 0xff, 0xd2, 0x85, 0x1, 0x60,
    0xe0, 0x0, 0x0, 0x0, 0x6b, 0xf8, 0xcc, 0xbf,
    0xff, 0x1b, 0x0, 0x0, 0x0, 0x60, 0xe0, 0x0,
    0x0, 0x0, 0x5, 0x5, 0x0, 0x50, 0xff, 0x0,
    0x0, 0x0, 0x0, 0x60, 0xe0, 0x0, 0x0, 0x0,
    0x0, 0x0, 0x0, 0x50, 0xff, 0x0, 0x0, 0x0,
    0x0, 0x60, 0xe0, 0x0, 0x0, 0x0, 0x0, 0x0,
    0x0, 0x50, 0xff, 0x0, 0x0, 0x0, 0x0, 0x60,
    0xe0, 0x0, 0x0, 0x0, 0xff, 0xff, 0xff, 0xff,
    0xff, 0xff, 0xff, 0xff, 0xff, 0xff, 0xff, 0xff,
    0xff, 0xff, 0x28, 0x28, 0x28, 0x70, 0xfa, 0x28,
    0x28, 0x28, 0x28, 0x79, 0xe5, 0x28, 0x28, 0x28,
    0x0, 0x0, 0x0, 0x75, 0xdc, 0x0, 0x0, 0x0,
    0x0, 0x60, 0xe0, 0x0, 0x0, 0x0, 0x0, 0x0,
    0x0, 0xc2, 0xab, 0x0, 0x0, 0x0, 0x0, 0x60,
    0xe0, 0x0, 0x0, 0x0, 0x0, 0x0, 0x45, 0xff,
    0x42, 0x0, 0x0, 0x0, 0x0, 0x60, 0xe0, 0x0,
    0x0, 0x0, 0x0, 0x26, 0xec, 0xa9, 0x0, 0x0,
    0x0, 0x0, 0x0, 0x60, 0xe0, 0x0, 0x0, 0x0,
    0x47, 0xee, 0xc7, 0xb, 0x0, 0x0, 0x0, 0x0,
    0x0, 0x60, 0xe0, 0x0, 0x0, 0x0, 0x4c, 0x98,
    0x7, 0x0, 0x0, 0x0, 0x0, 0x0, 0x0, 0x60,
    0xe0, 0x0, 0x0, 0x0,

    /* U+5408 "合" */
    0x0, 0x0, 0x0, 0x0, 0x0, 0x0, 0x0, 0x15,
    0x36, 0x1, 0x0, 0x0, 0x0, 0x0, 0x0, 0x0,
    0x0, 0x0, 0x0, 0x0, 0x0, 0x0, 0x12, 0xd1,
    0xf5, 0x1b, 0x0, 0x0, 0x0, 0x0, 0x0, 0x0,
    0x0, 0x0, 0x0, 0x0, 0x0, 0x2c, 0xdb, 0xc4,
    0xad, 0xe2, 0x3b, 0x0, 0x0, 0x0, 0x0, 0x0,
    0x0, 0x0, 0x0, 0x2, 0x6f, 0xf4, 0xa5, 0x8,
    0x1, 0x83, 0xfb, 0x90, 0xd, 0x0, 0x0, 0x0,
    0x0, 0x0, 0x3d, 0xcb, 0xf3, 0x65, 0x0, 0x0,
    0x0, 0x0, 0x44, 0xe5, 0xe9, 0x6c, 0x9, 0x0,
    0x6, 0xb5, 0xff, 0xab, 0x1c, 0x0, 0x0, 0x0,
    0x0, 0x0, 0x0, 0xe, 0x90, 0xfa, 0xe4, 0xc,
    0x0, 0x6b, 0x33, 0x94, 0xff, 0xff, 0xff, 0xff,
    0xff, 0xff, 0xff, 0xff, 0xa4, 0x1f, 0x52, 0x0,
    0x0, 0x0, 0x0, 0x17, 0x28, 0x28, 0x28, 0x28,
    0x28, 0x28, 0x28, 0x28, 0x19, 0x0, 0x0, 0x0,
    0x0, 0x0, 0x0, 0x0, 0x0, 0x0, 0x0, 0x0,
    0x0, 0x0, 0x0, 0x0, 0x0, 0x0, 0x0, 0x0,
    0x0, 0x0, 0x28, 0xff, 0xff, 0xff, 0xff, 0xff,
    0xff, 0xff, 0xff, 0xff, 0xff, 0x28, 0x0, 0x0,
    0x0, 0x0, 0x28, 0xff, 0x28, 0x28, 0x28, 0x28,
    0x28, 0x28, 0x28, 0x28, 0xff, 0x28, 0x0, 0x0,
    0x0, 0x0, 0x28, 0xff, 0x0, 0x0, 0x0, 0x0,
    0x0, 0x0, 0x0, 0x0, 0xff, 0x28, 0x0, 0x0,
    0x0, 0x0, 0x28, 0xff, 0x0, 0x0, 0x0, 0x0,
    0x0, 0x0, 0x0, 0x0, 0xff, 0x28, 0x0, 0x0,
    0x0, 0x0, 0x28, 0xff, 0xff, 0xff, 0xff, 0xff,
    0xff, 0xff, 0xff, 0xff, 0xff, 0x28, 0x0, 0x0,
    0x0, 0x0, 0x28, 0xff, 0x28, 0x28, 0x28, 0x28,
    0x28, 0x28, 0x28, 0x28, 0xff, 0x28, 0x0, 0x0,

    /* U+540E "后" */
    0x0, 0x0, 0x0, 0x0, 0x0, 0xe, 0x23, 0x38,
    0x51, 0x6c, 0x88, 0xaa, 0xa3, 0x0, 0x0, 0x0,
    0x20, 0xda, 0xeb, 0xfb, 0xff, 0xff, 0xf1, 0xdb,
    0xc2, 0xa7, 0x89, 0x68, 0xb, 0x0, 0x0, 0x28,
    0xff, 0x38, 0x29, 0x18, 0x6, 0x0, 0x0, 0x0,
    0x0, 0x0, 0x0, 0x0, 0x0, 0x0, 0x28, 0xff,
    0x0, 0x0, 0x0, 0x0, 0x0, 0x0, 0x0, 0x0,
    0x0, 0x0, 0x0, 0x0, 0x0, 0x28, 0xff, 0xff,
    0xff, 0xff, 0xff, 0xff, 0xff, 0xff, 0xff, 0xff,
    0xff, 0xff, 0x10, 0x0, 0x2b, 0xfe, 0x28, 0x28,
    0x28, 0x28, 0x28, 0x28, 0x28, 0x28, 0x28, 0x28,
    0x28, 0x2, 0x0, 0x2f, 0xfa, 0x0, 0x0, 0x0,
    0x0, 0x0, 0x0, 0x0, 0x0, 0x0, 0x0, 0x0,
    0x0, 0x0, 0x3a, 0xf3, 0x0, 0x28, 0x28, 0x28,
    0x28, 0x28, 0x28, 0x28, 0x28, 0x28, 0x1, 0x0,
    0x0, 0x49, 0xe6, 0x0, 0xff, 0xff, 0xff, 0xff,
    0xff, 0xff, 0xff, 0xff, 0xff, 0x8, 0x0, 0x0,
    0x64, 0xcf, 0x0, 0xff, 0x28, 0x0, 0x0, 0x0,
    0x0, 0x0, 0x20, 0xff, 0x8, 0x0, 0x0, 0x95,
    0xab, 0x0, 0xff, 0x28, 0x0, 0x0, 0x0, 0x0,
    0x0, 0x20, 0xff, 0x8, 0x0, 0x4, 0xe8, 0x65,
    0x0, 0xff, 0x28, 0x0, 0x0, 0x0, 0x0, 0x0,
    0x20, 0xff, 0x8, 0x0, 0x73, 0xf4, 0x12, 0x0,
    0xff, 0xff, 0xff, 0xff, 0xff, 0xff, 0xff, 0xff,
    0xff, 0x8, 0x0, 0x88, 0x73, 0x0, 0x0, 0xff,
    0x49, 0x28, 0x28, 0x28, 0x28, 0x28, 0x43, 0xff,
    0x8, 0x0, 0x0, 0x0, 0x0, 0x0, 0x10, 0x2,
    0x0, 0x0, 0x0, 0x0, 0x0, 0x0, 0x0, 0x0,
    0x0,

    /* U+542F "启" */
    0x0, 0x0, 0x0, 0x0, 0x0, 0x0, 0x0, 0x52,
    0x95, 0x0, 0x0, 0x0, 0x0, 0x0, 0x0, 0x0,
    0x0, 0x3, 0x28, 0x28, 0x28, 0x28, 0x66, 0xf8,
    0x2f, 0x28, 0x28, 0x28, 0x28, 0x0, 0x0, 0x0,
    0x14, 0xff, 0xff, 0xff, 0xff, 0xff, 0xff, 0xff,
    0xff, 0xff, 0xff, 0xff, 0x4, 0x0, 0x0, 0x14,
    0xff, 0x14, 0x0, 0x0, 0x0, 0x0, 0x0, 0x0,
    0x0, 0x24, 0xff, 0x4, 0x0, 0x0, 0x14, 0xff,
    0x14, 0x0, 0x0, 0x0, 0x0, 0x0, 0x0, 0x0,
    0x24, 0xff, 0x4, 0x0, 0x0, 0x14, 0xff, 0x38,
    0x28, 0x28, 0x28, 0x28, 0x28, 0x28, 0x28, 0x46,
    0xff, 0x4, 0x0, 0x0, 0x16, 0xff, 0xff, 0xff,
    0xff, 0xff, 0xff, 0xff, 0xff, 0xff, 0xff, 0xff,
    0x4, 0x0, 0x0, 0x25, 0xff, 0x11, 0x0, 0x0,
    0x0, 0x0, 0x0, 0x0, 0x0, 0x0, 0x0, 0x0,
    0x0, 0x0, 0x37, 0xfe, 0x2, 0x1f, 0x20, 0x20,
    0x20, 0x20, 0x20, 0x20, 0x20, 0x20, 0xa, 0x0,
    0x0, 0x67, 0xeb, 0x0, 0xf8, 0xff, 0xff, 0xff,
    0xff, 0xff, 0xff, 0xff, 0xff, 0x54, 0x0, 0x0,
    0xa8, 0xb2, 0x0, 0xf8, 0x4c, 0x0, 0x0, 0x0,
    0x0, 0x0, 0x0, 0xd8, 0x54, 0x0, 0x1b, 0xfa,
    0x61, 0x0, 0xf8, 0x4c, 0x0, 0x0, 0x0, 0x0,
    0x0, 0x0, 0xd8, 0x54, 0x2, 0xb6, 0xd8, 0x4,
    0x0, 0xf8, 0xff, 0xff, 0xff, 0xff, 0xff, 0xff,
    0xff, 0xff, 0x54, 0x11, 0xc7, 0x2a, 0x0, 0x0,
    0xf8, 0x68, 0x28, 0x28, 0x28, 0x28, 0x28, 0x28,
    0xde, 0x54, 0x0, 0x0, 0x0, 0x0, 0x0, 0xf,
    0x4, 0x0, 0x0, 0x0, 0x0, 0x0, 0x0, 0x0,
    0x0,

    /* U+5438 "吸" */
    0x20, 0x20, 0x20, 0x20, 0x0, 0xff, 0xff, 0xff,
    0xff, 0xff, 0xff, 0xf0, 0x0, 0x0, 0xff, 0xff,
    0xff, 0xff, 0x0, 0x20, 0xe9, 0x6b, 0x20, 0x20,
    0xa4, 0xc8, 0x0, 0x0, 0xff, 0x28, 0x28, 0xff,
    0x0, 0x0, 0xf4, 0x42, 0x0, 0x2, 0xe7, 0x6d,
    0x0, 0x0, 0xff, 0x28, 0x28, 0xff, 0x0, 0x7,
    0xff, 0x2d, 0x0, 0x43, 0xfe, 0x36, 0x20, 0x15,
    0xff, 0x28, 0x28, 0xff, 0x0, 0x1d, 0xff, 0x4a,
    0x0, 0x40, 0xff, 0xff, 0xff, 0x8c, 0xff, 0x28,
    0x28, 0xff, 0x0, 0x39, 0xff, 0xc2, 0x0, 0x0,
    0x0, 0x9, 0xf3, 0x53, 0xff, 0x28, 0x28, 0xff,
    0x0, 0x5b, 0xe9, 0xf7, 0x50, 0x0, 0x0, 0x55,
    0xf8, 0xe, 0xff, 0x28, 0x28, 0xff, 0x0, 0x88,
    0xac, 0x89, 0xe5, 0x13, 0x1, 0xc2, 0xae, 0x0,
    0xff, 0xff, 0xff, 0xff, 0x0, 0xc4, 0x78, 0xf,
    0xe6, 0xbc, 0x6a, 0xff, 0x3a, 0x0, 0xff, 0x43,
    0x20, 0x20, 0x1f, 0xfc, 0x25, 0x0, 0x42, 0xfd,
    0xff, 0xac, 0x0, 0x0, 0xff, 0x28, 0x0, 0x0,
    0xa8, 0xc3, 0x0, 0x0, 0x13, 0xdb, 0xff, 0x66,
    0x0, 0x0, 0x50, 0xc, 0x0, 0x47, 0xfe, 0x3b,
    0x0, 0x3a, 0xdf, 0xf5, 0xcb, 0xfd, 0x6c, 0x0,
    0x0, 0x0, 0x2d, 0xf1, 0x9c, 0x1, 0x9f, 0xfe,
    0xd3, 0x2c, 0x4, 0x90, 0xff, 0xa2, 0x0, 0x0,
    0x21, 0x9f, 0x7, 0x0, 0x72, 0x62, 0x3, 0x0,
    0x0, 0x0, 0x5d, 0x52,

    /* U+547C "呼" */
    0x0, 0x0, 0x0, 0x0, 0x0, 0x0, 0x0, 0x0,
    0x0, 0x0, 0x0, 0x1c, 0x40, 0x0, 0x0, 0x28,
    0x28, 0x28, 0x28, 0x0, 0x48, 0x88, 0x97, 0xa7,
    0xc3, 0xef, 0xff, 0xf5, 0x30, 0x0, 0xff, 0xff,
    0xff, 0xff, 0x0, 0x46, 0xa8, 0x99, 0x9c, 0xff,
    0x50, 0x28, 0x3, 0x0, 0x0, 0xff, 0x28, 0x28,
    0xff, 0x0, 0x3a, 0x56, 0x0, 0x28, 0xff, 0x0,
    0x18, 0xcc, 0x19, 0x0, 0xff, 0x28, 0x28, 0xff,
    0x0, 0x5f, 0xe9, 0x9, 0x28, 0xff, 0x0, 0x68,
    0xec, 0x3, 0x0, 0xff, 0x28, 0x28, 0xff, 0x0,
    0x2, 0xd8, 0x71, 0x28, 0xff, 0x0, 0xcd, 0x97,
    0x0, 0x0, 0xff, 0x28, 0x28, 0xff, 0x0, 0x0,
    0x67, 0x7f, 0x28, 0xff, 0x5, 0x92, 0x25, 0x0,
    0x0, 0xff, 0x28, 0x28, 0xff, 0x21, 0x90, 0x90,
    0x90, 0xa1, 0xff, 0x90, 0x90, 0x90, 0x90, 0x9,
    0xff, 0x28, 0x28, 0xff, 0x1f, 0x88, 0x88, 0x88,
    0x9a, 0xff, 0x88, 0x88, 0x88, 0x88, 0x8, 0xff,
    0xff, 0xff, 0xff, 0x0, 0x0, 0x0, 0x0, 0x28,
    0xff, 0x0, 0x0, 0x0, 0x0, 0x0, 0xff, 0x49,
    0x49, 0xff, 0x0, 0x0, 0x0, 0x0, 0x28, 0xff,
    0x0, 0x0, 0x0, 0x0, 0x0, 0xff, 0x28, 0x1b,
    0xb0, 0x0, 0x0, 0x0, 0x0, 0x28, 0xff, 0x0,
    0x0, 0x0, 0x0, 0x0, 0x40, 0xa, 0x0, 0x0,
    0x0, 0x0, 0x0, 0x2f, 0x55, 0xfb, 0x0, 0x0,
    0x0, 0x0, 0x0, 0x0, 0x0, 0x0, 0x0, 0x0,
    0x0, 0x0, 0x98, 0xf6, 0xb7, 0x0, 0x0, 0x0,
    0x0, 0x0,

    /* U+56F4 "围" */
    0x28, 0xff, 0xff, 0xff, 0xff, 0xff, 0xff, 0xff,
    0xff, 0xff, 0xff, 0xff, 0xff, 0xff, 0x28, 0xff,
    0x28, 0x28, 0x28, 0x28, 0x5a, 0x86, 0x28, 0x28,
    0x28, 0x28, 0x49, 0xff, 0x28, 0xff, 0x0, 0x78,
    0xac, 0xac, 0xd0, 0xf0, 0xac, 0xac, 0xac, 0x53,
    0x28, 0xff, 0x28, 0xff, 0x0, 0x27, 0x38, 0x38,
    0x8f, 0xda, 0x38, 0x38, 0x38, 0x1b, 0x28, 0xff,
    0x28, 0xff, 0x0, 0x40, 0xff, 0xff, 0xff, 0xff,
    0xff, 0xff, 0xff, 0x0, 0x28, 0xff, 0x28, 0xff,
    0x0, 0xa, 0x28, 0x28, 0x86, 0xd7, 0x28, 0x28,
    0x28, 0x0, 0x28, 0xff, 0x28, 0xff, 0x0, 0x21,
    0x28, 0x28, 0x86, 0xd7, 0x28, 0x28, 0x28, 0x15,
    0x28, 0xff, 0x28, 0xff, 0x0, 0xd4, 0xff, 0xff,
    0xff, 0xff, 0xff, 0xff, 0xff, 0x81, 0x28, 0xff,
    0x28, 0xff, 0x0, 0x0, 0x0, 0x0, 0x70, 0xd0,
    0x0, 0x0, 0xc3, 0x64, 0x28, 0xff, 0x28, 0xff,
    0x0, 0x0, 0x0, 0x0, 0x70, 0xd0, 0x5c, 0xe5,
    0xdc, 0x19, 0x28, 0xff, 0x28, 0xff, 0x0, 0x0,
    0x0, 0x0, 0x47, 0x85, 0x0, 0x7, 0x0, 0x0,
    0x28, 0xff, 0x28, 0xff, 0xff, 0xff, 0xff, 0xff,
    0xff, 0xff, 0xff, 0xff, 0xff, 0xff, 0xff, 0xff,
    0x28, 0xff, 0x28, 0x28, 0x28, 0x28, 0x28, 0x28,
    0x28, 0x28, 0x28, 0x28, 0x49, 0xff,

    /* U+5728 "在" */
    0x0, 0x0, 0x0, 0x0, 0x0, 0x7, 0xdd, 0x4c,
    0x0, 0x0, 0x0, 0x0, 0x0, 0x0, 0x0, 0x0,
    0x0, 0x0, 0x0, 0x0, 0x5c, 0xfa, 0x13, 0x0,
    0x0, 0x0, 0x0, 0x0, 0x0, 0x0, 0x0, 0xff,
    0xff, 0xff, 0xff, 0xff, 0xff, 0xff, 0xff, 0xff,
    0xff, 0xff, 0xff, 0xff, 0xff, 0x0, 0x28, 0x28,
    0x28, 0x7e, 0xfc, 0x40, 0x28, 0x28, 0x28, 0x28,
    0x28, 0x28, 0x28, 0x28, 0x0, 0x0, 0x0, 0x18,
    0xeb, 0x9c, 0x0, 0x0, 0x0, 0xa2, 0x57, 0x0,
    0x0, 0x0, 0x0, 0x0, 0x0, 0x30, 0xff, 0xf1,
    0x1c, 0x0, 0x0, 0x0, 0xd0, 0x70, 0x0, 0x0,
    0x0, 0x0, 0x0, 0x0, 0x63, 0xff, 0x65, 0x0,
    0x0, 0x0, 0x0, 0xd0, 0x70, 0x0, 0x0, 0x0,
    0x0, 0x0, 0x3a, 0xf8, 0xff, 0x10, 0x90, 0xff,
    0xff, 0xff, 0xff, 0xff, 0xff, 0xff, 0xff, 0x50,
    0x21, 0xea, 0xe8, 0xff, 0x10, 0x16, 0x28, 0x28,
    0x28, 0xd7, 0x86, 0x28, 0x28, 0x28, 0xc, 0x2a,
    0xca, 0x45, 0xff, 0x10, 0x0, 0x0, 0x0, 0x0,
    0xd0, 0x70, 0x0, 0x0, 0x0, 0x0, 0x0, 0x1,
    0x30, 0xff, 0x10, 0x0, 0x0, 0x0, 0x0, 0xd0,
    0x70, 0x0, 0x0, 0x0, 0x0, 0x0, 0x0, 0x30,
    0xff, 0x10, 0x0, 0x0, 0x0, 0x0, 0xd0, 0x70,
    0x0, 0x0, 0x0, 0x0, 0x0, 0x0, 0x30, 0xff,
    0x1c, 0x28, 0x28, 0x28, 0x28, 0xd7, 0x86, 0x28,
    0x28, 0x28, 0x23, 0x0, 0x0, 0x30, 0xff, 0x60,
    0xff, 0xff, 0xff, 0xff, 0xff, 0xff, 0xff, 0xff,
    0xff, 0xe0,

    /* U+5916 "外" */
    0x0, 0x0, 0x0, 0x9a, 0x45, 0x0, 0x0, 0x0,
    0x28, 0xff, 0x0, 0x0, 0x0, 0x0, 0x0, 0x0,
    0x10, 0xfb, 0x4b, 0x0, 0x0, 0x0, 0x28, 0xff,
    0x0, 0x0, 0x0, 0x0, 0x0, 0x0, 0x5e, 0xff,
    0x37, 0x28, 0x28, 0x12, 0x28, 0xff, 0x0, 0x0,
    0x0, 0x0, 0x0, 0x0, 0xbf, 0xff, 0xff, 0xff,
    0xff, 0x77, 0x28, 0xff, 0x0, 0x0, 0x0, 0x0,
    0x0, 0x2f, 0xff, 0x51, 0x0, 0x2, 0xf1, 0x60,
    0x28, 0xff, 0x0, 0x0, 0x0, 0x0, 0x0, 0xab,
    0xdb, 0x3, 0x0, 0x2d, 0xff, 0x1f, 0x28, 0xff,
    0x54, 0x0, 0x0, 0x0, 0x3e, 0xff, 0xf6, 0x5a,
    0x0, 0x79, 0xcc, 0x0, 0x28, 0xff, 0xf1, 0x71,
    0x0, 0x0, 0x7b, 0xb5, 0x51, 0xf8, 0x46, 0xd7,
    0x68, 0x0, 0x28, 0xff, 0x3e, 0xf5, 0x83, 0x0,
    0x0, 0x6, 0x0, 0x2e, 0x54, 0xeb, 0x9, 0x0,
    0x28, 0xff, 0x0, 0x47, 0xfc, 0x7f, 0x0, 0x0,
    0x0, 0x11, 0xe1, 0x70, 0x0, 0x0, 0x28, 0xff,
    0x0, 0x0, 0x6e, 0x63, 0x0, 0x0, 0xa, 0xbd,
    0xbe, 0x1, 0x0, 0x0, 0x28, 0xff, 0x0, 0x0,
    0x0, 0x0, 0x0, 0x2a, 0xcc, 0xd1, 0x17, 0x0,
    0x0, 0x0, 0x28, 0xff, 0x0, 0x0, 0x0, 0x0,
    0x67, 0xfc, 0xb9, 0x11, 0x0, 0x0, 0x0, 0x0,
    0x28, 0xff, 0x0, 0x0, 0x0, 0x0, 0x28, 0x51,
    0x0, 0x0, 0x0, 0x0, 0x0, 0x0, 0x28, 0xff,
    0x0, 0x0, 0x0, 0x0,

    /* U+591C "夜" */
    0x0, 0x0, 0x0, 0x0, 0x0, 0x0, 0x5, 0x8c,
    0x47, 0x0, 0x0, 0x0, 0x0, 0x0, 0x0, 0x0,
    0x5, 0x28, 0x28, 0x28, 0x28, 0x28, 0x28, 0xd5,
    0xc8, 0x28, 0x28, 0x28, 0x28, 0x28, 0x28, 0x5,
    0x20, 0xff, 0xff, 0xff, 0xff, 0xff, 0xff, 0xff,
    0xff, 0xff, 0xff, 0xff, 0xff, 0xff, 0xff, 0x20,
    0x0, 0x0, 0x0, 0x0, 0x51, 0xe, 0x0, 0xd,
    0x5b, 0xb, 0x0, 0x0, 0x0, 0x0, 0x0, 0x0,
    0x0, 0x0, 0x0, 0x33, 0xfd, 0x21, 0x0, 0x6f,
    0xfe, 0x30, 0x20, 0x20, 0x20, 0x20, 0x2, 0x0,
    0x0, 0x0, 0x0, 0xa7, 0xb0, 0x0, 0x2, 0xdd,
    0xff, 0xff, 0xff, 0xff, 0xff, 0xff, 0xd, 0x0,
    0x0, 0x0, 0x30, 0xfe, 0x43, 0x0, 0x5b, 0xfe,
    0x30, 0x1c, 0x0, 0x0, 0x89, 0xcf, 0x0, 0x0,
    0x0, 0x3, 0xcb, 0xff, 0x10, 0x1e, 0xee, 0xa0,
    0x4b, 0xf1, 0x46, 0xb, 0xee, 0x66, 0x0, 0x0,
    0x0, 0x85, 0xff, 0xff, 0x13, 0xc4, 0xfb, 0xcd,
    0x7, 0x6b, 0x7f, 0x72, 0xde, 0x7, 0x0, 0x0,
    0x19, 0xfd, 0x8b, 0xff, 0x11, 0x7c, 0x26, 0xcd,
    0x9e, 0x1, 0x2b, 0xf5, 0x52, 0x0, 0x0, 0x0,
    0x0, 0x45, 0x30, 0xff, 0x10, 0x0, 0x0, 0x14,
    0xc7, 0xa4, 0xd4, 0x8b, 0x0, 0x0, 0x0, 0x0,
    0x0, 0x0, 0x30, 0xff, 0x10, 0x0, 0x0, 0x2,
    0x77, 0xff, 0xff, 0x84, 0x10, 0x0, 0x0, 0x0,
    0x0, 0x0, 0x30, 0xff, 0x10, 0xa, 0x65, 0xd0,
    0xf1, 0x62, 0x3f, 0xcc, 0xf0, 0x94, 0x3a, 0x0,
    0x0, 0x0, 0x30, 0xff, 0x10, 0xf, 0xda, 0x8f,
    0x1c, 0x0, 0x0, 0x1, 0x4e, 0xb6, 0xb7, 0x0,
    0x0, 0x0, 0x0, 0x0, 0x0, 0x0, 0x1, 0x0,
    0x0, 0x0, 0x0, 0x0, 0x0, 0x0, 0x1, 0x0,

    /* U+59CB "始" */
    0x0, 0x0, 0x2, 0x0, 0x0, 0x0, 0x0, 0x0,
    0x0, 0x7, 0x0, 0x0, 0x0, 0x0, 0x0, 0x0,
    0x0, 0x80, 0x9b, 0x0, 0x0, 0x0, 0x0, 0x32,
    0xf2, 0x16, 0x0, 0x0, 0x0, 0x0, 0x0, 0x0,
    0xb9, 0x7e, 0x0, 0x0, 0x0, 0x0, 0x97, 0xbd,
    0x0, 0x0, 0x0, 0x0, 0x0, 0x40, 0x40, 0xf0,
    0x7d, 0x40, 0x33, 0x0, 0x19, 0xf7, 0x49, 0x14,
    0xcf, 0x1b, 0x0, 0x0, 0xf0, 0xf4, 0xff, 0xf0,
    0xf8, 0xbf, 0x0, 0xa5, 0xc3, 0x0, 0x0, 0xb3,
    0xa8, 0x0, 0x0, 0x0, 0x66, 0xdd, 0x0, 0x8f,
    0xab, 0x5c, 0xf3, 0x2f, 0x1e, 0x44, 0x91, 0xff,
    0x32, 0x0, 0x0, 0xaa, 0x9f, 0x0, 0xaa, 0x8e,
    0xc6, 0xfc, 0xfe, 0xf3, 0xca, 0x9e, 0xc4, 0xa7,
    0x0, 0x1, 0xeb, 0x5e, 0x0, 0xd4, 0x65, 0x21,
    0x27, 0xf, 0x0, 0x0, 0x0, 0x3c, 0x94, 0x0,
    0x31, 0xff, 0x18, 0xe, 0xfb, 0x33, 0x3, 0x10,
    0x10, 0x10, 0x10, 0x10, 0x10, 0x2, 0x0, 0x40,
    0xfa, 0x61, 0x54, 0xee, 0x2, 0x3c, 0xff, 0xff,
    0xff, 0xff, 0xff, 0xff, 0x28, 0x0, 0x0, 0x48,
    0xf0, 0xdf, 0x98, 0x0, 0x3c, 0xe9, 0x10, 0x10,
    0x10, 0x10, 0xff, 0x28, 0x0, 0x0, 0x0, 0x7e,
    0xff, 0x7a, 0x0, 0x3c, 0xe8, 0x0, 0x0, 0x0,
    0x0, 0xff, 0x28, 0x0, 0x0, 0x36, 0xf8, 0xa5,
    0xf6, 0x60, 0x3c, 0xe8, 0x0, 0x0, 0x0, 0x0,
    0xff, 0x28, 0x0, 0x49, 0xef, 0xa0, 0x0, 0x62,
    0xb4, 0x3e, 0xff, 0xff, 0xff, 0xff, 0xff, 0xff,
    0x28, 0x0, 0xac, 0x7e, 0x2, 0x0, 0x0, 0x1,
    0x3c, 0xeb, 0x20, 0x20, 0x20, 0x20, 0xff, 0x28,
    0x0, 0x1, 0x0, 0x0, 0x0, 0x0, 0x0, 0x0,
    0x0, 0x0, 0x0, 0x0, 0x0, 0x0, 0x0, 0x0,

    /* U+5B66 "学" */
    0x0, 0x0, 0x2, 0x64, 0x1c, 0x0, 0x4, 0xc2,
    0x47, 0x0, 0x0, 0x55, 0x99, 0xe, 0x0, 0x0,
    0x0, 0x0, 0x5, 0xbc, 0xd0, 0x6, 0x0, 0x95,
    0xc8, 0x0, 0xf, 0xe3, 0xa5, 0x0, 0x0, 0x0,
    0x0, 0x18, 0x20, 0x3b, 0x8a, 0x22, 0x20, 0x47,
    0x5d, 0x20, 0xb3, 0xd4, 0x28, 0x20, 0x16, 0x0,
    0x0, 0xc0, 0xff, 0xff, 0xff, 0xff, 0xff, 0xff,
    0xff, 0xff, 0xff, 0xff, 0xff, 0xff, 0xb0, 0x0,
    0x0, 0xc0, 0x70, 0x0, 0x0, 0x0, 0x0, 0x0,
    0x0, 0x0, 0x0, 0x0, 0x0, 0x80, 0xb0, 0x0,
    0x0, 0xa8, 0x62, 0x12, 0x20, 0x20, 0x20, 0x20,
    0x20, 0x20, 0x20, 0x20, 0xc, 0x78, 0xa5, 0x0,
    0x0, 0x0, 0x0, 0x90, 0xff, 0xff, 0xff, 0xff,
    0xff, 0xff, 0xff, 0xff, 0x60, 0x0, 0x0, 0x0,
    0x0, 0x0, 0x0, 0x0, 0x0, 0x0, 0x0, 0x0,
    0x3a, 0xa1, 0xe0, 0x7d, 0x11, 0x0, 0x0, 0x0,
    0x0, 0x0, 0x0, 0x0, 0x0, 0x0, 0x0, 0x77,
    0xdf, 0x56, 0x5, 0x0, 0x0, 0x0, 0x0, 0x0,
    0x30, 0xff, 0xff, 0xff, 0xff, 0xff, 0xff, 0xff,
    0xff, 0xff, 0xff, 0xff, 0xff, 0xff, 0xff, 0x30,
    0x7, 0x28, 0x28, 0x28, 0x28, 0x28, 0x28, 0x94,
    0xbc, 0x28, 0x28, 0x28, 0x28, 0x28, 0x28, 0x7,
    0x0, 0x0, 0x0, 0x0, 0x0, 0x0, 0x0, 0x80,
    0xb0, 0x0, 0x0, 0x0, 0x0, 0x0, 0x0, 0x0,
    0x0, 0x0, 0x0, 0x0, 0x0, 0x38, 0x30, 0x9e,
    0xaf, 0x0, 0x0, 0x0, 0x0, 0x0, 0x0, 0x0,
    0x0, 0x0, 0x0, 0x0, 0x0, 0x95, 0xf0, 0xf2,
    0x63, 0x0, 0x0, 0x0, 0x0, 0x0, 0x0, 0x0,

    /* U+5B8C "完" */
    0x0, 0x0, 0x0, 0x0, 0x0, 0x0, 0x7e, 0x3f,
    0x0, 0x0, 0x0, 0x0, 0x0, 0x0, 0x0, 0x6,
    0x28, 0x28, 0x28, 0x28, 0x28, 0xcf, 0xb4, 0x28,
    0x28, 0x28, 0x28, 0x28, 0x28, 0x0, 0x28, 0xff,
    0xff, 0xff, 0xff, 0xff, 0xff, 0xff, 0xff, 0xff,
    0xff, 0xff, 0xff, 0xff, 0x0, 0x28, 0xff, 0x0,
    0x0, 0x0, 0x0, 0x0, 0x0, 0x0, 0x0, 0x0,
    0x0, 0x28, 0xff, 0x0, 0x16, 0x90, 0x68, 0xff,
    0xff, 0xff, 0xff, 0xff, 0xff, 0xff, 0xff, 0xff,
    0x16, 0x90, 0x0, 0x0, 0x0, 0x10, 0x28, 0x28,
    0x28, 0x28, 0x28, 0x28, 0x28, 0x28, 0x28, 0x0,
    0x0, 0x0, 0x0, 0x0, 0x0, 0x0, 0x0, 0x0,
    0x0, 0x0, 0x0, 0x0, 0x0, 0x0, 0x0, 0x0,
    0x0, 0x28, 0xff, 0xff, 0xff, 0xff, 0xff, 0xff,
    0xff, 0xff, 0xff, 0xff, 0xff, 0xff, 0xff, 0x10,
    0x6, 0x28, 0x28, 0x28, 0xc2, 0xb2, 0x28, 0x28,
    0xff, 0x49, 0x28, 0x28, 0x28, 0x28, 0x2, 0x0,
    0x0, 0x0, 0x2, 0xee, 0x73, 0x0, 0x0, 0xff,
    0x28, 0x0, 0x0, 0x0, 0x0, 0x0, 0x0, 0x0,
    0x0, 0x65, 0xff, 0x27, 0x0, 0x0, 0xff, 0x28,
    0x0, 0x0, 0x0, 0x25, 0x1f, 0x0, 0x0, 0x35,
    0xed, 0xb0, 0x0, 0x0, 0x0, 0xff, 0x28, 0x0,
    0x0, 0x0, 0x75, 0xd3, 0x1d, 0x82, 0xf6, 0xdd,
    0x19, 0x0, 0x0, 0x0, 0xfc, 0x65, 0x2b, 0x2b,
    0x40, 0xcb, 0xa7, 0x7e, 0xf9, 0x9b, 0x12, 0x0,
    0x0, 0x0, 0x0, 0x91, 0xec, 0xfd, 0xfd, 0xef,
    0xc6, 0x31, 0xc, 0xf, 0x0, 0x0, 0x0, 0x0,
    0x0, 0x0, 0x0, 0x0, 0x0, 0x0, 0x0, 0x0,
    0x0,

    /* U+5BF9 "对" */
    0x0, 0x0, 0x0, 0x0, 0x0, 0x0, 0x0, 0x0,
    0x0, 0x0, 0x0, 0x0, 0xff, 0x28, 0x0, 0x0,
    0x0, 0xff, 0xff, 0xff, 0xff, 0xff, 0x24, 0x0,
    0x0, 0x0, 0x0, 0x0, 0xff, 0x28, 0x0, 0x0,
    0x0, 0x28, 0x28, 0x28, 0x58, 0xff, 0xe, 0x0,
    0x0, 0x0, 0x0, 0x0, 0xff, 0x28, 0x0, 0x0,
    0x0, 0x8a, 0x4d, 0x0, 0x50, 0xef, 0x20, 0xff,
    0xff, 0xff, 0xff, 0xff, 0xff, 0xff, 0xff, 0x8,
    0x0, 0x74, 0xe8, 0x14, 0x72, 0xcb, 0x5, 0x28,
    0x28, 0x28, 0x28, 0x28, 0xff, 0x49, 0x28, 0x1,
    0x0, 0x3, 0xce, 0xad, 0xa2, 0x9c, 0x0, 0x23,
    0x91, 0x2, 0x0, 0x0, 0xff, 0x28, 0x0, 0x0,
    0x0, 0x0, 0x33, 0xfc, 0xf9, 0x64, 0x0, 0x17,
    0xf5, 0x5f, 0x0, 0x0, 0xff, 0x28, 0x0, 0x0,
    0x0, 0x0, 0x0, 0x8f, 0xff, 0x27, 0x0, 0x0,
    0x8a, 0xde, 0x2, 0x0, 0xff, 0x28, 0x0, 0x0,
    0x0, 0x0, 0x0, 0x8a, 0xff, 0x73, 0x0, 0x0,
    0x22, 0xfe, 0x4c, 0x0, 0xff, 0x28, 0x0, 0x0,
    0x0, 0x0, 0x7, 0xe5, 0xd0, 0xea, 0xc, 0x0,
    0x0, 0xb1, 0x5e, 0x0, 0xff, 0x28, 0x0, 0x0,
    0x0, 0x0, 0x6f, 0xeb, 0x16, 0xeb, 0x79, 0x0,
    0x0, 0x0, 0x0, 0x0, 0xff, 0x28, 0x0, 0x0,
    0x0, 0x24, 0xf3, 0x65, 0x0, 0x63, 0x27, 0x0,
    0x0, 0x0, 0x0, 0x0, 0xff, 0x28, 0x0, 0x0,
    0xa, 0xdd, 0xae, 0x0, 0x0, 0x0, 0x0, 0x0,
    0x0, 0x2e, 0x40, 0x3a, 0xff, 0x21, 0x0, 0x0,
    0x0, 0x69, 0x9, 0x0, 0x0, 0x0, 0x0, 0x0,
    0x0, 0x41, 0xdc, 0xf7, 0xc3, 0x3, 0x0, 0x0,

    /* U+5DE6 "左" */
    0x0, 0x0, 0x0, 0x0, 0x0, 0x29, 0x11, 0x0,
    0x0, 0x0, 0x0, 0x0, 0x0, 0x0, 0x0, 0x0,
    0x0, 0x0, 0x0, 0x0, 0xc8, 0x79, 0x0, 0x0,
    0x0, 0x0, 0x0, 0x0, 0x0, 0x0, 0x0, 0x0,
    0x0, 0x0, 0x2, 0xf5, 0x53, 0x0, 0x0, 0x0,
    0x0, 0x0, 0x0, 0x0, 0x0, 0x0, 0xff, 0xff,
    0xff, 0xff, 0xff, 0xff, 0xff, 0xff, 0xff, 0xff,
    0xff, 0xff, 0xff, 0x30, 0x0, 0x28, 0x28, 0x28,
    0x99, 0xd4, 0x28, 0x28, 0x28, 0x28, 0x28, 0x28,
    0x28, 0x28, 0x7, 0x0, 0x0, 0x0, 0x0, 0xda,
    0x7d, 0x0, 0x0, 0x0, 0x0, 0x0, 0x0, 0x0,
    0x0, 0x0, 0x0, 0x0, 0x0, 0x45, 0xfc, 0x22,
    0x0, 0x0, 0x0, 0x0, 0x0, 0x0, 0x0, 0x0,
    0x0, 0x0, 0x0, 0x0, 0xc3, 0xaa, 0x0, 0x0,
    0x0, 0x0, 0x0, 0x0, 0x0, 0x0, 0x0, 0x0,
    0x0, 0x0, 0x57, 0xff, 0xff, 0xff, 0xff, 0xff,
    0xff, 0xff, 0xff, 0xff, 0xff, 0x80, 0x0, 0x0,
    0x13, 0xe9, 0x9c, 0x28, 0x28, 0x28, 0x79, 0xe5,
    0x28, 0x28, 0x28, 0x28, 0x14, 0x0, 0x3, 0xba,
    0xe3, 0xe, 0x0, 0x0, 0x0, 0x60, 0xe0, 0x0,
    0x0, 0x0, 0x0, 0x0, 0x0, 0x58, 0xf9, 0x39,
    0x0, 0x0, 0x0, 0x0, 0x60, 0xe0, 0x0, 0x0,
    0x0, 0x0, 0x0, 0x0, 0x1, 0x3a, 0x0, 0x0,
    0x0, 0x0, 0x0, 0x60, 0xe0, 0x0, 0x0, 0x0,
    0x0, 0x0, 0x0, 0x0, 0xf, 0x28, 0x28, 0x28,
    0x28, 0x28, 0x79, 0xe5, 0x28, 0x28, 0x28, 0x28,
    0x28, 0x16, 0x0, 0x60, 0xff, 0xff, 0xff, 0xff,
    0xff, 0xff, 0xff, 0xff, 0xff, 0xff, 0xff, 0xff,
    0x90,

    /* U+5E76 "并" */
    0x0, 0x0, 0x0, 0x0, 0x0, 0x0, 0x0, 0x0,
    0x0, 0x0, 0x0, 0x0, 0x0, 0x0, 0x0, 0x0,
    0x0, 0x0, 0x0, 0x1f, 0xd3, 0x3f, 0x0, 0x0,
    0x0, 0x0, 0x61, 0xce, 0x11, 0x0, 0x0, 0x0,
    0x0, 0x0, 0x0, 0x1, 0xab, 0xee, 0x1f, 0x0,
    0x0, 0x7, 0xe2, 0xa5, 0x0, 0x0, 0x0, 0x0,
    0x0, 0x2, 0xc, 0xc, 0x14, 0x83, 0x12, 0xc,
    0xc, 0x76, 0xf3, 0x26, 0xc, 0xc, 0x5, 0x0,
    0x0, 0x30, 0xff, 0xff, 0xff, 0xff, 0xff, 0xff,
    0xff, 0xff, 0xff, 0xff, 0xff, 0xff, 0x70, 0x0,
    0x0, 0x5, 0x1c, 0x1c, 0x55, 0xff, 0x1c, 0x1c,
    0x1c, 0x1c, 0xe3, 0x71, 0x1c, 0x1c, 0xc, 0x0,
    0x0, 0x0, 0x0, 0x0, 0x40, 0xff, 0x0, 0x0,
    0x0, 0x0, 0xe0, 0x60, 0x0, 0x0, 0x0, 0x0,
    0x0, 0x0, 0x0, 0x0, 0x40, 0xff, 0x0, 0x0,
    0x0, 0x0, 0xe0, 0x60, 0x0, 0x0, 0x0, 0x0,
    0x5, 0x28, 0x28, 0x28, 0x5e, 0xff, 0x28, 0x28,
    0x28, 0x28, 0xe5, 0x79, 0x28, 0x28, 0x28, 0x7,
    0x20, 0xff, 0xff, 0xff, 0xff, 0xff, 0xff, 0xff,
    0xff, 0xff, 0xff, 0xff, 0xff, 0xff, 0xff, 0x30,
    0x0, 0x0, 0x0, 0x0, 0x5f, 0xe4, 0x0, 0x0,
    0x0, 0x0, 0xe0, 0x60, 0x0, 0x0, 0x0, 0x0,
    0x0, 0x0, 0x0, 0x0, 0xba, 0xa3, 0x0, 0x0,
    0x0, 0x0, 0xe0, 0x60, 0x0, 0x0, 0x0, 0x0,
    0x0, 0x0, 0x0, 0x74, 0xf9, 0x24, 0x0, 0x0,
    0x0, 0x0, 0xe0, 0x60, 0x0, 0x0, 0x0, 0x0,
    0x0, 0xf, 0x96, 0xf9, 0x4f, 0x0, 0x0, 0x0,
    0x0, 0x0, 0xe0, 0x60, 0x0, 0x0, 0x0, 0x0,
    0x0, 0x91, 0xd5, 0x3a, 0x0, 0x0, 0x0, 0x0,
    0x0, 0x0, 0xe0, 0x60, 0x0, 0x0, 0x0, 0x0,
    0x0, 0xc, 0x5, 0x0, 0x0, 0x0, 0x0, 0x0,
    0x0, 0x0, 0x0, 0x0, 0x0, 0x0, 0x0, 0x0,

    /* U+5E94 "应" */
    0x0, 0x0, 0x0, 0x0, 0x0, 0x0, 0x0, 0x83,
    0xa0, 0x0, 0x0, 0x0, 0x0, 0x0, 0x0, 0x0,
    0x0, 0x1c, 0x1c, 0x1c, 0x1c, 0x1c, 0x70, 0xfd,
    0x2e, 0x1c, 0x1c, 0x1c, 0x1c, 0xe, 0x0, 0x0,
    0xff, 0xff, 0xff, 0xff, 0xff, 0xff, 0xff, 0xff,
    0xff, 0xff, 0xff, 0xff, 0x88, 0x0, 0x0, 0xff,
    0x32, 0xc, 0xc, 0xc, 0xc, 0xc, 0xc, 0xc,
    0xc, 0xc, 0xc, 0x6, 0x0, 0x0, 0xff, 0x28,
    0x0, 0x0, 0x0, 0x24, 0x5d, 0x0, 0x0, 0x0,
    0x13, 0xc, 0x0, 0x0, 0x0, 0xff, 0x28, 0x8,
    0x22, 0x0, 0x49, 0xfc, 0x18, 0x0, 0x0, 0x7f,
    0xe4, 0x0, 0x0, 0x0, 0xff, 0x28, 0x87, 0xdd,
    0x2, 0x5, 0xed, 0x70, 0x0, 0x0, 0xc6, 0xaa,
    0x0, 0x0, 0x2, 0xff, 0x27, 0x20, 0xfd, 0x4f,
    0x0, 0xa3, 0xbc, 0x0, 0x10, 0xfc, 0x64, 0x0,
    0x0, 0xf, 0xff, 0x1e, 0x0, 0xb3, 0xb2, 0x0,
    0x74, 0xf1, 0x2, 0x52, 0xff, 0x1e, 0x0, 0x0,
    0x26, 0xff, 0xf, 0x0, 0x64, 0xf4, 0x6, 0x46,
    0xf0, 0x1c, 0xa5, 0xd0, 0x0, 0x0, 0x0, 0x54,
    0xed, 0x0, 0x0, 0x1d, 0xff, 0x41, 0x5, 0x4,
    0xb, 0xf4, 0x73, 0x0, 0x0, 0x0, 0x9c, 0xbf,
    0x0, 0x0, 0x0, 0x50, 0xa, 0x0, 0x0, 0x5d,
    0xfc, 0x18, 0x0, 0x0, 0x8, 0xec, 0x78, 0xd,
    0x28, 0x28, 0x28, 0x28, 0x28, 0x28, 0xbd, 0xc9,
    0x28, 0x28, 0x24, 0x62, 0xfd, 0x22, 0x58, 0xff,
    0xff, 0xff, 0xff, 0xff, 0xff, 0xff, 0xff, 0xff,
    0xff, 0xe8, 0x26, 0x74, 0x0, 0x0, 0x0, 0x0,
    0x0, 0x0, 0x0, 0x0, 0x0, 0x0, 0x0, 0x0,
    0x0,

    /* U+5EA6 "度" */
    0x0, 0x0, 0x0, 0x0, 0x0, 0x0, 0x0, 0x17,
    0x17, 0x0, 0x0, 0x0, 0x0, 0x0, 0x0, 0x0,
    0x0, 0x0, 0x0, 0x0, 0x0, 0x0, 0xc2, 0xa3,
    0x0, 0x0, 0x0, 0x0, 0x0, 0x0, 0x0, 0x0,
    0xff, 0xff, 0xff, 0xff, 0xff, 0xff, 0xff, 0xff,
    0xff, 0xff, 0xff, 0xff, 0x88, 0x0, 0x0, 0xff,
    0x43, 0x20, 0x20, 0x20, 0x20, 0x20, 0x20, 0x20,
    0x20, 0x20, 0x20, 0x11, 0x0, 0x0, 0xff, 0x28,
    0x0, 0x30, 0xb4, 0x0, 0x0, 0x0, 0x30, 0xb4,
    0x0, 0x0, 0x0, 0x0, 0x0, 0xff, 0xb8, 0xff,
    0xff, 0xff, 0xff, 0xff, 0xff, 0xff, 0xff, 0xff,
    0xff, 0x68, 0x0, 0x0, 0xff, 0x31, 0x10, 0x4c,
    0xf1, 0x10, 0x10, 0x10, 0x4c, 0xf1, 0x10, 0x10,
    0x6, 0x0, 0x1, 0xff, 0x28, 0x0, 0x40, 0xf1,
    0x10, 0x10, 0x10, 0x4c, 0xf0, 0x0, 0x0, 0x0,
    0x0, 0xb, 0xff, 0x21, 0x0, 0x40, 0xff, 0xff,
    0xff, 0xff, 0xff, 0xf0, 0x0, 0x0, 0x0, 0x0,
    0x19, 0xff, 0x14, 0x10, 0x10, 0x10, 0x10, 0x10,
    0x10, 0x10, 0x10, 0x10, 0x5, 0x0, 0x0, 0x3e,
    0xf6, 0x1, 0xff, 0xff, 0xff, 0xff, 0xff, 0xff,
    0xff, 0xff, 0xff, 0x4d, 0x0, 0x0, 0x74, 0xd0,
    0x0, 0x4, 0xab, 0xd7, 0x27, 0x0, 0x0, 0x3e,
    0xe7, 0xa6, 0x4, 0x0, 0x0, 0xc4, 0x92, 0x0,
    0x0, 0x4, 0x8d, 0xf5, 0x8c, 0xaa, 0xf1, 0x73,
    0x2, 0x0, 0x0, 0x2b, 0xff, 0x47, 0x1, 0x1f,
    0x4d, 0x8e, 0xea, 0xef, 0xff, 0xcd, 0x7a, 0x4f,
    0x31, 0x1e, 0x4b, 0xd2, 0xa, 0xda, 0xf7, 0xc8,
    0x8c, 0x3d, 0x2, 0x27, 0x7b, 0xb8, 0xe2, 0xfb,
    0xc6, 0x0, 0x4, 0x0, 0x14, 0x4, 0x0, 0x0,
    0x0, 0x0, 0x0, 0x0, 0x0, 0x0, 0x0, 0x6,

    /* U+5F00 "开" */
    0x0, 0x0, 0xd0, 0xff, 0xff, 0xff, 0xff, 0xff,
    0xff, 0xff, 0xff, 0xff, 0xff, 0xff, 0x30, 0x0,
    0x0, 0x0, 0x20, 0x28, 0x35, 0xff, 0x50, 0x28,
    0x28, 0x28, 0x94, 0xca, 0x28, 0x28, 0x7, 0x0,
    0x0, 0x0, 0x0, 0x0, 0x10, 0xff, 0x30, 0x0,
    0x0, 0x0, 0x80, 0xc0, 0x0, 0x0, 0x0, 0x0,
    0x0, 0x0, 0x0, 0x0, 0x10, 0xff, 0x2f, 0x0,
    0x0, 0x0, 0x80, 0xc0, 0x0, 0x0, 0x0, 0x0,
    0x0, 0x0, 0x0, 0x0, 0x1a, 0xff, 0x26, 0x0,
    0x0, 0x0, 0x80, 0xc0, 0x0, 0x0, 0x0, 0x0,
    0x10, 0xff, 0xff, 0xff, 0xff, 0xff, 0xff, 0xff,
    0xff, 0xff, 0xff, 0xff, 0xff, 0xff, 0xff, 0x20,
    0x2, 0x28, 0x28, 0x28, 0x73, 0xec, 0x28, 0x28,
    0x28, 0x28, 0x94, 0xca, 0x28, 0x28, 0x28, 0x5,
    0x0, 0x0, 0x0, 0x0, 0x90, 0xb5, 0x0, 0x0,
    0x0, 0x0, 0x80, 0xc0, 0x0, 0x0, 0x0, 0x0,
    0x0, 0x0, 0x0, 0x4, 0xe0, 0x74, 0x0, 0x0,
    0x0, 0x0, 0x80, 0xc0, 0x0, 0x0, 0x0, 0x0,
    0x0, 0x0, 0x0, 0x5e, 0xf6, 0x13, 0x0, 0x0,
    0x0, 0x0, 0x80, 0xc0, 0x0, 0x0, 0x0, 0x0,
    0x0, 0x0, 0x23, 0xef, 0x86, 0x0, 0x0, 0x0,
    0x0, 0x0, 0x80, 0xc0, 0x0, 0x0, 0x0, 0x0,
    0x0, 0x2f, 0xde, 0xc7, 0x5, 0x0, 0x0, 0x0,
    0x0, 0x0, 0x80, 0xc0, 0x0, 0x0, 0x0, 0x0,
    0x0, 0x96, 0xb4, 0xe, 0x0, 0x0, 0x0, 0x0,
    0x0, 0x0, 0x80, 0xc0, 0x0, 0x0, 0x0, 0x0,
    0x0, 0x2, 0x2, 0x0, 0x0, 0x0, 0x0, 0x0,
    0x0, 0x0, 0x0, 0x0, 0x0, 0x0, 0x0, 0x0,

    /* U+5F0F "式" */
    0x0, 0x0, 0x0, 0x0, 0x0, 0x0, 0x0, 0x1b,
    0xff, 0x42, 0x39, 0xbe, 0x28, 0x0, 0x0, 0x0,
    0x0, 0x0, 0x0, 0x0, 0x0, 0x0, 0xf, 0xff,
    0x48, 0xe, 0xb2, 0xe0, 0x4, 0x0, 0x20, 0x28,
    0x28, 0x28, 0x28, 0x28, 0x28, 0x2c, 0xff, 0x69,
    0x28, 0x2d, 0x5e, 0x28, 0x0, 0xd0, 0xff, 0xff,
    0xff, 0xff, 0xff, 0xff, 0xff, 0xff, 0xff, 0xff,
    0xff, 0xff, 0xff, 0x0, 0x0, 0x0, 0x0, 0x0,
    0x0, 0x0, 0x0, 0x0, 0xe0, 0x6d, 0x0, 0x0,
    0x0, 0x0, 0x0, 0x0, 0x0, 0x0, 0x0, 0x0,
    0x0, 0x0, 0x0, 0xc0, 0x8a, 0x0, 0x0, 0x0,
    0x0, 0x0, 0xc, 0x28, 0x28, 0x28, 0x28, 0x28,
    0x28, 0xc, 0x9a, 0xb3, 0x0, 0x0, 0x0, 0x0,
    0x0, 0x50, 0xff, 0xff, 0xff, 0xff, 0xff, 0xff,
    0x50, 0x66, 0xe4, 0x0, 0x0, 0x0, 0x0, 0x0,
    0x0, 0x0, 0x0, 0xc0, 0x80, 0x0, 0x0, 0x0,
    0x2c, 0xff, 0x24, 0x0, 0x0, 0x0, 0x0, 0x0,
    0x0, 0x0, 0xc0, 0x80, 0x0, 0x0, 0x0, 0x0,
    0xe0, 0x71, 0x0, 0x0, 0x0, 0x0, 0x0, 0x0,
    0x0, 0xc0, 0x80, 0x0, 0x0, 0x1, 0x0, 0x89,
    0xd0, 0x0, 0x7, 0xda, 0x17, 0x10, 0x30, 0x50,
    0xd9, 0xce, 0xb5, 0xd9, 0xc5, 0x0, 0x21, 0xfd,
    0x4a, 0x38, 0xf7, 0x4, 0xb4, 0xff, 0xe8, 0xc4,
    0x9e, 0x6e, 0x3c, 0xc, 0x0, 0x0, 0x99, 0xe6,
    0xc5, 0xbc, 0x0, 0x16, 0xb, 0x0, 0x0, 0x0,
    0x0, 0x0, 0x0, 0x0, 0x0, 0xb, 0xb9, 0xe7,
    0x39, 0x0,

    /* U+5F69 "彩" */
    0x0, 0x3, 0x12, 0x22, 0x32, 0x55, 0x84, 0xb3,
    0x90, 0x0, 0x0, 0x0, 0x7, 0x9a, 0x2d, 0x0,
    0x0, 0x88, 0xff, 0xff, 0xfc, 0xe5, 0xc4, 0x9d,
    0x6a, 0x1, 0x0, 0x7, 0xb0, 0xea, 0x1c, 0x0,
    0x0, 0x10, 0x34, 0x14, 0x49, 0x18, 0x0, 0x31,
    0xaa, 0x1, 0x1a, 0xc4, 0xec, 0x31, 0x0, 0x0,
    0x0, 0x64, 0xd0, 0x4, 0xab, 0xa2, 0x0, 0x92,
    0xb2, 0x59, 0xec, 0xd1, 0x25, 0x0, 0x0, 0x0,
    0x0, 0x7, 0xe0, 0x77, 0x23, 0xb8, 0x21, 0xf5,
    0x4d, 0x56, 0x7a, 0x6, 0x1, 0xa7, 0x72, 0x0,
    0x0, 0x0, 0x54, 0x4f, 0x24, 0xb4, 0x26, 0x9e,
    0x0, 0x0, 0x0, 0x0, 0x8f, 0xfe, 0x4b, 0x0,
    0x0, 0x0, 0x0, 0x0, 0x30, 0xf0, 0x0, 0x0,
    0x0, 0x0, 0x7, 0x9f, 0xff, 0x6b, 0x0, 0x0,
    0x0, 0x70, 0xff, 0xff, 0xff, 0xff, 0xff, 0xff,
    0xff, 0x2b, 0xd0, 0xf6, 0x59, 0x0, 0x0, 0x0,
    0x0, 0xe, 0x20, 0x2c, 0xf6, 0xf6, 0x31, 0x20,
    0x20, 0x23, 0xb0, 0x25, 0x0, 0x19, 0xb1, 0x28,
    0x0, 0x0, 0x0, 0x81, 0xed, 0xff, 0xe9, 0x5a,
    0x0, 0x0, 0x0, 0x0, 0xf, 0xc9, 0xdf, 0x12,
    0x0, 0x0, 0x45, 0xf7, 0x67, 0xf1, 0x7d, 0xfd,
    0x9b, 0x0, 0x0, 0x17, 0xcc, 0xea, 0x2d, 0x0,
    0x0, 0x5b, 0xf6, 0x73, 0x30, 0xf0, 0x0, 0x41,
    0x5c, 0x0, 0x40, 0xe7, 0xe1, 0x2a, 0x0, 0x0,
    0x1, 0xc5, 0x77, 0x0, 0x30, 0xf0, 0x0, 0x0,
    0xe, 0x99, 0xfe, 0xb4, 0x12, 0x0, 0x0, 0x0,
    0x0, 0x6, 0x0, 0x0, 0x30, 0xf0, 0x0, 0x0,
    0x9, 0xb4, 0x57, 0x0, 0x0, 0x0, 0x0, 0x0,

    /* U+610F "意" */
    0x0, 0x0, 0x0, 0x0, 0x0, 0x0, 0x0, 0x8,
    0xa, 0x0, 0x0, 0x0, 0x0, 0x0, 0x0, 0x0,
    0x0, 0x0, 0x0, 0x0, 0x0, 0x0, 0x4, 0xde,
    0xa2, 0x0, 0x0, 0x0, 0x0, 0x0, 0x0, 0x0,
    0x0, 0x20, 0xff, 0xff, 0xff, 0xff, 0xff, 0xff,
    0xff, 0xff, 0xff, 0xff, 0xff, 0xff, 0x10, 0x0,
    0x0, 0x2, 0x10, 0x14, 0xe8, 0x92, 0x10, 0x10,
    0x10, 0x10, 0xb5, 0xd3, 0x10, 0x10, 0x1, 0x0,
    0x0, 0x10, 0x10, 0x10, 0x8c, 0xe3, 0x11, 0x10,
    0x10, 0x23, 0xfb, 0x70, 0x10, 0x10, 0x10, 0x1,
    0x0, 0xff, 0xff, 0xff, 0xff, 0xff, 0xff, 0xff,
    0xff, 0xff, 0xff, 0xff, 0xff, 0xff, 0xff, 0x10,
    0x0, 0x0, 0x6, 0x10, 0x10, 0x10, 0x10, 0x10,
    0x10, 0x10, 0x10, 0x10, 0x10, 0x3, 0x0, 0x0,
    0x0, 0x0, 0x60, 0xff, 0xff, 0xff, 0xff, 0xff,
    0xff, 0xff, 0xff, 0xff, 0xff, 0x30, 0x0, 0x0,
    0x0, 0x0, 0x60, 0xea, 0x54, 0x54, 0x54, 0x54,
    0x54, 0x54, 0x54, 0x5e, 0xff, 0x30, 0x0, 0x0,
    0x0, 0x0, 0x60, 0xe9, 0x48, 0x48, 0x48, 0x48,
    0x48, 0x48, 0x48, 0x53, 0xff, 0x30, 0x0, 0x0,
    0x0, 0x0, 0x60, 0xff, 0xff, 0xff, 0xff, 0xff,
    0xff, 0xff, 0xff, 0xff, 0xff, 0x30, 0x0, 0x0,
    0x0, 0x0, 0x3a, 0x1c, 0x3c, 0x31, 0x0, 0x61,
    0x3f, 0x0, 0x0, 0x0, 0x26, 0x70, 0x0, 0x0,
    0x0, 0x11, 0xe7, 0x68, 0xb0, 0x90, 0x0, 0x90,
    0xbd, 0x0, 0x0, 0x65, 0x34, 0xfb, 0x53, 0x0,
    0x4, 0xba, 0xcb, 0x2, 0xac, 0xb9, 0x31, 0x39,
    0x3c, 0x38, 0x58, 0xff, 0x42, 0x97, 0xda, 0x3,
    0x5, 0x95, 0x20, 0x0, 0x5d, 0xe5, 0xf9, 0xff,
    0xfe, 0xfa, 0xef, 0xbd, 0x6, 0x25, 0x98, 0x10,

    /* U+611F "感" */
    0x0, 0x0, 0x0, 0x0, 0x0, 0x0, 0x0, 0x0,
    0x0, 0x0, 0x0, 0x0, 0x5, 0x0, 0x0, 0x0,
    0x0, 0x0, 0x0, 0x0, 0x0, 0x0, 0x0, 0x0,
    0x0, 0x9c, 0x9b, 0x12, 0xd2, 0x55, 0x0, 0x0,
    0x0, 0xc, 0xff, 0xff, 0xff, 0xff, 0xff, 0xff,
    0xff, 0xff, 0xff, 0xff, 0xff, 0xff, 0xbc, 0x0,
    0x0, 0xc, 0xff, 0x38, 0x20, 0x20, 0x20, 0x20,
    0x20, 0x78, 0xd6, 0x20, 0x20, 0x20, 0x17, 0x0,
    0x0, 0xc, 0xff, 0x24, 0x10, 0x10, 0x10, 0x10,
    0x10, 0x49, 0xef, 0x0, 0x0, 0x4f, 0x3, 0x0,
    0x0, 0xd, 0xff, 0xa0, 0xff, 0xff, 0xff, 0xff,
    0xff, 0x7f, 0xff, 0x17, 0x3c, 0xef, 0xf, 0x0,
    0x0, 0x19, 0xff, 0x1b, 0x10, 0x10, 0x10, 0x10,
    0x10, 0x0, 0xd6, 0x4b, 0xb8, 0x7f, 0x0, 0x0,
    0x0, 0x3c, 0xfd, 0x4e, 0xff, 0xff, 0xff, 0xff,
    0xff, 0x0, 0x8a, 0xcc, 0xe4, 0xf, 0x6, 0x0,
    0x0, 0x7c, 0xd6, 0x48, 0xb0, 0x0, 0x0, 0x20,
    0xff, 0x0, 0x41, 0xff, 0x5f, 0x17, 0xf7, 0x14,
    0x2, 0xd9, 0x88, 0x48, 0xf9, 0xec, 0xec, 0xee,
    0xff, 0x22, 0xdf, 0xde, 0xcb, 0x66, 0xf3, 0x2,
    0x7, 0x88, 0x1d, 0x1, 0x4, 0x4, 0x4, 0x39,
    0x7, 0x97, 0xa9, 0x6, 0x95, 0xf2, 0x77, 0x0,
    0x0, 0x0, 0x98, 0x34, 0xff, 0x28, 0x11, 0xe0,
    0xcb, 0x2d, 0x3, 0x1, 0xc0, 0x80, 0x0, 0x0,
    0x0, 0x45, 0xfc, 0x27, 0xff, 0x28, 0x0, 0xc,
    0xa4, 0x5e, 0x0, 0x5d, 0x6b, 0xfb, 0x6b, 0x0,
    0x16, 0xe9, 0x97, 0x0, 0xff, 0x67, 0x2c, 0x28,
    0x28, 0x2f, 0x51, 0xf3, 0x50, 0x73, 0xf2, 0x17,
    0x1, 0x6f, 0x9, 0x0, 0x95, 0xe8, 0xf9, 0xff,
    0xfd, 0xf5, 0xe0, 0xa1, 0x4, 0x0, 0x1e, 0x0,

    /* U+6210 "成" */
    0x0, 0x0, 0x0, 0x0, 0x0, 0x0, 0x0, 0x0,
    0x33, 0xfa, 0x0, 0x92, 0x5d, 0x0, 0x0, 0x0,
    0x0, 0x0, 0x0, 0x0, 0x0, 0x0, 0x0, 0x0,
    0x27, 0xff, 0x0, 0x77, 0xf0, 0x10, 0x0, 0x0,
    0x0, 0x0, 0x20, 0x20, 0x20, 0x20, 0x20, 0x20,
    0x39, 0xff, 0x24, 0x26, 0x66, 0x20, 0x9, 0x0,
    0x0, 0x0, 0xff, 0xff, 0xff, 0xff, 0xff, 0xff,
    0xff, 0xff, 0xff, 0xff, 0xff, 0xff, 0x48, 0x0,
    0x0, 0x0, 0xff, 0x28, 0x0, 0x0, 0x0, 0x0,
    0x6, 0xff, 0x22, 0x0, 0x0, 0x0, 0x0, 0x0,
    0x0, 0x0, 0xff, 0x28, 0x0, 0x0, 0x0, 0x0,
    0x0, 0xf0, 0x39, 0x0, 0x7c, 0x79, 0x0, 0x0,
    0x0, 0x0, 0xff, 0xff, 0xff, 0xff, 0xff, 0x64,
    0x0, 0xd1, 0x5c, 0x0, 0xd9, 0x86, 0x0, 0x0,
    0x0, 0x1, 0xff, 0x34, 0x10, 0x10, 0xef, 0x5e,
    0x0, 0xab, 0x8c, 0x26, 0xff, 0x3e, 0x0, 0x0,
    0x0, 0xc, 0xff, 0x1b, 0x0, 0x0, 0xf9, 0x55,
    0x0, 0x79, 0xca, 0x8c, 0xe7, 0x2, 0x0, 0x0,
    0x0, 0x24, 0xfe, 0x9, 0x0, 0x6, 0xff, 0x46,
    0x0, 0x3d, 0xfe, 0xf0, 0x84, 0x0, 0x0, 0x0,
    0x0, 0x57, 0xdc, 0x0, 0x0, 0x15, 0xff, 0x30,
    0x0, 0x3, 0xeb, 0xf5, 0x17, 0x0, 0x0, 0x0,
    0x0, 0xab, 0x9c, 0x0, 0x3b, 0x53, 0xfb, 0xb,
    0x0, 0x66, 0xfc, 0xe2, 0xa, 0xe, 0x51, 0x1,
    0x1e, 0xfb, 0x47, 0x0, 0xc6, 0xf8, 0x8b, 0x19,
    0xa8, 0xff, 0x9a, 0xe7, 0xab, 0x7b, 0xe2, 0x2,
    0x24, 0x99, 0x1, 0x0, 0x0, 0x0, 0x0, 0x1e,
    0xcd, 0x50, 0x0, 0x2a, 0xcb, 0xed, 0x4b, 0x0,

    /* U+6216 "或" */
    0x0, 0x0, 0x0, 0x0, 0x0, 0x0, 0x0, 0x0,
    0x0, 0x0, 0x0, 0x0, 0x2, 0x0, 0x0, 0x0,
    0x0, 0x0, 0x0, 0x0, 0x0, 0x0, 0x0, 0x0,
    0x10, 0xff, 0x33, 0x3, 0xce, 0x64, 0x0, 0x0,
    0x0, 0x0, 0x0, 0x0, 0x0, 0x0, 0x0, 0x0,
    0x10, 0xff, 0x3b, 0x0, 0x61, 0xa1, 0x3, 0x0,
    0x10, 0xff, 0xff, 0xff, 0xff, 0xff, 0xff, 0xff,
    0xff, 0xff, 0xff, 0xff, 0xff, 0xff, 0xff, 0x10,
    0x2, 0x28, 0x28, 0x28, 0x28, 0x28, 0x28, 0x28,
    0x28, 0xf6, 0x73, 0x28, 0x28, 0x28, 0x28, 0x2,
    0x0, 0x0, 0xc, 0xc, 0xc, 0xc, 0xc, 0x4,
    0x0, 0xdd, 0x6d, 0x0, 0x0, 0x0, 0x0, 0x0,
    0x0, 0x0, 0xff, 0xff, 0xff, 0xff, 0xff, 0x60,
    0x0, 0xbd, 0x89, 0x0, 0x2f, 0x94, 0x1, 0x0,
    0x0, 0x0, 0xff, 0x55, 0x1c, 0x1c, 0xe3, 0x60,
    0x0, 0x94, 0xac, 0x0, 0x8e, 0xc6, 0x0, 0x0,
    0x0, 0x0, 0xff, 0x40, 0x0, 0x0, 0xe0, 0x60,
    0x0, 0x63, 0xd8, 0x6, 0xe8, 0x67, 0x0, 0x0,
    0x0, 0x0, 0xff, 0x5e, 0x28, 0x28, 0xe5, 0x60,
    0x0, 0x27, 0xfd, 0x70, 0xf0, 0xc, 0x0, 0x0,
    0x0, 0x0, 0xff, 0xff, 0xff, 0xff, 0xff, 0x60,
    0x0, 0x0, 0xde, 0xf6, 0x83, 0x0, 0x0, 0x0,
    0x0, 0x0, 0x0, 0x0, 0x0, 0x0, 0xd, 0x4f,
    0xb, 0x2, 0xbd, 0xf9, 0xf, 0x0, 0x13, 0x3,
    0x0, 0x1b, 0x41, 0x6a, 0x99, 0xcf, 0xfc, 0xe3,
    0x35, 0xb2, 0xe7, 0xe5, 0x71, 0x0, 0xa3, 0x8a,
    0x0, 0xcf, 0xdf, 0xb5, 0x8b, 0x59, 0x1e, 0x57,
    0xe9, 0xd7, 0x20, 0x40, 0xf6, 0x8f, 0xe3, 0x53,
    0x0, 0x3, 0x0, 0x0, 0x0, 0x0, 0x0, 0x70,
    0x8f, 0xa, 0x0, 0x0, 0x41, 0xda, 0xc0, 0x6,

    /* U+624B "手" */
    0x0, 0x0, 0x0, 0x0, 0x0, 0x0, 0x0, 0x0,
    0x0, 0x0, 0x0, 0x0, 0x1e, 0x28, 0x0, 0x0,
    0x0, 0x0, 0x6, 0xd, 0x16, 0x29, 0x3e, 0x55,
    0x76, 0x99, 0xbe, 0xed, 0xff, 0xd5, 0x4, 0x0,
    0x0, 0x53, 0xff, 0xff, 0xff, 0xff, 0xf4, 0xf1,
    0xf0, 0x98, 0x74, 0x4e, 0x20, 0x0, 0x0, 0x0,
    0x0, 0x5, 0x31, 0x24, 0x16, 0x6, 0x0, 0x70,
    0xd0, 0x0, 0x0, 0x0, 0x0, 0x0, 0x0, 0x0,
    0x0, 0x0, 0x0, 0x0, 0x0, 0x0, 0x0, 0x70,
    0xd0, 0x0, 0x0, 0x0, 0x0, 0x0, 0x0, 0x0,
    0x0, 0x5, 0x28, 0x28, 0x28, 0x28, 0x28, 0x86,
    0xd7, 0x28, 0x28, 0x28, 0x28, 0x28, 0x5, 0x0,
    0x0, 0x20, 0xff, 0xff, 0xff, 0xff, 0xff, 0xff,
    0xff, 0xff, 0xff, 0xff, 0xff, 0xff, 0x20, 0x0,
    0x0, 0x0, 0x0, 0x0, 0x0, 0x0, 0x0, 0x70,
    0xd0, 0x0, 0x0, 0x0, 0x0, 0x0, 0x0, 0x0,
    0x0, 0x0, 0x0, 0x0, 0x0, 0x0, 0x0, 0x70,
    0xd0, 0x0, 0x0, 0x0, 0x0, 0x0, 0x0, 0x0,
    0x30, 0xff, 0xff, 0xff, 0xff, 0xff, 0xff, 0xff,
    0xff, 0xff, 0xff, 0xff, 0xff, 0xff, 0xff, 0x30,
    0x7, 0x28, 0x28, 0x28, 0x28, 0x28, 0x28, 0x86,
    0xd7, 0x28, 0x28, 0x28, 0x28, 0x28, 0x28, 0x7,
    0x0, 0x0, 0x0, 0x0, 0x0, 0x0, 0x0, 0x70,
    0xd0, 0x0, 0x0, 0x0, 0x0, 0x0, 0x0, 0x0,
    0x0, 0x0, 0x0, 0x0, 0x0, 0x0, 0x0, 0x70,
    0xd0, 0x0, 0x0, 0x0, 0x0, 0x0, 0x0, 0x0,
    0x0, 0x0, 0x0, 0x0, 0xe, 0x52, 0x34, 0x9e,
    0xc9, 0x0, 0x0, 0x0, 0x0, 0x0, 0x0, 0x0,
    0x0, 0x0, 0x0, 0x0, 0x7, 0xdb, 0xf4, 0xf4,
    0x75, 0x0, 0x0, 0x0, 0x0, 0x0, 0x0, 0x0,

    /* U+626B "扫" */
    0x0, 0x0, 0x0, 0xb0, 0x90, 0x0, 0x0, 0x0,
    0x0, 0x0, 0x0, 0x0, 0x0, 0x0, 0x0, 0x0,
    0x0, 0x0, 0xb0, 0x90, 0x0, 0x0, 0x27, 0x3c,
    0x3c, 0x3c, 0x3c, 0x3c, 0x3c, 0x3c, 0x0, 0x28,
    0x28, 0xbc, 0xa1, 0x28, 0x14, 0xa8, 0xff, 0xff,
    0xff, 0xff, 0xff, 0xff, 0xff, 0x0, 0xff, 0xff,
    0xff, 0xff, 0xff, 0x80, 0x5, 0x8, 0x8, 0x8,
    0x8, 0x8, 0x2e, 0xff, 0x0, 0x0, 0x0, 0xb0,
    0x90, 0x0, 0x0, 0x0, 0x0, 0x0, 0x0, 0x0,
    0x0, 0x28, 0xff, 0x0, 0x0, 0x0, 0xb0, 0x90,
    0x0, 0x0, 0x0, 0x0, 0x0, 0x0, 0x0, 0x0,
    0x28, 0xff, 0x0, 0x0, 0x0, 0xb0, 0xb7, 0xa4,
    0xc3, 0x79, 0xff, 0xff, 0xff, 0xff, 0xff, 0xff,
    0xff, 0x0, 0x29, 0x89, 0xee, 0xff, 0xc0, 0x4d,
    0x13, 0x28, 0x28, 0x28, 0x28, 0x28, 0x49, 0xff,
    0x11, 0xfd, 0xfb, 0xf1, 0x98, 0x0, 0x0, 0x0,
    0x0, 0x0, 0x0, 0x0, 0x0, 0x28, 0xff, 0x0,
    0x65, 0x1b, 0xb0, 0x90, 0x0, 0x0, 0x0, 0x0,
    0x0, 0x0, 0x0, 0x0, 0x28, 0xff, 0x0, 0x0,
    0x0, 0xb0, 0x90, 0x0, 0x0, 0x0, 0x0, 0x0,
    0x0, 0x0, 0x0, 0x28, 0xff, 0x0, 0x0, 0x0,
    0xb0, 0x90, 0x0, 0x0, 0x26, 0x28, 0x28, 0x28,
    0x28, 0x28, 0x49, 0xff, 0x0, 0x11, 0x20, 0xca,
    0x8a, 0x0, 0x0, 0xf8, 0xff, 0xff, 0xff, 0xff,
    0xff, 0xff, 0xff, 0x0, 0xb8, 0xf4, 0xf1, 0x45,
    0x0, 0x0, 0x0, 0x0, 0x0, 0x0, 0x0, 0x0,
    0x23, 0xe0,

    /* U+6309 "按" */
    0x0, 0x0, 0x0, 0xf0, 0x50, 0x0, 0x0, 0x0,
    0x0, 0x34, 0xd1, 0x9, 0x0, 0x0, 0x0, 0x0,
    0x0, 0x0, 0x0, 0xf0, 0x50, 0x0, 0x0, 0x0,
    0x0, 0x13, 0xfd, 0x4d, 0x0, 0x0, 0x0, 0x0,
    0x0, 0x28, 0x28, 0xf2, 0x6b, 0x28, 0x5c, 0xb4,
    0xb4, 0xb4, 0xf6, 0xd7, 0xb4, 0xb4, 0xb4, 0x0,
    0x0, 0xff, 0xff, 0xff, 0xff, 0xff, 0x90, 0xd6,
    0x74, 0x79, 0x76, 0x74, 0x74, 0x89, 0xff, 0x0,
    0x0, 0x0, 0x0, 0xf0, 0x50, 0x0, 0x68, 0x92,
    0x0, 0x8f, 0xbf, 0x0, 0x0, 0x20, 0xd0, 0x0,
    0x0, 0x0, 0x0, 0xf0, 0x52, 0x54, 0x0, 0x0,
    0x7, 0xed, 0x5e, 0x0, 0x0, 0x0, 0x0, 0x0,
    0x0, 0x0, 0x10, 0xf3, 0xf0, 0xe0, 0xac, 0xff,
    0xff, 0xff, 0xff, 0xff, 0xff, 0xff, 0xff, 0x20,
    0x29, 0xa3, 0xf7, 0xff, 0x91, 0x7, 0x14, 0x20,
    0xdd, 0x9d, 0x20, 0x20, 0xcf, 0x97, 0x20, 0x4,
    0x40, 0xd1, 0x6b, 0xf3, 0x50, 0x0, 0x0, 0x45,
    0xfb, 0x27, 0x0, 0xb, 0xfa, 0x47, 0x0, 0x0,
    0x0, 0x0, 0x0, 0xf0, 0x50, 0x0, 0x0, 0x7c,
    0xfc, 0x97, 0x17, 0x73, 0xe7, 0x8, 0x0, 0x0,
    0x0, 0x0, 0x0, 0xf0, 0x50, 0x0, 0x0, 0x0,
    0x3d, 0xca, 0xf3, 0xf1, 0x6d, 0x0, 0x0, 0x0,
    0x0, 0x0, 0x0, 0xf0, 0x50, 0x0, 0x0, 0x0,
    0x2, 0x64, 0xfb, 0xfc, 0xd6, 0x33, 0x0, 0x0,
    0x0, 0x4c, 0x39, 0xfa, 0x4a, 0x1, 0x32, 0x7b,
    0xda, 0xf5, 0x82, 0x17, 0x9f, 0xfa, 0x7f, 0x4,
    0x0, 0xaa, 0xf4, 0xe0, 0x17, 0x2, 0xd3, 0xc9,
    0x77, 0x17, 0x0, 0x0, 0x0, 0x51, 0xc8, 0xb,
    0x0, 0x0, 0x0, 0x0, 0x0, 0x0, 0x2, 0x0,
    0x0, 0x0, 0x0, 0x0, 0x0, 0x0, 0x1, 0x0,

    /* U+6362 "换" */
    0x0, 0x0, 0x0, 0x0, 0x0, 0x0, 0x0, 0x0,
    0x1, 0x0, 0x0, 0x0, 0x0, 0x0, 0x0, 0x0,
    0x0, 0x0, 0x24, 0xff, 0x4, 0x0, 0x0, 0x6,
    0xdd, 0x5b, 0x0, 0x0, 0x0, 0x0, 0x0, 0x0,
    0x0, 0x0, 0x24, 0xff, 0x4, 0x0, 0x0, 0x6d,
    0xff, 0x97, 0x84, 0x84, 0x31, 0x0, 0x0, 0x0,
    0x3, 0x28, 0x46, 0xff, 0x2b, 0xa, 0x34, 0xf3,
    0xcc, 0xb4, 0xb9, 0xff, 0x55, 0x0, 0x0, 0x0,
    0x14, 0xff, 0xff, 0xff, 0xff, 0x48, 0xe1, 0xc7,
    0x6, 0x0, 0x64, 0xf0, 0xb, 0x0, 0x0, 0x0,
    0x0, 0x0, 0x24, 0xff, 0x4, 0x0, 0x63, 0x30,
    0x20, 0x21, 0xdd, 0x97, 0x20, 0x20, 0x6, 0x0,
    0x0, 0x0, 0x24, 0xff, 0x4, 0x0, 0xe0, 0xff,
    0xff, 0xff, 0xff, 0xff, 0xff, 0xff, 0x30, 0x0,
    0x0, 0x0, 0x24, 0xff, 0x15, 0x20, 0xe0, 0x60,
    0x0, 0x83, 0xc2, 0x0, 0x10, 0xff, 0x30, 0x0,
    0x0, 0x0, 0x48, 0xff, 0xf2, 0x5a, 0xe0, 0x60,
    0x0, 0xa8, 0xa6, 0x0, 0x10, 0xff, 0x30, 0x0,
    0xf, 0xdb, 0xff, 0xff, 0x3a, 0x19, 0xe5, 0x79,
    0x28, 0xde, 0x95, 0x28, 0x35, 0xff, 0x50, 0x0,
    0x0, 0x6f, 0x4f, 0xff, 0x4, 0xa0, 0xff, 0xff,
    0xff, 0xff, 0xff, 0xff, 0xff, 0xff, 0xff, 0x0,
    0x0, 0x0, 0x24, 0xff, 0x4, 0x0, 0x0, 0x0,
    0x8a, 0xdb, 0xb9, 0xa4, 0x0, 0x0, 0x0, 0x0,
    0x0, 0x0, 0x24, 0xff, 0x4, 0x0, 0x0, 0x5c,
    0xfa, 0x48, 0x28, 0xf1, 0x8c, 0x5, 0x0, 0x0,
    0x3, 0x48, 0x5c, 0xfd, 0x2, 0x16, 0x98, 0xf4,
    0x56, 0x0, 0x0, 0x40, 0xed, 0xd7, 0x69, 0x1,
    0x0, 0xc2, 0xf7, 0xb2, 0x0, 0x4c, 0xab, 0x24,
    0x0, 0x0, 0x0, 0x0, 0x1c, 0x9c, 0xa1, 0x0,

    /* U+63A7 "控" */
    0x0, 0x0, 0x24, 0xff, 0x4, 0x0, 0x0, 0x0,
    0x0, 0x64, 0xc5, 0x0, 0x0, 0x0, 0x0, 0x0,
    0x0, 0x0, 0x24, 0xff, 0x4, 0x0, 0x1a, 0x1c,
    0x1c, 0x59, 0xff, 0x36, 0x1c, 0x1c, 0x1c, 0x0,
    0x3, 0x28, 0x46, 0xff, 0x2b, 0xa, 0xf0, 0xff,
    0xff, 0xff, 0xff, 0xff, 0xff, 0xff, 0xff, 0x0,
    0x14, 0xff, 0xff, 0xff, 0xff, 0x44, 0xf0, 0x60,
    0x18, 0x18, 0x18, 0x18, 0x18, 0x52, 0xff, 0x0,
    0x0, 0x0, 0x24, 0xff, 0x4, 0x0, 0xd2, 0x46,
    0x4d, 0x61, 0x0, 0x68, 0x61, 0x2c, 0xb0, 0x0,
    0x0, 0x0, 0x24, 0xff, 0x4, 0x0, 0x0, 0x2e,
    0xf2, 0x89, 0x0, 0x6b, 0xfd, 0x83, 0x0, 0x0,
    0x0, 0x0, 0x24, 0xff, 0x28, 0x47, 0x49, 0xf1,
    0xb9, 0x4, 0x0, 0x0, 0x5b, 0xfe, 0x69, 0x0,
    0x0, 0x0, 0x4a, 0xff, 0xfc, 0x8d, 0x75, 0x98,
    0x5, 0x0, 0x0, 0x0, 0x0, 0x73, 0x25, 0x0,
    0x10, 0xce, 0xff, 0xff, 0x54, 0x0, 0xa, 0x20,
    0x20, 0x20, 0x20, 0x20, 0x20, 0x20, 0xa, 0x0,
    0x0, 0x98, 0x73, 0xff, 0x4, 0x0, 0x50, 0xff,
    0xff, 0xff, 0xff, 0xff, 0xff, 0xff, 0x50, 0x0,
    0x0, 0x0, 0x24, 0xff, 0x4, 0x0, 0x0, 0x0,
    0x0, 0x20, 0xff, 0x20, 0x0, 0x0, 0x0, 0x0,
    0x0, 0x0, 0x24, 0xff, 0x4, 0x0, 0x0, 0x0,
    0x0, 0x20, 0xff, 0x20, 0x0, 0x0, 0x0, 0x0,
    0x2, 0x25, 0x58, 0xfd, 0x2, 0x2, 0x20, 0x20,
    0x20, 0x3c, 0xff, 0x3c, 0x20, 0x20, 0x20, 0x4,
    0x0, 0xce, 0xf8, 0xb2, 0x0, 0x10, 0xff, 0xff,
    0xff, 0xff, 0xff, 0xff, 0xff, 0xff, 0xff, 0x20,

    /* U+6587 "文" */
    0x0, 0x0, 0x0, 0x0, 0x0, 0x0, 0x2c, 0x60,
    0x0, 0x0, 0x0, 0x0, 0x0, 0x0, 0x0, 0x0,
    0x0, 0x0, 0x0, 0x0, 0x0, 0x0, 0x71, 0xfb,
    0x31, 0x0, 0x0, 0x0, 0x0, 0x0, 0x0, 0x0,
    0x0, 0x28, 0x28, 0x28, 0x28, 0x28, 0x2a, 0xda,
    0xbf, 0x28, 0x28, 0x28, 0x28, 0x28, 0x28, 0x0,
    0x0, 0xff, 0xff, 0xff, 0xff, 0xff, 0xff, 0xff,
    0xff, 0xff, 0xff, 0xff, 0xff, 0xff, 0xff, 0x0,
    0x0, 0x0, 0x0, 0x85, 0xde, 0x1, 0x0, 0x0,
    0x0, 0x0, 0x5, 0xf1, 0x6a, 0x0, 0x0, 0x0,
    0x0, 0x0, 0x0, 0x2c, 0xff, 0x44, 0x0, 0x0,
    0x0, 0x0, 0x49, 0xff, 0x1f, 0x0, 0x0, 0x0,
    0x0, 0x0, 0x0, 0x0, 0xbb, 0xc4, 0x0, 0x0,
    0x0, 0x0, 0xba, 0xc4, 0x0, 0x0, 0x0, 0x0,
    0x0, 0x0, 0x0, 0x0, 0x39, 0xfe, 0x63, 0x0,
    0x0, 0x4a, 0xff, 0x46, 0x0, 0x0, 0x0, 0x0,
    0x0, 0x0, 0x0, 0x0, 0x0, 0x92, 0xf4, 0x35,
    0x22, 0xe8, 0xb7, 0x0, 0x0, 0x0, 0x0, 0x0,
    0x0, 0x0, 0x0, 0x0, 0x0, 0x7, 0xc1, 0xee,
    0xe1, 0xe2, 0x17, 0x0, 0x0, 0x0, 0x0, 0x0,
    0x0, 0x0, 0x0, 0x0, 0x0, 0x1, 0x77, 0xff,
    0xff, 0x87, 0x1, 0x0, 0x0, 0x0, 0x0, 0x0,
    0x0, 0x0, 0x0, 0x0, 0x3a, 0xc5, 0xfe, 0x97,
    0x9d, 0xff, 0xc7, 0x3a, 0x0, 0x0, 0x0, 0x0,
    0x0, 0x2, 0x4a, 0xbc, 0xff, 0xce, 0x3f, 0x0,
    0x0, 0x54, 0xe4, 0xff, 0xbd, 0x4b, 0x3, 0x0,
    0x1f, 0xe2, 0xff, 0xcd, 0x55, 0x2, 0x0, 0x0,
    0x0, 0x0, 0xc, 0x7d, 0xed, 0xff, 0xcd, 0x1,
    0x0, 0x68, 0x39, 0x0, 0x0, 0x0, 0x0, 0x0,
    0x0, 0x0, 0x0, 0x0, 0xa, 0x60, 0x52, 0x0,

    /* U+65B0 "新" */
    0x0, 0x0, 0x0, 0x23, 0x4e, 0x0, 0x0, 0x0,
    0x0, 0x0, 0x0, 0x0, 0x0, 0x0, 0x8, 0x0,
    0x0, 0x0, 0x0, 0x2d, 0xf7, 0x29, 0x0, 0x0,
    0x0, 0x35, 0x57, 0x7b, 0xa6, 0xdc, 0xda, 0x4,
    0x0, 0xa0, 0xff, 0xff, 0xff, 0xff, 0xff, 0xff,
    0x40, 0xe4, 0xdc, 0xa7, 0x80, 0x50, 0x16, 0x0,
    0x0, 0xa, 0x96, 0xa4, 0x10, 0x10, 0xe6, 0x70,
    0x4, 0xe4, 0x64, 0x0, 0x0, 0x0, 0x0, 0x0,
    0x0, 0x0, 0x4a, 0xdd, 0x0, 0x36, 0xfa, 0x15,
    0x0, 0xe4, 0x64, 0x0, 0x0, 0x0, 0x0, 0x0,
    0x0, 0x0, 0xa, 0xf8, 0x1f, 0x87, 0xa6, 0x0,
    0x0, 0xe4, 0x64, 0x0, 0x0, 0x0, 0x0, 0x0,
    0x0, 0xff, 0xff, 0xff, 0xff, 0xff, 0xff, 0xff,
    0x60, 0xe8, 0xf6, 0xf0, 0xf0, 0xf0, 0xf0, 0x2d,
    0x0, 0x10, 0x10, 0x10, 0xf1, 0x5b, 0x10, 0x10,
    0x6, 0xed, 0x74, 0x20, 0x3c, 0xff, 0x20, 0x6,
    0x0, 0xb, 0x10, 0x10, 0xf1, 0x5b, 0x10, 0xf,
    0x0, 0xf7, 0x57, 0x0, 0x20, 0xff, 0x0, 0x0,
    0x0, 0xb0, 0xff, 0xff, 0xff, 0xff, 0xff, 0xf0,
    0x8, 0xff, 0x48, 0x0, 0x20, 0xff, 0x0, 0x0,
    0x0, 0x0, 0x40, 0xd, 0xf0, 0x51, 0x40, 0x0,
    0x24, 0xff, 0x31, 0x0, 0x20, 0xff, 0x0, 0x0,
    0x0, 0x29, 0xf5, 0x34, 0xf0, 0x64, 0xdf, 0x68,
    0x57, 0xfe, 0xd, 0x0, 0x20, 0xff, 0x0, 0x0,
    0x15, 0xdf, 0x7f, 0x0, 0xf0, 0x50, 0x37, 0xaa,
    0xa9, 0xc8, 0x0, 0x0, 0x20, 0xff, 0x0, 0x0,
    0x1, 0x49, 0x2b, 0x2f, 0xf7, 0x4e, 0x0, 0x28,
    0xfb, 0x61, 0x0, 0x0, 0x20, 0xff, 0x0, 0x0,
    0x0, 0x0, 0x63, 0xf3, 0xe6, 0x21, 0x0, 0x28,
    0xa6, 0x2, 0x0, 0x0, 0x1a, 0xd0, 0x0, 0x0,

    /* U+65B9 "方" */
    0x0, 0x0, 0x0, 0x0, 0x0, 0x38, 0x9c, 0x3,
    0x0, 0x0, 0x0, 0x0, 0x0, 0x0, 0x0, 0x0,
    0x0, 0x0, 0x0, 0x2e, 0xff, 0x62, 0x0, 0x0,
    0x0, 0x0, 0x0, 0x0, 0x28, 0x28, 0x28, 0x28,
    0x28, 0x28, 0xcb, 0xce, 0x28, 0x28, 0x28, 0x28,
    0x28, 0x25, 0xff, 0xff, 0xff, 0xff, 0xff, 0xff,
    0xff, 0xff, 0xff, 0xff, 0xff, 0xff, 0xff, 0xf0,
    0x0, 0x0, 0x0, 0x0, 0xe4, 0x5b, 0x0, 0x0,
    0x0, 0x0, 0x0, 0x0, 0x0, 0x0, 0x0, 0x0,
    0x0, 0x0, 0xeb, 0x53, 0x0, 0x0, 0x0, 0x0,
    0x0, 0x0, 0x0, 0x0, 0x0, 0x0, 0x0, 0x1,
    0xfb, 0xff, 0xff, 0xff, 0xff, 0xff, 0xff, 0xff,
    0x5e, 0x0, 0x0, 0x0, 0x0, 0x19, 0xff, 0x40,
    0x28, 0x28, 0x28, 0x28, 0x28, 0xe8, 0x5c, 0x0,
    0x0, 0x0, 0x0, 0x49, 0xf2, 0x1, 0x0, 0x0,
    0x0, 0x0, 0x0, 0xee, 0x57, 0x0, 0x0, 0x0,
    0x0, 0x96, 0xb8, 0x0, 0x0, 0x0, 0x0, 0x0,
    0x0, 0xf9, 0x4f, 0x0, 0x0, 0x0, 0x1f, 0xf5,
    0x49, 0x0, 0x0, 0x0, 0x0, 0x0, 0xb, 0xff,
    0x41, 0x0, 0x0, 0xe, 0xcc, 0xb7, 0x1, 0x0,
    0x0, 0x0, 0x0, 0x0, 0x28, 0xff, 0x29, 0x0,
    0x3a, 0xd7, 0xd1, 0xe, 0x0, 0x0, 0x0, 0x13,
    0x36, 0x2d, 0x9d, 0xf5, 0x6, 0x0, 0x73, 0x93,
    0x9, 0x0, 0x0, 0x0, 0x0, 0x2d, 0xf0, 0xfd,
    0xe9, 0x61, 0x0, 0x0,

    /* U+663E "显" */
    0x0, 0x0, 0x50, 0xff, 0xff, 0xff, 0xff, 0xff,
    0xff, 0xff, 0xff, 0xff, 0xff, 0x50, 0x0, 0x0,
    0x0, 0x0, 0x50, 0xf2, 0x28, 0x28, 0x28, 0x28,
    0x28, 0x28, 0x28, 0x28, 0xf2, 0x50, 0x0, 0x0,
    0x0, 0x0, 0x50, 0xff, 0xff, 0xff, 0xff, 0xff,
    0xff, 0xff, 0xff, 0xff, 0xff, 0x50, 0x0, 0x0,
    0x0, 0x0, 0x50, 0xf1, 0x10, 0x10, 0x10, 0x10,
    0x10, 0x10, 0x10, 0x10, 0xf1, 0x50, 0x0, 0x0,
    0x0, 0x0, 0x50, 0xf1, 0x1c, 0x1c, 0x1c, 0x1c,
    0x1c, 0x1c, 0x1c, 0x1c, 0xf1, 0x50, 0x0, 0x0,
    0x0, 0x0, 0x50, 0xff, 0xff, 0xff, 0xff, 0xff,
    0xff, 0xff, 0xff, 0xff, 0xff, 0x50, 0x0, 0x0,
    0x0, 0x0, 0x3, 0xc, 0xc, 0xe, 0x1c, 0xe,
    0xc, 0x1c, 0x10, 0xc, 0xc, 0x3, 0x0, 0x0,
    0x0, 0x0, 0x65, 0x4e, 0x0, 0x20, 0xff, 0x20,
    0x0, 0xff, 0x40, 0x0, 0x41, 0x4d, 0x0, 0x0,
    0x0, 0x0, 0x8a, 0xe6, 0xf, 0x20, 0xff, 0x20,
    0x0, 0xff, 0x40, 0x5, 0xd8, 0x96, 0x0, 0x0,
    0x0, 0x0, 0x9, 0xe2, 0x80, 0x20, 0xff, 0x20,
    0x0, 0xff, 0x40, 0x88, 0xe3, 0x10, 0x0, 0x0,
    0x0, 0x0, 0x0, 0x6d, 0xb6, 0x20, 0xff, 0x20,
    0x0, 0xff, 0x41, 0xbb, 0x37, 0x0, 0x0, 0x0,
    0x4, 0x20, 0x20, 0x23, 0x20, 0x3c, 0xff, 0x3c,
    0x20, 0xff, 0x58, 0x20, 0x20, 0x20, 0x20, 0x4,
    0x20, 0xff, 0xff, 0xff, 0xff, 0xff, 0xff, 0xff,
    0xff, 0xff, 0xff, 0xff, 0xff, 0xff, 0xff, 0x20,

    /* U+673A "机" */
    0x0, 0x0, 0x0, 0xb0, 0x90, 0x0, 0x0, 0x0,
    0x0, 0x0, 0x0, 0x0, 0x0, 0x0, 0x0, 0x0,
    0x0, 0x0, 0x0, 0xb0, 0x90, 0x0, 0x0, 0x68,
    0xff, 0xff, 0xff, 0xff, 0xff, 0x0, 0x0, 0x0,
    0x0, 0xc, 0xc, 0xb3, 0x95, 0xc, 0x9, 0x68,
    0xe5, 0x28, 0x28, 0x49, 0xff, 0x0, 0x0, 0x0,
    0x0, 0xff, 0xff, 0xff, 0xff, 0xff, 0xc0, 0x68,
    0xe0, 0x0, 0x0, 0x28, 0xff, 0x0, 0x0, 0x0,
    0x0, 0x1c, 0x1d, 0xef, 0xa3, 0x1c, 0x15, 0x68,
    0xe0, 0x0, 0x0, 0x28, 0xff, 0x0, 0x0, 0x0,
    0x0, 0x0, 0x30, 0xff, 0xf9, 0x3e, 0x0, 0x68,
    0xe0, 0x0, 0x0, 0x28, 0xff, 0x0, 0x0, 0x0,
    0x0, 0x0, 0x8b, 0xff, 0xe5, 0xec, 0x1d, 0x70,
    0xdd, 0x0, 0x0, 0x28, 0xff, 0x0, 0x0, 0x0,
    0x0, 0xb, 0xea, 0xe9, 0x90, 0xba, 0xb9, 0x83,
    0xcc, 0x0, 0x0, 0x28, 0xff, 0x0, 0x0, 0x0,
    0x0, 0x7c, 0xcf, 0xb0, 0x90, 0x24, 0x5d, 0x9d,
    0xba, 0x0, 0x0, 0x28, 0xff, 0x0, 0x0, 0x0,
    0x2a, 0xf7, 0x51, 0xb0, 0x90, 0x0, 0x0, 0xd8,
    0x8b, 0x0, 0x0, 0x28, 0xff, 0x0, 0x0, 0x0,
    0x4f, 0xa1, 0x0, 0xb0, 0x90, 0x0, 0x23, 0xff,
    0x46, 0x0, 0x0, 0x28, 0xff, 0x0, 0x0, 0x0,
    0x0, 0x1, 0x0, 0xb0, 0x90, 0x0, 0x9d, 0xd0,
    0x2, 0x0, 0x0, 0x28, 0xff, 0x0, 0xa3, 0x2a,
    0x0, 0x0, 0x0, 0xb0, 0x90, 0x4d, 0xf7, 0x3d,
    0x0, 0x0, 0x0, 0x25, 0xff, 0x52, 0xff, 0x48,
    0x0, 0x0, 0x0, 0xb0, 0x90, 0xa5, 0x59, 0x0,
    0x0, 0x0, 0x0, 0xa, 0xdd, 0xf9, 0xc6, 0xb,

    /* U+6B63 "正" */
    0x0, 0x70, 0xff, 0xff, 0xff, 0xff, 0xff, 0xff,
    0xff, 0xff, 0xff, 0xff, 0xff, 0xff, 0xb0, 0x0,
    0x0, 0x11, 0x28, 0x28, 0x28, 0x28, 0x28, 0x50,
    0xff, 0x35, 0x28, 0x28, 0x28, 0x28, 0x1b, 0x0,
    0x0, 0x0, 0x0, 0x0, 0x0, 0x0, 0x0, 0x30,
    0xff, 0x10, 0x0, 0x0, 0x0, 0x0, 0x0, 0x0,
    0x0, 0x0, 0x0, 0x3a, 0x1f, 0x0, 0x0, 0x30,
    0xff, 0x10, 0x0, 0x0, 0x0, 0x0, 0x0, 0x0,
    0x0, 0x0, 0x0, 0xd0, 0x70, 0x0, 0x0, 0x30,
    0xff, 0x10, 0x0, 0x0, 0x0, 0x0, 0x0, 0x0,
    0x0, 0x0, 0x0, 0xd0, 0x70, 0x0, 0x0, 0x30,
    0xff, 0xff, 0xff, 0xff, 0xff, 0xff, 0x40, 0x0,
    0x0, 0x0, 0x0, 0xd0, 0x70, 0x0, 0x0, 0x30,
    0xff, 0x35, 0x28, 0x28, 0x28, 0x28, 0xa, 0x0,
    0x0, 0x0, 0x0, 0xd0, 0x70, 0x0, 0x0, 0x30,
    0xff, 0x10, 0x0, 0x0, 0x0, 0x0, 0x0, 0x0,
    0x0, 0x0, 0x0, 0xd0, 0x70, 0x0, 0x0, 0x30,
    0xff, 0x10, 0x0, 0x0, 0x0, 0x0, 0x0, 0x0,
    0x0, 0x0, 0x0, 0xd0, 0x70, 0x0, 0x0, 0x30,
    0xff, 0x10, 0x0, 0x0, 0x0, 0x0, 0x0, 0x0,
    0x0, 0x0, 0x0, 0xd0, 0x70, 0x0, 0x0, 0x30,
    0xff, 0x10, 0x0, 0x0, 0x0, 0x0, 0x0, 0x0,
    0x7, 0x28, 0x28, 0xd7, 0x86, 0x28, 0x28, 0x50,
    0xff, 0x35, 0x28, 0x28, 0x28, 0x28, 0x28, 0x7,
    0x30, 0xff, 0xff, 0xff, 0xff, 0xff, 0xff, 0xff,
    0xff, 0xff, 0xff, 0xff, 0xff, 0xff, 0xff, 0x30,

    /* U+6C1B "氛" */
    0x0, 0x0, 0x16, 0x2e, 0x2, 0x0, 0x0, 0x0,
    0x0, 0x0, 0x0, 0x0, 0x0, 0x0, 0x0, 0x0,
    0x0, 0xaa, 0xe1, 0x3, 0x0, 0x0, 0x0, 0x0,
    0x0, 0x0, 0x0, 0x0, 0x0, 0x0, 0x0, 0x41,
    0xff, 0xff, 0xff, 0xff, 0xff, 0xff, 0xff, 0xff,
    0xff, 0xff, 0xff, 0xe0, 0x0, 0x32, 0xf0, 0xb6,
    0x12, 0x10, 0x10, 0x10, 0x10, 0x10, 0x10, 0x10,
    0x10, 0xd, 0x0, 0x0, 0x89, 0xc2, 0xc, 0xff,
    0xff, 0xff, 0xff, 0xff, 0xff, 0xff, 0xff, 0xff,
    0xd0, 0x0, 0x0, 0x4, 0x16, 0x10, 0x10, 0x10,
    0x10, 0x10, 0x10, 0x10, 0x10, 0x10, 0x10, 0x5,
    0x0, 0x0, 0x0, 0xff, 0xff, 0xff, 0xff, 0xff,
    0xff, 0xff, 0xff, 0xff, 0xff, 0xff, 0x50, 0x0,
    0x0, 0x0, 0x0, 0x0, 0x3a, 0x0, 0x0, 0x0,
    0x27, 0x9, 0x0, 0x0, 0xdf, 0x51, 0x0, 0x0,
    0x0, 0x0, 0x74, 0xec, 0x17, 0x0, 0x3, 0xd6,
    0xa7, 0x0, 0x0, 0xd9, 0x54, 0x0, 0x0, 0x1,
    0x7d, 0xf9, 0x41, 0x0, 0x0, 0x0, 0x2e, 0xf3,
    0x8d, 0x2, 0xd0, 0x5a, 0x0, 0x0, 0x95, 0xee,
    0x54, 0x10, 0x10, 0x10, 0x10, 0x10, 0x4b, 0xf5,
    0x9d, 0xc3, 0x63, 0x0, 0x0, 0x23, 0x21, 0xa0,
    0xff, 0xff, 0xff, 0xff, 0xff, 0x89, 0x32, 0x29,
    0xaf, 0x71, 0x0, 0x0, 0x0, 0x0, 0x0, 0x7d,
    0xd6, 0x1, 0x0, 0xb9, 0x76, 0x0, 0x0, 0x91,
    0x8f, 0x43, 0x40, 0x7, 0x4e, 0xb4, 0xf1, 0x36,
    0x20, 0x33, 0xe4, 0x4d, 0x0, 0x0, 0x58, 0xe1,
    0xa8, 0x5e, 0x4, 0xae, 0x98, 0x1c, 0x0, 0x6e,
    0xe8, 0xaa, 0x6, 0x0, 0x0, 0x5, 0xba, 0xd8,
    0xe,

    /* U+6DFB "添" */
    0x0, 0xb, 0x0, 0x0, 0x0, 0x0, 0x0, 0x0,
    0x0, 0x0, 0x0, 0x0, 0x0, 0x0, 0x0, 0x46,
    0xea, 0x45, 0x0, 0x90, 0xff, 0xff, 0xff, 0xff,
    0xff, 0xff, 0xff, 0xff, 0x30, 0x0, 0x0, 0x43,
    0xb0, 0x10, 0x12, 0x20, 0x20, 0x89, 0xce, 0x20,
    0x20, 0x20, 0x20, 0x6, 0x0, 0x1c, 0x5, 0x0,
    0x50, 0xff, 0xff, 0xff, 0xff, 0xff, 0xff, 0xff,
    0xff, 0xff, 0xff, 0x0, 0xb7, 0xc4, 0x18, 0xc,
    0x28, 0x2f, 0xdb, 0xb4, 0x28, 0x2a, 0xcb, 0xa5,
    0x28, 0x28, 0x0, 0xc, 0xbc, 0xbd, 0x0, 0x8,
    0xb5, 0xe0, 0x18, 0x8, 0x0, 0x19, 0xe2, 0x91,
    0x5, 0x0, 0x0, 0x9, 0x1d, 0x2a, 0xca, 0xe0,
    0x26, 0x20, 0xff, 0x0, 0x0, 0x26, 0xda, 0xcb,
    0x2d, 0x0, 0x0, 0x5, 0x90, 0xbb, 0x1b, 0x0,
    0x20, 0xff, 0x0, 0x8, 0x15, 0x49, 0xb2, 0x2e,
    0x0, 0x25, 0xd0, 0x3, 0x1, 0x67, 0xc3, 0x20,
    0xff, 0x71, 0xa0, 0x50, 0xe4, 0x8, 0x0, 0x0,
    0x78, 0xc5, 0x0, 0x2, 0xdb, 0x73, 0x20, 0xff,
    0x33, 0xf6, 0x11, 0xd4, 0x6e, 0x0, 0x0, 0xcb,
    0x78, 0x0, 0x6f, 0xef, 0xe, 0x20, 0xff, 0x0,
    0xdc, 0x5b, 0x66, 0xdb, 0x1, 0x36, 0xfe, 0x26,
    0x1e, 0xf3, 0x6a, 0x0, 0x20, 0xff, 0x0, 0x99,
    0xa3, 0x13, 0xfb, 0x41, 0xa9, 0xb9, 0x0, 0x7,
    0x63, 0x1c, 0x4a, 0x54, 0xfc, 0x0, 0x4a, 0x74,
    0x0, 0x82, 0x35, 0xa0, 0x4c, 0x0, 0x0, 0x0,
    0x1e, 0xe1, 0xf8, 0xb1, 0x0, 0x0, 0x0, 0x0,
    0x0, 0x0, 0x0, 0x0, 0x0, 0x0, 0x0, 0x0,
    0x0, 0x0, 0x0, 0x0, 0x0, 0x0, 0x0, 0x0,
    0x0,

    /* U+6E29 "温" */
    0x0, 0x18, 0x35, 0x0, 0x0, 0x0, 0x0, 0x0,
    0x0, 0x0, 0x0, 0x0, 0x0, 0x0, 0x0, 0x0,
    0x68, 0xf1, 0x80, 0x4, 0x40, 0xff, 0xff, 0xff,
    0xff, 0xff, 0xff, 0xff, 0x50, 0x0, 0x0, 0x0,
    0x1d, 0xa8, 0x36, 0x40, 0xff, 0x20, 0x20, 0x20,
    0x20, 0x20, 0xf2, 0x50, 0x0, 0x0, 0x11, 0x0,
    0x0, 0x0, 0x40, 0xff, 0xff, 0xff, 0xff, 0xff,
    0xff, 0xff, 0x50, 0x0, 0x28, 0xf5, 0x82, 0x5,
    0x0, 0x40, 0xff, 0x20, 0x20, 0x20, 0x20, 0x20,
    0xf2, 0x50, 0x0, 0x0, 0x45, 0xee, 0x7c, 0x0,
    0x40, 0xff, 0x48, 0x48, 0x48, 0x48, 0x48, 0xf4,
    0x50, 0x0, 0x0, 0x0, 0x24, 0x7, 0x0, 0x37,
    0xdc, 0xdc, 0xdc, 0xdc, 0xdc, 0xdc, 0xdc, 0x44,
    0x0, 0x0, 0x0, 0x9, 0x4, 0x0, 0x0, 0x0,
    0x0, 0x0, 0x0, 0x0, 0x0, 0x0, 0x0, 0x0,
    0x0, 0x0, 0x63, 0xb8, 0x0, 0xf0, 0xff, 0xff,
    0xff, 0xff, 0xff, 0xff, 0xff, 0xff, 0x0, 0x0,
    0x0, 0xbb, 0xa1, 0x0, 0xf0, 0x58, 0x66, 0xd6,
    0x20, 0xc8, 0x74, 0x4a, 0xff, 0x0, 0x0, 0x18,
    0xfc, 0x53, 0x0, 0xf0, 0x40, 0x50, 0xd0, 0x0,
    0xc0, 0x60, 0x30, 0xff, 0x0, 0x0, 0x86, 0xf4,
    0xc, 0x0, 0xf0, 0x40, 0x50, 0xd0, 0x0, 0xc0,
    0x60, 0x30, 0xff, 0x0, 0xe, 0xf0, 0x96, 0x10,
    0x20, 0xf2, 0x58, 0x66, 0xd6, 0x20, 0xc8, 0x74,
    0x4a, 0xff, 0x20, 0x4b, 0xfd, 0x29, 0x80, 0xff,
    0xff, 0xff, 0xff, 0xff, 0xff, 0xff, 0xff, 0xff,
    0xff, 0xff, 0x0, 0x2d, 0x0, 0x0, 0x0, 0x0,
    0x0, 0x0, 0x0, 0x0, 0x0, 0x0, 0x0, 0x0,
    0x0,

    /* U+6ED1 "滑" */
    0x0, 0x0, 0x3c, 0x2, 0x0, 0x0, 0x0, 0x0,
    0x0, 0x0, 0x0, 0x0, 0x0, 0x0, 0x0, 0x0,
    0x1e, 0xef, 0xca, 0x1f, 0x0, 0xc8, 0xff, 0xff,
    0xff, 0xff, 0xff, 0xff, 0x28, 0x0, 0x0, 0x0,
    0x1d, 0xcd, 0xc3, 0x0, 0xc8, 0x5e, 0x10, 0x10,
    0x10, 0x10, 0xff, 0x28, 0x0, 0x0, 0x0, 0x0,
    0xb, 0x23, 0x0, 0xc8, 0xff, 0xff, 0xff, 0x20,
    0x0, 0xff, 0x28, 0x0, 0x0, 0x44, 0x36, 0x0,
    0x4, 0x20, 0xcf, 0x69, 0x20, 0xff, 0x3c, 0x20,
    0xff, 0x43, 0x13, 0x0, 0x8b, 0xfa, 0x86, 0x25,
    0xff, 0xff, 0xff, 0xff, 0xff, 0xff, 0xff, 0xff,
    0xff, 0x98, 0x0, 0x0, 0x4d, 0xac, 0x22, 0xff,
    0x8, 0x10, 0x10, 0x10, 0x10, 0x10, 0xf, 0x88,
    0x98, 0x0, 0x0, 0x0, 0x0, 0x0, 0x0, 0x80,
    0xff, 0xff, 0xff, 0xff, 0xff, 0xf8, 0x0, 0x0,
    0x0, 0x0, 0x0, 0x91, 0x16, 0x0, 0x80, 0x97,
    0x10, 0x10, 0x10, 0x3d, 0xf8, 0x0, 0x0, 0x0,
    0x0, 0x39, 0xff, 0x29, 0x0, 0x80, 0xff, 0xff,
    0xff, 0xff, 0xff, 0xf8, 0x0, 0x0, 0x0, 0x0,
    0x9f, 0xcf, 0x0, 0x0, 0x80, 0x97, 0x10, 0x10,
    0x10, 0x3d, 0xf8, 0x0, 0x0, 0x0, 0x26, 0xfb,
    0x71, 0x0, 0x0, 0x80, 0xff, 0xff, 0xff, 0xff,
    0xff, 0xf8, 0x0, 0x0, 0x0, 0xaf, 0xeb, 0xb,
    0x0, 0x0, 0x80, 0x90, 0x0, 0xa, 0x26, 0x53,
    0xf5, 0x0, 0x0, 0x1, 0x95, 0x76, 0x0, 0x0,
    0x0, 0x80, 0x90, 0x0, 0x17, 0xeb, 0xf9, 0xa2,
    0x0, 0x0, 0x0, 0x0, 0x0, 0x0, 0x0, 0x0,
    0x8, 0x9, 0x0, 0x0, 0x0, 0x0, 0x0, 0x0,
    0x0,

    /* U+706F "灯" */
    0x0, 0x0, 0x0, 0x28, 0xff, 0x0, 0x0, 0x0,
    0x0, 0x0, 0x0, 0x0, 0x0, 0x0, 0x0, 0x0,
    0x0, 0x0, 0x0, 0x28, 0xff, 0x0, 0x0, 0xff,
    0xff, 0xff, 0xff, 0xff, 0xff, 0xff, 0xff, 0x10,
    0x0, 0x0, 0x0, 0x28, 0xff, 0x0, 0x45, 0x2f,
    0x28, 0x28, 0x28, 0xd7, 0x86, 0x28, 0x28, 0x2,
    0x0, 0x2c, 0xd2, 0x2e, 0xff, 0x3b, 0xf5, 0x38,
    0x0, 0x0, 0x0, 0xd0, 0x70, 0x0, 0x0, 0x0,
    0x0, 0x5c, 0xe3, 0x28, 0xff, 0xee, 0x64, 0x0,
    0x0, 0x0, 0x0, 0xd0, 0x70, 0x0, 0x0, 0x0,
    0x0, 0x97, 0xb5, 0x28, 0xff, 0x50, 0x0, 0x0,
    0x0, 0x0, 0x0, 0xd0, 0x70, 0x0, 0x0, 0x0,
    0x6, 0xed, 0x67, 0x2d, 0xfe, 0x0, 0x0, 0x0,
    0x0, 0x0, 0x0, 0xd0, 0x70, 0x0, 0x0, 0x0,
    0xe, 0xa3, 0x12, 0x44, 0xef, 0x0, 0x0, 0x0,
    0x0, 0x0, 0x0, 0xd0, 0x70, 0x0, 0x0, 0x0,
    0x0, 0x0, 0x0, 0x69, 0xf1, 0x13, 0x0, 0x0,
    0x0, 0x0, 0x0, 0xd0, 0x70, 0x0, 0x0, 0x0,
    0x0, 0x0, 0x0, 0xb7, 0xeb, 0xc1, 0x6, 0x0,
    0x0, 0x0, 0x0, 0xd0, 0x70, 0x0, 0x0, 0x0,
    0x0, 0x0, 0x25, 0xf9, 0x30, 0xe3, 0x90, 0x0,
    0x0, 0x0, 0x0, 0xd0, 0x70, 0x0, 0x0, 0x0,
    0x0, 0x0, 0xb3, 0xb3, 0x0, 0x46, 0xf3, 0xc,
    0x0, 0x0, 0x0, 0xd0, 0x70, 0x0, 0x0, 0x0,
    0x0, 0x7f, 0xf8, 0x2b, 0x0, 0x0, 0x31, 0x0,
    0x2, 0x3c, 0x32, 0xe6, 0x6a, 0x0, 0x0, 0x0,
    0x5, 0xb4, 0x5f, 0x0, 0x0, 0x0, 0x0, 0x0,
    0x0, 0xd6, 0xfa, 0xdc, 0x27, 0x0, 0x0, 0x0,

    /* U+7528 "用" */
    0x0, 0x0, 0xff, 0xff, 0xff, 0xff, 0xff, 0xff,
    0xff, 0xff, 0xff, 0xff, 0xff, 0x28, 0x0, 0x0,
    0xff, 0x49, 0x28, 0x28, 0x28, 0xff, 0x49, 0x28,
    0x28, 0x28, 0xff, 0x28, 0x0, 0x0, 0xff, 0x28,
    0x0, 0x0, 0x0, 0xff, 0x28, 0x0, 0x0, 0x0,
    0xff, 0x28, 0x0, 0x0, 0xff, 0x49, 0x28, 0x28,
    0x28, 0xff, 0x49, 0x28, 0x28, 0x28, 0xff, 0x28,
    0x0, 0x0, 0xff, 0xff, 0xff, 0xff, 0xff, 0xff,
    0xff, 0xff, 0xff, 0xff, 0xff, 0x28, 0x0, 0x0,
    0xff, 0x28, 0x0, 0x0, 0x0, 0xff, 0x28, 0x0,
    0x0, 0x0, 0xff, 0x28, 0x0, 0x9, 0xff, 0x20,
    0x0, 0x0, 0x0, 0xff, 0x28, 0x0, 0x0, 0x0,
    0xff, 0x28, 0x0, 0x15, 0xff, 0xff, 0xff, 0xff,
    0xff, 0xff, 0xff, 0xff, 0xff, 0xff, 0xff, 0x28,
    0x0, 0x37, 0xea, 0x28, 0x28, 0x28, 0x28, 0xff,
    0x49, 0x28, 0x28, 0x28, 0xff, 0x28, 0x0, 0x68,
    0xb6, 0x0, 0x0, 0x0, 0x0, 0xff, 0x28, 0x0,
    0x0, 0x0, 0xff, 0x28, 0x0, 0xb6, 0x80, 0x0,
    0x0, 0x0, 0x0, 0xff, 0x28, 0x0, 0x0, 0x0,
    0xff, 0x28, 0x1b, 0xfa, 0x27, 0x0, 0x0, 0x0,
    0x0, 0xff, 0x28, 0xf, 0x36, 0x44, 0xff, 0x20,
    0x7a, 0xbf, 0x0, 0x0, 0x0, 0x0, 0x0, 0xd8,
    0x21, 0x18, 0xef, 0xfc, 0xbb, 0x2, 0x0, 0x9,
    0x0, 0x0, 0x0, 0x0, 0x0, 0x0, 0x0, 0x0,
    0x0, 0x0, 0x0, 0x0,

    /* U+767D "白" */
    0x0, 0x0, 0x0, 0x0, 0x6, 0x3, 0x0, 0x0,
    0x0, 0x0, 0x0, 0x0, 0x0, 0x0, 0x0, 0x0,
    0x6a, 0xf2, 0x16, 0x0, 0x0, 0x0, 0x0, 0x0,
    0x0, 0x0, 0x0, 0x0, 0xca, 0xb0, 0x0, 0x0,
    0x0, 0x0, 0x0, 0x0, 0xff, 0xff, 0xff, 0xff,
    0xff, 0xff, 0xff, 0xff, 0xff, 0xff, 0xff, 0xff,
    0xff, 0x49, 0x28, 0x28, 0x28, 0x28, 0x28, 0x28,
    0x28, 0x28, 0x49, 0xff, 0xff, 0x28, 0x0, 0x0,
    0x0, 0x0, 0x0, 0x0, 0x0, 0x0, 0x28, 0xff,
    0xff, 0x28, 0x0, 0x0, 0x0, 0x0, 0x0, 0x0,
    0x0, 0x0, 0x28, 0xff, 0xff, 0x32, 0xc, 0xc,
    0xc, 0xc, 0xc, 0xc, 0xc, 0xc, 0x32, 0xff,
    0xff, 0xff, 0xff, 0xff, 0xff, 0xff, 0xff, 0xff,
    0xff, 0xff, 0xff, 0xff, 0xff, 0x3f, 0x1c, 0x1c,
    0x1c, 0x1c, 0x1c, 0x1c, 0x1c, 0x1c, 0x3f, 0xff,
    0xff, 0x28, 0x0, 0x0, 0x0, 0x0, 0x0, 0x0,
    0x0, 0x0, 0x28, 0xff, 0xff, 0x28, 0x0, 0x0,
    0x0, 0x0, 0x0, 0x0, 0x0, 0x0, 0x28, 0xff,
    0xff, 0x28, 0x0, 0x0, 0x0, 0x0, 0x0, 0x0,
    0x0, 0x0, 0x28, 0xff, 0xff, 0xff, 0xff, 0xff,
    0xff, 0xff, 0xff, 0xff, 0xff, 0xff, 0xff, 0xff,
    0xf0, 0x47, 0x28, 0x28, 0x28, 0x28, 0x28, 0x28,
    0x28, 0x28, 0x49, 0xff,

    /* U+7801 "码" */
    0x0, 0xff, 0xff, 0xff, 0xff, 0xff, 0xc0, 0xbc,
    0xff, 0xff, 0xff, 0xff, 0xff, 0xff, 0x13, 0x0,
    0x0, 0x28, 0x4d, 0xfe, 0x37, 0x28, 0x1e, 0x1d,
    0x4f, 0x3d, 0x28, 0x28, 0x5e, 0xeb, 0x0, 0x0,
    0x0, 0x0, 0x6b, 0xcb, 0x0, 0x0, 0x0, 0x0,
    0xe1, 0x82, 0x0, 0x0, 0x6e, 0xc3, 0x0, 0x0,
    0x0, 0x0, 0xbd, 0x7a, 0x0, 0x0, 0x0, 0xd,
    0xfe, 0x51, 0x0, 0x0, 0x9e, 0x9b, 0x0, 0x0,
    0x0, 0x1e, 0xfd, 0x4b, 0x2c, 0x2c, 0x5, 0x38,
    0xff, 0x20, 0x0, 0x0, 0xcf, 0x73, 0x0, 0x0,
    0x0, 0x8e, 0xff, 0xf8, 0xf1, 0xff, 0x20, 0x64,
    0xef, 0x0, 0x0, 0x5, 0xf9, 0x4b, 0x0, 0x0,
    0x21, 0xf8, 0xdc, 0x80, 0x10, 0xff, 0x20, 0x90,
    0xff, 0xff, 0xff, 0xff, 0xff, 0xff, 0xff, 0x17,
    0x14, 0x8b, 0xa0, 0x80, 0x10, 0xff, 0x20, 0x1a,
    0x28, 0x28, 0x28, 0x28, 0x28, 0x46, 0xff, 0x7,
    0x0, 0x0, 0xa0, 0x80, 0x10, 0xff, 0x2c, 0x40,
    0x40, 0x40, 0x40, 0x40, 0x35, 0x2e, 0xf3, 0x0,
    0x0, 0x0, 0xa0, 0x80, 0x10, 0xff, 0x4a, 0xe0,
    0xe0, 0xe0, 0xe0, 0xe0, 0xb9, 0x41, 0xda, 0x0,
    0x0, 0x0, 0xa0, 0xff, 0xff, 0xff, 0x20, 0x0,
    0x0, 0x0, 0x0, 0x0, 0x0, 0x61, 0xb7, 0x0,
    0x0, 0x0, 0xa0, 0x90, 0x2e, 0xff, 0x20, 0x0,
    0x0, 0x0, 0x14, 0x28, 0x2d, 0xba, 0x7f, 0x0,
    0x0, 0x0, 0xa0, 0x80, 0x2, 0x20, 0x4, 0x0,
    0x0, 0x0, 0x58, 0xff, 0xfd, 0xc4, 0x14, 0x0,

    /* U+793A "示" */
    0x0, 0x0, 0xe0, 0xff, 0xff, 0xff, 0xff, 0xff,
    0xff, 0xff, 0xff, 0xff, 0xff, 0x80, 0x0, 0x0,
    0x0, 0x23, 0x28, 0x28, 0x28, 0x28, 0x28, 0x28,
    0x28, 0x28, 0x28, 0x28, 0x14, 0x0, 0x0, 0x0,
    0x0, 0x0, 0x0, 0x0, 0x0, 0x0, 0x0, 0x0,
    0x0, 0x0, 0x0, 0x0, 0x0, 0x0, 0xc, 0xc,
    0xc, 0xc, 0xc, 0xc, 0xc, 0xc, 0xc, 0xc,
    0xc, 0xc, 0xc, 0x7, 0x0, 0xff, 0xff, 0xff,
    0xff, 0xff, 0xff, 0xff, 0xff, 0xff, 0xff, 0xff,
    0xff, 0xff, 0xa0, 0x0, 0x1c, 0x1c, 0x1c, 0x1c,
    0x1c, 0x1c, 0xc7, 0x8e, 0x1c, 0x1c, 0x1c, 0x1c,
    0x1c, 0x11, 0x0, 0x0, 0x0, 0x0, 0x2b, 0x0,
    0x0, 0xc0, 0x80, 0x0, 0x13, 0x25, 0x0, 0x0,
    0x0, 0x0, 0x0, 0x0, 0x61, 0xfb, 0x1c, 0x0,
    0xc0, 0x80, 0x0, 0x9b, 0xe4, 0x21, 0x0, 0x0,
    0x0, 0x0, 0x16, 0xed, 0x98, 0x0, 0x0, 0xc0,
    0x80, 0x0, 0xb, 0xc8, 0xdd, 0x18, 0x0, 0x0,
    0x4, 0xba, 0xe2, 0xf, 0x0, 0x0, 0xc0, 0x80,
    0x0, 0x0, 0x13, 0xda, 0xc3, 0x4, 0x0, 0x9d,
    0xfb, 0x3d, 0x0, 0x0, 0x0, 0xc0, 0x80, 0x0,
    0x0, 0x0, 0x32, 0xf9, 0x8d, 0x23, 0xf0, 0x66,
    0x0, 0xf, 0x3a, 0x31, 0xdb, 0x7b, 0x0, 0x0,
    0x0, 0x0, 0x72, 0x86, 0x0, 0x13, 0x0, 0x0,
    0x17, 0xf5, 0xfc, 0xe2, 0x37, 0x0, 0x0, 0x0,
    0x0, 0x0, 0x0,

    /* U+7A7A "空" */
    0x0, 0x0, 0x0, 0x0, 0x0, 0x36, 0x64, 0x0,
    0x0, 0x0, 0x0, 0x0, 0x0, 0x0, 0x20, 0x20,
    0x20, 0x20, 0x20, 0x62, 0xf8, 0x2e, 0x20, 0x20,
    0x20, 0x20, 0x20, 0x5, 0xff, 0xff, 0xff, 0xff,
    0xff, 0xff, 0xff, 0xff, 0xff, 0xff, 0xff, 0xff,
    0xff, 0x28, 0xff, 0x28, 0x0, 0x0, 0x4, 0x0,
    0x0, 0x0, 0x0, 0x0, 0x0, 0x0, 0xff, 0x28,
    0xc0, 0x1e, 0x0, 0x28, 0xd4, 0x3b, 0x0, 0x31,
    0xd8, 0x65, 0x4, 0x0, 0xc0, 0x1e, 0x0, 0x10,
    0x84, 0xf6, 0x8d, 0x6, 0x0, 0xd, 0x76, 0xe7,
    0xdd, 0x4d, 0x0, 0x0, 0x75, 0xf3, 0xbc, 0x41,
    0x0, 0x0, 0x0, 0x0, 0x0, 0x8, 0x80, 0xf9,
    0xa9, 0x1, 0x26, 0x2a, 0x0, 0x0, 0x0, 0x0,
    0x0, 0x0, 0x0, 0x0, 0x0, 0x29, 0x40, 0x0,
    0x0, 0xf4, 0xff, 0xff, 0xff, 0xff, 0xff, 0xff,
    0xff, 0xff, 0xff, 0xff, 0x68, 0x0, 0x0, 0x26,
    0x28, 0x28, 0x28, 0x28, 0xff, 0x49, 0x28, 0x28,
    0x28, 0x28, 0x10, 0x0, 0x0, 0x0, 0x0, 0x0,
    0x0, 0x0, 0xff, 0x28, 0x0, 0x0, 0x0, 0x0,
    0x0, 0x0, 0x0, 0x0, 0x0, 0x0, 0x0, 0x0,
    0xff, 0x28, 0x0, 0x0, 0x0, 0x0, 0x0, 0x0,
    0x1e, 0x28, 0x28, 0x28, 0x28, 0x28, 0xff, 0x49,
    0x28, 0x28, 0x28, 0x28, 0x28, 0xb, 0xc4, 0xff,
    0xff, 0xff, 0xff, 0xff, 0xff, 0xff, 0xff, 0xff,
    0xff, 0xff, 0xff, 0x48,

    /* U+7EA2 "红" */
    0x0, 0x0, 0x1, 0xb2, 0x32, 0x0, 0x0, 0x0,
    0x0, 0x0, 0x0, 0x0, 0x0, 0x0, 0x0, 0x0,
    0x0, 0x3e, 0xf5, 0x10, 0x0, 0x30, 0xff, 0xff,
    0xff, 0xff, 0xff, 0xff, 0xff, 0xb0, 0x0, 0x0,
    0xae, 0x9b, 0x1, 0x3d, 0x8, 0x28, 0x28, 0x28,
    0xf2, 0x6b, 0x28, 0x28, 0x1b, 0x0, 0x36, 0xf1,
    0x1c, 0x5a, 0xf1, 0x11, 0x0, 0x0, 0x0, 0xf0,
    0x50, 0x0, 0x0, 0x0, 0x6, 0xd4, 0xa0, 0x54,
    0xdd, 0x80, 0x0, 0x0, 0x0, 0x0, 0xf0, 0x50,
    0x0, 0x0, 0x0, 0x5, 0xf0, 0xd2, 0xed, 0xe2,
    0xa, 0x0, 0x0, 0x0, 0x0, 0xf0, 0x50, 0x0,
    0x0, 0x0, 0x0, 0x1, 0x37, 0xfb, 0x4c, 0x0,
    0x0, 0x0, 0x0, 0x0, 0xf0, 0x50, 0x0, 0x0,
    0x0, 0x0, 0x10, 0xda, 0x96, 0x0, 0x10, 0x0,
    0x0, 0x0, 0x0, 0xf0, 0x50, 0x0, 0x0, 0x0,
    0x7, 0xc1, 0xf4, 0x9f, 0xe2, 0xb8, 0x0, 0x0,
    0x0, 0x0, 0xf0, 0x50, 0x0, 0x0, 0x0, 0x17,
    0xf5, 0xca, 0x91, 0x45, 0x4, 0x0, 0x0, 0x0,
    0x0, 0xf0, 0x50, 0x0, 0x0, 0x0, 0x0, 0x3,
    0x0, 0x0, 0x5, 0x36, 0x0, 0x0, 0x0, 0x0,
    0xf0, 0x50, 0x0, 0x0, 0x0, 0xc, 0x47, 0x7e,
    0xb7, 0xf4, 0xf1, 0x9, 0x0, 0x0, 0x0, 0xf0,
    0x50, 0x0, 0x0, 0x0, 0x26, 0xff, 0xdb, 0x98,
    0x4c, 0x7, 0x20, 0x28, 0x28, 0x28, 0xf2, 0x6b,
    0x28, 0x28, 0x28, 0x0, 0x16, 0x0, 0x0, 0x0,
    0x0, 0xd0, 0xff, 0xff, 0xff, 0xff, 0xff, 0xff,
    0xff, 0xff,

    /* U+7EAF "纯" */
    0x0, 0x0, 0x0, 0xb4, 0x5e, 0x0, 0x0, 0x0,
    0x0, 0x0, 0xf0, 0x50, 0x0, 0x0, 0x0, 0x0,
    0x0, 0x0, 0x26, 0xfa, 0x1f, 0x0, 0x2, 0x2c,
    0x2c, 0x2c, 0xf2, 0x6e, 0x2c, 0x2c, 0x2c, 0x0,
    0x0, 0x0, 0xa1, 0xa2, 0x2, 0x91, 0x34, 0xec,
    0xec, 0xec, 0xfe, 0xf2, 0xec, 0xec, 0xec, 0x0,
    0x0, 0x3c, 0xe7, 0x14, 0x64, 0xf1, 0x12, 0x0,
    0x0, 0x0, 0xf0, 0x50, 0x0, 0x0, 0x0, 0x0,
    0x0, 0xd3, 0xdf, 0xc9, 0xf4, 0x78, 0x0, 0x87,
    0xa5, 0x0, 0xf0, 0x50, 0x1e, 0xf0, 0xf, 0x0,
    0x0, 0x62, 0x5e, 0xcd, 0xd6, 0x6, 0x0, 0x90,
    0xb0, 0x0, 0xf0, 0x50, 0x20, 0xff, 0x10, 0x0,
    0x0, 0x0, 0x5c, 0xfa, 0x32, 0x0, 0x0, 0x90,
    0xb0, 0x0, 0xf0, 0x50, 0x20, 0xff, 0x10, 0x0,
    0x0, 0x34, 0xf3, 0x76, 0x55, 0x81, 0x0, 0x90,
    0xb0, 0x0, 0xf0, 0x50, 0x20, 0xff, 0x10, 0x0,
    0x1, 0xe5, 0xfe, 0xfc, 0xd0, 0x7d, 0x1, 0x90,
    0xff, 0xff, 0xff, 0xff, 0xff, 0xff, 0x10, 0x0,
    0x0, 0x64, 0x50, 0x19, 0x0, 0x0, 0x0, 0x9,
    0x10, 0x10, 0xf1, 0x5b, 0x2e, 0xff, 0x10, 0x0,
    0x0, 0x0, 0x0, 0x1e, 0x60, 0xa5, 0x1e, 0x0,
    0x0, 0x0, 0xf0, 0x50, 0x0, 0x0, 0x0, 0x0,
    0xd, 0xae, 0xe5, 0xff, 0xee, 0x9c, 0x1b, 0x0,
    0x0, 0x0, 0xf0, 0x50, 0x0, 0x0, 0xbe, 0x29,
    0x0, 0xac, 0x8d, 0x46, 0x6, 0x0, 0x0, 0x0,
    0x0, 0x0, 0xee, 0x72, 0x14, 0x46, 0xff, 0x22,
    0x0, 0x0, 0x0, 0x0, 0x0, 0x0, 0x0, 0x0,
    0x0, 0x0, 0xa5, 0xf7, 0xfe, 0xf1, 0x9d, 0x0,

    /* U+7EC4 "组" */
    0x0, 0x0, 0x2, 0x6b, 0x10, 0x0, 0x0, 0x0,
    0x0, 0x0, 0x0, 0x0, 0x0, 0x0, 0x0, 0x0,
    0x0, 0x42, 0xf4, 0x10, 0x0, 0x0, 0xa0, 0xff,
    0xff, 0xff, 0xff, 0xff, 0xd0, 0x0, 0x0, 0x0,
    0xae, 0x98, 0x0, 0x3, 0x0, 0xa0, 0x9e, 0x20,
    0x20, 0x20, 0x74, 0xd0, 0x0, 0x0, 0x31, 0xf3,
    0x21, 0x57, 0xd9, 0x4, 0xa0, 0x90, 0x0, 0x0,
    0x0, 0x60, 0xd0, 0x0, 0x5, 0xca, 0x7c, 0x25,
    0xdd, 0x83, 0x0, 0xa0, 0x97, 0x10, 0x10, 0x10,
    0x6a, 0xd0, 0x0, 0x28, 0xff, 0xfa, 0xfa, 0xe4,
    0xc, 0x0, 0xa0, 0xff, 0xff, 0xff, 0xff, 0xff,
    0xd0, 0x0, 0x1, 0x2b, 0x3b, 0xfb, 0x4e, 0x0,
    0x0, 0xa0, 0x90, 0x0, 0x0, 0x0, 0x60, 0xd0,
    0x0, 0x0, 0xf, 0xdb, 0x96, 0x0, 0x1, 0x0,
    0xa0, 0x90, 0x0, 0x0, 0x0, 0x60, 0xd0, 0x0,
    0x8, 0xc1, 0xe9, 0x87, 0xc8, 0x97, 0x0, 0xa0,
    0x9e, 0x20, 0x20, 0x20, 0x74, 0xd0, 0x0, 0x3c,
    0xff, 0xdf, 0xa5, 0x57, 0xc, 0x0, 0xa0, 0xff,
    0xff, 0xff, 0xff, 0xff, 0xd0, 0x0, 0x1, 0x15,
    0x0, 0x0, 0x2, 0x21, 0x0, 0xa0, 0x90, 0x0,
    0x0, 0x0, 0x60, 0xd0, 0x0, 0x8, 0x3a, 0x70,
    0xab, 0xec, 0xe2, 0x0, 0xa0, 0x90, 0x0, 0x0,
    0x0, 0x60, 0xd0, 0x0, 0x4d, 0xff, 0xe4, 0xa3,
    0x55, 0xc, 0x28, 0xaf, 0xa1, 0x28, 0x28, 0x28,
    0x79, 0xd7, 0x28, 0x3, 0x24, 0x0, 0x0, 0x0,
    0x0, 0xff, 0xff, 0xff, 0xff, 0xff, 0xff, 0xff,
    0xff, 0xff,

    /* U+7F51 "网" */
    0x28, 0xff, 0xff, 0xff, 0xff, 0xff, 0xff, 0xff,
    0xff, 0xff, 0xff, 0xff, 0xff, 0xff, 0x28, 0xff,
    0x28, 0x28, 0x28, 0x34, 0x2d, 0x28, 0x28, 0x28,
    0x34, 0x2d, 0x49, 0xff, 0x28, 0xff, 0x0, 0x6,
    0x0, 0x84, 0xcd, 0x5, 0xa, 0x0, 0x8a, 0xc9,
    0x28, 0xff, 0x28, 0xff, 0x18, 0xea, 0x48, 0xa8,
    0xaa, 0xad, 0xa6, 0x0, 0xb9, 0x9d, 0x28, 0xff,
    0x28, 0xff, 0x0, 0x61, 0xf1, 0xe2, 0x79, 0x2e,
    0xf8, 0x67, 0xf3, 0x67, 0x28, 0xff, 0x28, 0xff,
    0x0, 0x0, 0xa9, 0xff, 0x37, 0x0, 0x6d, 0xfd,
    0xfd, 0x19, 0x28, 0xff, 0x28, 0xff, 0x0, 0x0,
    0x78, 0xff, 0x65, 0x0, 0x0, 0xd4, 0xdf, 0x0,
    0x28, 0xff, 0x28, 0xff, 0x0, 0x8, 0xe8, 0xd8,
    0xe8, 0xd, 0x41, 0xff, 0xfc, 0x55, 0x28, 0xff,
    0x28, 0xff, 0x0, 0x83, 0xeb, 0x18, 0xdf, 0x63,
    0xdd, 0xaa, 0x8c, 0xdf, 0x2f, 0xff, 0x28, 0xff,
    0x45, 0xfd, 0x5c, 0x0, 0xe, 0xc8, 0xdf, 0x13,
    0x12, 0xef, 0x68, 0xff, 0x28, 0xff, 0x6c, 0x87,
    0x0, 0x0, 0x15, 0xbe, 0x1e, 0x0, 0x0, 0x23,
    0x28, 0xff, 0x28, 0xff, 0x0, 0x1, 0x0, 0x0,
    0x0, 0x0, 0x0, 0x0, 0x21, 0x30, 0x62, 0xfa,
    0x28, 0xff, 0x0, 0x0, 0x0, 0x0, 0x0, 0x0,
    0x0, 0x0, 0x54, 0xf3, 0xf5, 0x8a, 0x2, 0x10,
    0x0, 0x0, 0x0, 0x0, 0x0, 0x0, 0x0, 0x0,
    0x0, 0x0, 0x0, 0x0,

    /* U+7F6E "置" */
    0x0, 0x0, 0xe0, 0xff, 0xff, 0xff, 0xff, 0xff,
    0xff, 0xff, 0xff, 0xff, 0xff, 0xc0, 0x0, 0x0,
    0x0, 0x0, 0xe0, 0xbe, 0xa0, 0xbe, 0xee, 0xa0,
    0xa0, 0xf4, 0xb8, 0xa0, 0xc4, 0xc0, 0x0, 0x0,
    0x0, 0x0, 0xa8, 0xc0, 0xc0, 0xc0, 0xc0, 0xff,
    0xff, 0xc0, 0xc0, 0xc0, 0xc0, 0x90, 0x0, 0x0,
    0x0, 0x9, 0x10, 0x10, 0x10, 0x10, 0x10, 0xb1,
    0x9a, 0x10, 0x10, 0x10, 0x10, 0x10, 0x7, 0x0,
    0x0, 0x90, 0xff, 0xff, 0xff, 0xff, 0xff, 0xff,
    0xff, 0xff, 0xff, 0xff, 0xff, 0xff, 0x70, 0x0,
    0x0, 0x0, 0x0, 0x54, 0x60, 0x60, 0x60, 0xe2,
    0xa0, 0x60, 0x60, 0x60, 0x60, 0x0, 0x0, 0x0,
    0x0, 0x0, 0x0, 0xe0, 0xa8, 0x80, 0x80, 0x80,
    0x80, 0x80, 0x80, 0x90, 0xff, 0x0, 0x0, 0x0,
    0x0, 0x0, 0x0, 0xe0, 0xf5, 0xf0, 0xf0, 0xf0,
    0xf0, 0xf0, 0xf0, 0xf2, 0xff, 0x0, 0x0, 0x0,
    0x0, 0x0, 0x0, 0xe0, 0x94, 0x64, 0x64, 0x64,
    0x64, 0x64, 0x64, 0x77, 0xff, 0x0, 0x0, 0x0,
    0x0, 0x0, 0x0, 0xe0, 0x9f, 0x74, 0x74, 0x74,
    0x74, 0x74, 0x74, 0x85, 0xff, 0x0, 0x0, 0x0,
    0x0, 0x0, 0x0, 0xe0, 0xf5, 0xf0, 0xf0, 0xf0,
    0xf0, 0xf0, 0xf0, 0xf2, 0xff, 0x0, 0x0, 0x0,
    0x1, 0x10, 0x10, 0xe2, 0x5b, 0x10, 0x10, 0x10,
    0x10, 0x10, 0x10, 0x2e, 0xff, 0x10, 0x10, 0x2,
    0x10, 0xff, 0xff, 0xff, 0xff, 0xff, 0xff, 0xff,
    0xff, 0xff, 0xff, 0xff, 0xff, 0xff, 0xff, 0x20,

    /* U+8272 "色" */
    0x0, 0x0, 0x0, 0x0, 0x31, 0x15, 0x0, 0x0,
    0x0, 0x0, 0x0, 0x0, 0x0, 0x0, 0x0, 0x0,
    0x0, 0x0, 0x17, 0xf0, 0x6d, 0x0, 0x0, 0x0,
    0x0, 0x0, 0x0, 0x0, 0x0, 0x0, 0x0, 0x0,
    0x3, 0xbc, 0xff, 0xff, 0xff, 0xff, 0xff, 0xff,
    0x74, 0x0, 0x0, 0x0, 0x0, 0x0, 0x2, 0x9e,
    0xe2, 0x2c, 0x20, 0x20, 0x20, 0x5f, 0xfe, 0x30,
    0x0, 0x0, 0x0, 0x0, 0x8, 0xa7, 0xf3, 0x31,
    0x0, 0x0, 0x0, 0x6, 0xcf, 0x97, 0x0, 0x0,
    0x0, 0x0, 0x0, 0xb0, 0xfa, 0xff, 0xff, 0xff,
    0xff, 0xff, 0xff, 0xff, 0xff, 0xff, 0xff, 0xff,
    0x0, 0x0, 0x4f, 0x4f, 0xff, 0x20, 0x20, 0x20,
    0x43, 0xff, 0x20, 0x20, 0x20, 0x43, 0xff, 0x0,
    0x0, 0x0, 0x28, 0xff, 0x0, 0x0, 0x0, 0x28,
    0xff, 0x0, 0x0, 0x0, 0x28, 0xff, 0x0, 0x0,
    0x0, 0x28, 0xff, 0x0, 0x0, 0x0, 0x28, 0xff,
    0x0, 0x0, 0x0, 0x28, 0xff, 0x0, 0x0, 0x0,
    0x28, 0xff, 0x20, 0x20, 0x20, 0x43, 0xff, 0x20,
    0x20, 0x20, 0x43, 0xff, 0x0, 0x0, 0x0, 0x28,
    0xff, 0xff, 0xff, 0xff, 0xff, 0xff, 0xff, 0xff,
    0xff, 0xff, 0xff, 0x0, 0x0, 0x0, 0x28, 0xff,
    0x0, 0x0, 0x0, 0x0, 0x0, 0x0, 0x0, 0x0,
    0x0, 0x0, 0x0, 0x0, 0x0, 0x28, 0xff, 0x0,
    0x0, 0x0, 0x0, 0x0, 0x0, 0x0, 0x0, 0x0,
    0x0, 0xc0, 0x39, 0x0, 0x21, 0xff, 0x51, 0x30,
    0x2a, 0x28, 0x28, 0x29, 0x2c, 0x33, 0x40, 0x69,
    0xff, 0x2c, 0x0, 0x0, 0x99, 0xde, 0xf0, 0xfa,
    0xfe, 0xff, 0xff, 0xfc, 0xf7, 0xec, 0xd9, 0x85,
    0x0,

    /* U+8679 "虹" */
    0x0, 0x0, 0x0, 0xff, 0x28, 0x0, 0x0, 0x0,
    0x0, 0x0, 0x0, 0x0, 0x0, 0x0, 0x0, 0x0,
    0x0, 0x0, 0xff, 0x28, 0x0, 0x0, 0x88, 0xff,
    0xff, 0xff, 0xff, 0xff, 0xff, 0x48, 0x0, 0x20,
    0x20, 0xff, 0x43, 0x20, 0x20, 0x15, 0x28, 0x28,
    0xff, 0x49, 0x28, 0x28, 0xb, 0x0, 0xff, 0xff,
    0xff, 0xff, 0xff, 0xff, 0x0, 0x0, 0x0, 0xff,
    0x28, 0x0, 0x0, 0x0, 0x0, 0xff, 0x28, 0xff,
    0x28, 0x28, 0xff, 0x0, 0x0, 0x0, 0xff, 0x28,
    0x0, 0x0, 0x0, 0x0, 0xff, 0x28, 0xff, 0x28,
    0x28, 0xff, 0x0, 0x0, 0x0, 0xff, 0x28, 0x0,
    0x0, 0x0, 0x0, 0xff, 0x28, 0xff, 0x28, 0x28,
    0xff, 0x0, 0x0, 0x0, 0xff, 0x28, 0x0, 0x0,
    0x0, 0x0, 0xff, 0x43, 0xff, 0x43, 0x43, 0xff,
    0x0, 0x0, 0x0, 0xff, 0x28, 0x0, 0x0, 0x0,
    0x0, 0xff, 0xff, 0xff, 0xff, 0xff, 0xff, 0x0,
    0x0, 0x0, 0xff, 0x28, 0x0, 0x0, 0x0, 0x0,
    0x0, 0x0, 0xff, 0x28, 0x0, 0x0, 0x0, 0x0,
    0x0, 0xff, 0x28, 0x0, 0x0, 0x0, 0x0, 0x0,
    0x0, 0xff, 0x28, 0x6c, 0x6e, 0x0, 0x0, 0x0,
    0xff, 0x28, 0x0, 0x0, 0x0, 0x0, 0x0, 0x0,
    0xff, 0x30, 0x5d, 0xe7, 0x4, 0x0, 0x0, 0xff,
    0x28, 0x0, 0x0, 0x0, 0x7, 0x68, 0x9d, 0xff,
    0xff, 0xfa, 0xf7, 0x61, 0x28, 0x28, 0xff, 0x49,
    0x28, 0x28, 0x1a, 0x5, 0xc9, 0xa0, 0x73, 0x3e,
    0x9, 0x53, 0xff, 0xff, 0xff, 0xff, 0xff, 0xff,
    0xff, 0xa8,

    /* U+8BBE "设" */
    0x0, 0x0, 0x1f, 0x2d, 0x0, 0x0, 0x0, 0x0,
    0x0, 0x0, 0x0, 0x0, 0x0, 0x0, 0x0, 0x0,
    0x0, 0xa6, 0xe1, 0x12, 0x0, 0x0, 0x16, 0xff,
    0xff, 0xff, 0xff, 0xff, 0x10, 0x0, 0x0, 0x0,
    0xf, 0xe3, 0x99, 0x0, 0x0, 0x27, 0xff, 0x2f,
    0x28, 0x50, 0xff, 0x10, 0x0, 0x0, 0x0, 0x0,
    0x47, 0x40, 0x0, 0x0, 0x4a, 0xf2, 0x0, 0x0,
    0x30, 0xff, 0x10, 0x0, 0x6, 0x20, 0x20, 0x20,
    0x5, 0x0, 0x0, 0xad, 0xb9, 0x0, 0x0, 0x30,
    0xff, 0x16, 0x0, 0x30, 0xff, 0xff, 0xff, 0x28,
    0x0, 0x8f, 0xf5, 0x32, 0x0, 0x0, 0x15, 0xf6,
    0xdf, 0xc3, 0x0, 0x0, 0x0, 0xff, 0x28, 0x0,
    0x46, 0x4c, 0x20, 0x20, 0x20, 0x20, 0x36, 0x57,
    0x34, 0x0, 0x0, 0x0, 0xff, 0x28, 0x0, 0x40,
    0xff, 0xff, 0xff, 0xff, 0xff, 0xff, 0xfc, 0x0,
    0x0, 0x0, 0x0, 0xff, 0x28, 0x0, 0x0, 0x3b,
    0xf6, 0x15, 0x0, 0x3, 0xd4, 0xa7, 0x0, 0x0,
    0x0, 0x0, 0xff, 0x28, 0x0, 0x0, 0x0, 0xcf,
    0x8d, 0x0, 0x73, 0xf9, 0x25, 0x0, 0x0, 0x0,
    0x0, 0xff, 0x28, 0x31, 0x0, 0x0, 0x3b, 0xfb,
    0x8d, 0xfc, 0x71, 0x0, 0x0, 0x0, 0x0, 0x0,
    0xff, 0x8a, 0xf2, 0x19, 0x0, 0xb, 0xc5, 0xff,
    0xcc, 0x5, 0x0, 0x0, 0x0, 0x0, 0x0, 0xfd,
    0xf5, 0x45, 0x1a, 0x72, 0xe7, 0xf2, 0x98, 0xf5,
    0xd7, 0x59, 0x6, 0x0, 0x0, 0x0, 0x53, 0x35,
    0x46, 0xfd, 0xf7, 0xa2, 0x1a, 0x0, 0x22, 0xb0,
    0xfe, 0xc4, 0x0, 0x0, 0x0, 0x0, 0x0, 0x2,
    0x59, 0xf, 0x0, 0x0, 0x0, 0x0, 0x0, 0x26,
    0x34,

    /* U+8BF7 "请" */
    0x0, 0x0, 0x86, 0x7b, 0x0, 0x0, 0x0, 0x0,
    0x0, 0x70, 0xd0, 0x0, 0x0, 0x0, 0x0, 0x0,
    0x0, 0x0, 0x7b, 0xfc, 0x32, 0x40, 0xff, 0xff,
    0xff, 0xff, 0xff, 0xff, 0xff, 0xff, 0xff, 0x0,
    0x0, 0x0, 0x5, 0xe1, 0xa6, 0x4, 0x10, 0x10,
    0x10, 0x79, 0xd3, 0x10, 0x10, 0x10, 0x10, 0x0,
    0x0, 0x0, 0x0, 0x34, 0xb, 0x0, 0x89, 0xdc,
    0xdc, 0xeb, 0xf9, 0xdc, 0xdc, 0xdc, 0x6e, 0x0,
    0x5, 0x20, 0x20, 0x20, 0x1, 0x0, 0x2a, 0x44,
    0x44, 0x96, 0xdc, 0x44, 0x44, 0x44, 0x22, 0x0,
    0x2c, 0xff, 0xff, 0xff, 0xc, 0xa2, 0xb0, 0xb0,
    0xb0, 0xd3, 0xf1, 0xb0, 0xb0, 0xb0, 0xb0, 0x4d,
    0x0, 0x0, 0x1c, 0xff, 0xc, 0x3e, 0x44, 0x44,
    0x44, 0x44, 0x44, 0x44, 0x44, 0x44, 0x44, 0x1d,
    0x0, 0x0, 0x1c, 0xff, 0xc, 0x0, 0xb0, 0xff,
    0xff, 0xff, 0xff, 0xff, 0xff, 0xff, 0x40, 0x0,
    0x0, 0x0, 0x1c, 0xff, 0xc, 0x0, 0xb0, 0x90,
    0x0, 0x0, 0x0, 0x0, 0x0, 0xff, 0x40, 0x0,
    0x0, 0x0, 0x1c, 0xff, 0xc, 0x0, 0xb0, 0xff,
    0xff, 0xff, 0xff, 0xff, 0xff, 0xff, 0x40, 0x0,
    0x0, 0x0, 0x1c, 0xff, 0x48, 0x5a, 0xb0, 0x90,
    0x0, 0x0, 0x0, 0x0, 0x0, 0xff, 0x40, 0x0,
    0x0, 0x0, 0x1c, 0xff, 0xf0, 0x6e, 0xb0, 0xff,
    0xff, 0xff, 0xff, 0xff, 0xff, 0xff, 0x40, 0x0,
    0x0, 0x0, 0xf, 0xe3, 0x89, 0x0, 0xb0, 0x90,
    0x0, 0x0, 0x0, 0x33, 0x38, 0xff, 0x3b, 0x0,
    0x0, 0x0, 0x0, 0xc, 0x0, 0x0, 0xb0, 0x90,
    0x0, 0x0, 0x0, 0xbb, 0xf9, 0xc4, 0xb, 0x0,

    /* U+8C03 "调" */
    0x0, 0x0, 0x1f, 0x2e, 0x0, 0x0, 0x0, 0x0,
    0x0, 0x0, 0x0, 0x0, 0x0, 0x0, 0x0, 0x0,
    0x0, 0xa1, 0xe7, 0x1c, 0x0, 0x14, 0xff, 0xff,
    0xff, 0xff, 0xff, 0xff, 0xff, 0xff, 0x0, 0x0,
    0x9, 0xd8, 0xa9, 0x0, 0x14, 0xff, 0x2a, 0x20,
    0xa4, 0x7a, 0x20, 0x43, 0xff, 0x0, 0x0, 0x0,
    0x2b, 0x11, 0x0, 0x14, 0xff, 0x1f, 0x44, 0xd1,
    0xa4, 0x44, 0x2b, 0xff, 0x6, 0x20, 0x20, 0x20,
    0x5, 0x0, 0x14, 0xff, 0x4b, 0xe0, 0xf8, 0xf0,
    0xe0, 0x32, 0xff, 0x30, 0xff, 0xff, 0xff, 0x28,
    0x0, 0x14, 0xff, 0xc, 0x0, 0xc0, 0x84, 0x0,
    0x28, 0xff, 0x0, 0x0, 0x0, 0xff, 0x28, 0x0,
    0x15, 0xff, 0x65, 0xd4, 0xf5, 0xea, 0xd4, 0x6a,
    0xff, 0x0, 0x0, 0x0, 0xff, 0x28, 0x0, 0x22,
    0xff, 0xf, 0x1c, 0x1c, 0x1c, 0x1c, 0x30, 0xff,
    0x0, 0x0, 0x0, 0xff, 0x28, 0x0, 0x32, 0xf3,
    0x28, 0xff, 0xff, 0xff, 0xfc, 0x28, 0xff, 0x0,
    0x0, 0x0, 0xff, 0x28, 0x0, 0x41, 0xe4, 0x28,
    0xff, 0x1b, 0x44, 0xfc, 0x28, 0xff, 0x0, 0x0,
    0x0, 0xff, 0x28, 0x29, 0x5c, 0xd3, 0x28, 0xff,
    0x1b, 0x44, 0xfc, 0x28, 0xff, 0x0, 0x0, 0x0,
    0xff, 0x83, 0xeb, 0xa4, 0xa7, 0x28, 0xff, 0xff,
    0xff, 0xfc, 0x28, 0xff, 0x0, 0x0, 0x0, 0xe2,
    0xd0, 0x28, 0xc4, 0x71, 0x0, 0x0, 0x0, 0x16,
    0x26, 0x59, 0xfb, 0x0, 0x0, 0x0, 0x10, 0x6,
    0x0, 0xaa, 0x3a, 0x0, 0x0, 0x0, 0x4a, 0xf1,
    0xfb, 0xa1, 0x0, 0x0, 0x0, 0x0, 0x0, 0x0,
    0x0, 0x0, 0x0, 0x0, 0x0, 0x0, 0x0, 0x0,
    0x0,

    /* U+8F93 "输" */
    0x0, 0x0, 0xa0, 0x31, 0x0, 0x0, 0x0, 0x0,
    0x36, 0x90, 0x3, 0x0, 0x0, 0x0, 0x0, 0x0,
    0x13, 0xfe, 0x27, 0x0, 0x0, 0x0, 0x11, 0xd9,
    0xf5, 0x80, 0x1, 0x0, 0x0, 0x0, 0xc0, 0xce,
    0xff, 0xc1, 0x9c, 0x0, 0xd, 0xc3, 0x9f, 0x27,
    0xe2, 0xb1, 0x13, 0x0, 0x0, 0x70, 0xd0, 0xc4,
    0x70, 0x5b, 0x1c, 0xce, 0xc9, 0x24, 0x20, 0x3b,
    0xdc, 0xef, 0x75, 0x7, 0x7, 0xee, 0xa2, 0x64,
    0x1d, 0xdd, 0x82, 0xff, 0xff, 0xff, 0xff, 0xff,
    0x69, 0x96, 0x1c, 0x5e, 0xea, 0x88, 0xa0, 0x0,
    0x43, 0x78, 0x78, 0x78, 0x34, 0x0, 0x0, 0x66,
    0x33, 0x0, 0xd6, 0xa9, 0xa0, 0xb8, 0x38, 0x7c,
    0xe2, 0xc0, 0xe8, 0x70, 0x78, 0x48, 0xc0, 0x60,
    0x0, 0xb1, 0xd0, 0xe8, 0xee, 0xb6, 0x7c, 0x88,
    0x0, 0xa0, 0x70, 0xa0, 0x60, 0xc0, 0x60, 0x0,
    0x0, 0x0, 0x80, 0xa0, 0x0, 0x7c, 0xff, 0xff,
    0xff, 0x70, 0xa0, 0x60, 0xc0, 0x60, 0x0, 0x0,
    0x0, 0x8a, 0xc8, 0x67, 0x7c, 0x8f, 0x10, 0xa6,
    0x70, 0xa0, 0x60, 0xc0, 0x60, 0x0, 0xbb, 0xf1,
    0xff, 0xee, 0x88, 0x7c, 0xe2, 0xc0, 0xe8, 0x70,
    0xa0, 0x60, 0xc0, 0x60, 0x0, 0x7f, 0x69, 0x9f,
    0xa0, 0x0, 0x7c, 0xad, 0x50, 0xbe, 0x70, 0xa0,
    0x60, 0xc0, 0x60, 0x0, 0x0, 0x0, 0x80, 0xa0,
    0x0, 0x7c, 0x88, 0x13, 0xb2, 0x6d, 0x1b, 0x27,
    0xd6, 0x5d, 0x0, 0x0, 0x0, 0x80, 0xa0, 0x0,
    0x7c, 0x88, 0xb5, 0xe9, 0x30, 0x5e, 0xf3, 0xed,
    0x2c, 0x0, 0x0, 0x0, 0x0, 0x0, 0x0, 0x7,
    0x8, 0x0, 0x0, 0x0, 0x0, 0x0, 0x0, 0x0,
    0x0,

    /* U+9065 "遥" */
    0x0, 0x14, 0x21, 0x0, 0x0, 0x3, 0xc, 0x15,
    0x1e, 0x2b, 0x45, 0x61, 0x7d, 0x89, 0x2, 0x0,
    0x0, 0x94, 0xee, 0x3f, 0x0, 0xba, 0xff, 0xff,
    0xfe, 0xf2, 0xdf, 0xc8, 0xae, 0x91, 0x1d, 0x0,
    0x0, 0x6, 0xaa, 0xef, 0xc, 0x2a, 0x7c, 0xe,
    0x36, 0x65, 0x0, 0x0, 0x43, 0xe2, 0x16, 0x0,
    0x0, 0x0, 0x5, 0x4a, 0x0, 0x2b, 0xed, 0x22,
    0x34, 0xf8, 0x50, 0x37, 0xf1, 0x83, 0x0, 0x0,
    0x0, 0x0, 0x0, 0x0, 0x0, 0x0, 0x54, 0xab,
    0x0, 0x41, 0x9, 0x19, 0x6f, 0x0, 0x0, 0x0,
    0x1, 0x28, 0x28, 0x28, 0x0, 0xf, 0xda, 0xff,
    0xfc, 0xfc, 0xfc, 0xfc, 0xfc, 0xfc, 0x4e, 0x0,
    0x8, 0xff, 0xff, 0xff, 0x0, 0x72, 0xca, 0x1d,
    0x18, 0xff, 0x3c, 0x18, 0x18, 0x18, 0x7, 0x0,
    0x0, 0x0, 0x28, 0xff, 0x2f, 0xa8, 0xac, 0xa8,
    0xa8, 0xff, 0xb5, 0xa8, 0xa8, 0xa8, 0xa8, 0x2a,
    0x0, 0x0, 0x28, 0xff, 0x15, 0x54, 0x8c, 0x4e,
    0x4c, 0xff, 0x68, 0x4c, 0x52, 0x7c, 0x4c, 0x13,
    0x0, 0x0, 0x28, 0xff, 0x0, 0x20, 0xff, 0x8,
    0x0, 0xff, 0x28, 0x0, 0x20, 0xff, 0x0, 0x0,
    0x0, 0x0, 0x28, 0xff, 0x0, 0x20, 0xff, 0x65,
    0x60, 0xff, 0x79, 0x60, 0x74, 0xff, 0x0, 0x0,
    0x0, 0x0, 0x2f, 0xff, 0x22, 0x16, 0xb0, 0xb0,
    0xb0, 0xb0, 0xb0, 0xb0, 0xba, 0xff, 0x0, 0x0,
    0x1, 0x67, 0xeb, 0xac, 0xf0, 0xbc, 0x88, 0x74,
    0x69, 0x62, 0x60, 0x60, 0x64, 0x80, 0x60, 0x2d,
    0x0, 0xb7, 0x82, 0x0, 0x1e, 0x85, 0xc7, 0xe8,
    0xf8, 0xfe, 0xff, 0xff, 0xff, 0xff, 0xfe, 0x2b,
    0x0, 0xd, 0x0, 0x0, 0x0, 0x0, 0x0, 0x0,
    0x0, 0x0, 0x0, 0x0, 0x0, 0x0, 0x0, 0x0,

    /* U+914D "配" */
    0xff, 0xff, 0xff, 0xff, 0xff, 0xff, 0xff, 0xb9,
    0xe0, 0xe0, 0xe0, 0xe0, 0xe0, 0x23, 0x0, 0x20,
    0x20, 0xd6, 0x74, 0xc8, 0x20, 0x20, 0x42, 0x50,
    0x50, 0x50, 0x50, 0xff, 0x28, 0x0, 0xa0, 0xff,
    0xff, 0xff, 0xff, 0xff, 0x90, 0x0, 0x0, 0x0,
    0x0, 0x0, 0xff, 0x28, 0x0, 0xa0, 0x82, 0xd6,
    0x73, 0xc8, 0x9e, 0x90, 0x0, 0x0, 0x0, 0x0,
    0x0, 0xff, 0x28, 0x0, 0xa0, 0x70, 0xda, 0x58,
    0xc0, 0x90, 0x90, 0x1c, 0x28, 0x28, 0x28, 0x28,
    0xff, 0x28, 0x0, 0xa0, 0x70, 0xf1, 0x44, 0xc0,
    0x90, 0x90, 0xb4, 0xff, 0xff, 0xff, 0xff, 0xff,
    0x28, 0x0, 0xa0, 0x8e, 0xe5, 0x2c, 0xd0, 0x9c,
    0x90, 0xb4, 0x74, 0x0, 0x0, 0x0, 0xff, 0x28,
    0x0, 0xa0, 0xdf, 0x94, 0xb, 0xd8, 0xfe, 0x90,
    0xb4, 0x74, 0x0, 0x0, 0x0, 0x20, 0x5, 0x0,
    0xa0, 0xc3, 0x2e, 0x10, 0x10, 0x97, 0x90, 0xb4,
    0x74, 0x0, 0x0, 0x0, 0x0, 0x5, 0x0, 0xa0,
    0xff, 0xff, 0xff, 0xff, 0xff, 0x90, 0xb4, 0x74,
    0x0, 0x0, 0x0, 0x14, 0xf4, 0x16, 0xa0, 0x70,
    0x0, 0x0, 0x0, 0x90, 0x90, 0xb4, 0x74, 0x0,
    0x0, 0x0, 0x3d, 0xf7, 0x3, 0xa0, 0xff, 0xff,
    0xff, 0xff, 0xff, 0x90, 0xb1, 0xa6, 0x2e, 0x2b,
    0x40, 0xb6, 0xbb, 0x0, 0xa0, 0x79, 0x10, 0x10,
    0x10, 0x97, 0x90, 0x5f, 0xe9, 0xfd, 0xfd, 0xf2,
    0xce, 0x38, 0x0,

    /* U+91CD "重" */
    0x0, 0x0, 0x0, 0x0, 0x0, 0x0, 0x0, 0x0,
    0x0, 0x1, 0xb, 0x18, 0x24, 0x16, 0x0, 0x0,
    0x0, 0x25, 0xd3, 0xd7, 0xdb, 0xdf, 0xe3, 0xe8,
    0xf3, 0xfe, 0xff, 0xff, 0xf8, 0xbc, 0x0, 0x0,
    0x0, 0x20, 0x6c, 0x68, 0x62, 0x5c, 0x55, 0xc9,
    0xab, 0x39, 0x30, 0x26, 0x20, 0x20, 0x20, 0x2,
    0x0, 0xff, 0xff, 0xff, 0xff, 0xff, 0xff, 0xff,
    0xff, 0xff, 0xff, 0xff, 0xff, 0xff, 0xff, 0x10,
    0x0, 0x0, 0x1c, 0x20, 0x20, 0x20, 0x20, 0xba,
    0x9e, 0x20, 0x20, 0x20, 0x20, 0x16, 0x0, 0x0,
    0x0, 0x0, 0xe0, 0xff, 0xff, 0xff, 0xff, 0xff,
    0xff, 0xff, 0xff, 0xff, 0xff, 0xb0, 0x0, 0x0,
    0x0, 0x0, 0xe0, 0x5b, 0x10, 0x10, 0x10, 0xb5,
    0x97, 0x10, 0x10, 0x10, 0x79, 0xb0, 0x0, 0x0,
    0x0, 0x0, 0xe0, 0xff, 0xff, 0xff, 0xff, 0xff,
    0xff, 0xff, 0xff, 0xff, 0xff, 0xb0, 0x0, 0x0,
    0x0, 0x0, 0xe0, 0x58, 0xc, 0xc, 0xc, 0xb3,
    0x95, 0xc, 0xc, 0xc, 0x76, 0xb0, 0x0, 0x0,
    0x0, 0x0, 0xe0, 0xff, 0xff, 0xff, 0xff, 0xff,
    0xff, 0xff, 0xff, 0xff, 0xff, 0xb0, 0x0, 0x0,
    0x0, 0x10, 0x27, 0x28, 0x28, 0x28, 0x28, 0xbc,
    0xa1, 0x28, 0x28, 0x28, 0x28, 0x25, 0xe, 0x0,
    0x0, 0x80, 0xff, 0xff, 0xff, 0xff, 0xff, 0xff,
    0xff, 0xff, 0xff, 0xff, 0xff, 0xff, 0x70, 0x0,
    0x5, 0x28, 0x28, 0x28, 0x28, 0x28, 0x28, 0xbc,
    0xa1, 0x28, 0x28, 0x28, 0x28, 0x28, 0x28, 0x0,
    0x20, 0xff, 0xff, 0xff, 0xff, 0xff, 0xff, 0xff,
    0xff, 0xff, 0xff, 0xff, 0xff, 0xff, 0xff, 0x0,

    /* U+952E "键" */
    0x0, 0x0, 0x84, 0x3b, 0x0, 0x0, 0x0, 0x0,
    0x0, 0x0, 0x0, 0xff, 0x20, 0x0, 0x0, 0x0,
    0x12, 0xfa, 0x46, 0x0, 0x0, 0xf0, 0xff, 0xff,
    0x39, 0x70, 0xff, 0x82, 0x70, 0x7, 0x0, 0x71,
    0xf2, 0xb1, 0xac, 0x4b, 0x0, 0x7b, 0xbe, 0x2b,
    0x54, 0xff, 0x69, 0xff, 0x10, 0x11, 0xed, 0x66,
    0x0, 0x0, 0x0, 0x7, 0xe7, 0x79, 0xff, 0xff,
    0xff, 0xff, 0xff, 0xe0, 0x12, 0xd6, 0xb2, 0xb8,
    0xb8, 0x22, 0x63, 0xcc, 0x3, 0x10, 0x10, 0xff,
    0x2e, 0xff, 0x1d, 0x0, 0x12, 0xe8, 0xff, 0xff,
    0x30, 0xd0, 0xbb, 0x74, 0x0, 0x0, 0xff, 0x20,
    0xff, 0x10, 0x0, 0x0, 0x34, 0xff, 0x10, 0x3,
    0x96, 0xc5, 0xcf, 0x84, 0xff, 0xff, 0xff, 0xff,
    0x10, 0x0, 0x0, 0x28, 0xff, 0x0, 0x6, 0x46,
    0x5b, 0xba, 0x0, 0x0, 0xff, 0x20, 0x0, 0x0,
    0x0, 0xa2, 0xca, 0xff, 0xc0, 0x65, 0xf1, 0x83,
    0x9a, 0xb4, 0xff, 0xff, 0xff, 0xff, 0x30, 0x0,
    0x46, 0x6e, 0xff, 0x54, 0x24, 0xda, 0xe1, 0x6c,
    0x0, 0x0, 0xff, 0x20, 0x0, 0x0, 0x0, 0x0,
    0x28, 0xff, 0x0, 0x0, 0x8b, 0xff, 0x3f, 0xff,
    0xff, 0xff, 0xff, 0xff, 0x90, 0x0, 0x0, 0x28,
    0xff, 0x1, 0xa, 0x68, 0xfd, 0x22, 0x0, 0x0,
    0xff, 0x20, 0x0, 0x0, 0x0, 0x0, 0x28, 0xff,
    0xd1, 0x6e, 0xe6, 0xac, 0xea, 0x7d, 0x42, 0x9d,
    0x36, 0x28, 0x21, 0x0, 0x0, 0x10, 0xb6, 0x52,
    0x7d, 0x83, 0x0, 0x52, 0xb5, 0xe8, 0xfa, 0xff,
    0xff, 0xa0, 0x0, 0x0, 0x0, 0x0, 0x0, 0x8,
    0x2, 0x0, 0x0, 0x0, 0x0, 0x0, 0x0, 0x0,
    0x0,

    /* U+95ED "闭" */
    0x0, 0x0, 0x5a, 0x46, 0x0, 0x0, 0x0, 0x0,
    0x0, 0x0, 0x0, 0x0, 0x0, 0x0, 0x0, 0x0,
    0x61, 0xec, 0x15, 0x50, 0xff, 0xff, 0xff, 0xff,
    0xff, 0xff, 0xff, 0x60, 0x16, 0x90, 0x0, 0x45,
    0x16, 0xa, 0x20, 0x6d, 0xaf, 0x20, 0x20, 0x20,
    0xe4, 0x60, 0x28, 0xff, 0x0, 0x0, 0x0, 0x0,
    0x0, 0x70, 0xd0, 0x0, 0x0, 0x0, 0xe0, 0x60,
    0x28, 0xff, 0x0, 0x0, 0x0, 0x0, 0x0, 0x70,
    0xd0, 0x0, 0x0, 0x0, 0xe0, 0x60, 0x28, 0xff,
    0x0, 0xff, 0xff, 0xff, 0xff, 0xff, 0xff, 0xff,
    0xff, 0x50, 0xe0, 0x60, 0x28, 0xff, 0x0, 0x20,
    0x20, 0x20, 0x28, 0xd9, 0xd6, 0x20, 0x20, 0xa,
    0xe0, 0x60, 0x28, 0xff, 0x0, 0x0, 0x0, 0x2,
    0xa7, 0xfe, 0xd0, 0x0, 0x0, 0x0, 0xe0, 0x60,
    0x28, 0xff, 0x0, 0x0, 0x5, 0xa4, 0xe9, 0x91,
    0xd0, 0x0, 0x0, 0x0, 0xe0, 0x60, 0x28, 0xff,
    0x0, 0x18, 0xc0, 0xe9, 0x2d, 0x70, 0xd0, 0x0,
    0x0, 0x0, 0xe0, 0x60, 0x28, 0xff, 0x1a, 0xed,
    0xd2, 0x22, 0x0, 0x70, 0xd0, 0x0, 0x0, 0x0,
    0xe0, 0x60, 0x28, 0xff, 0x0, 0x4c, 0x7, 0x3,
    0xb, 0x83, 0xcd, 0x0, 0x0, 0x0, 0xe0, 0x60,
    0x28, 0xff, 0x0, 0x0, 0x0, 0x5, 0xf7, 0xff,
    0x8f, 0x0, 0x20, 0x34, 0xf4, 0x58, 0x28, 0xff,
    0x0, 0x0, 0x0, 0x0, 0x15, 0x1a, 0x0, 0x0,
    0x5a, 0xfa, 0xdb, 0x18,

    /* U+95F4 "间" */
    0x0, 0x0, 0x5f, 0x37, 0x0, 0x0, 0x0, 0x0,
    0x0, 0x0, 0x0, 0x0, 0x0, 0x0, 0x0, 0x0,
    0x66, 0xdb, 0x6, 0x70, 0xff, 0xff, 0xff, 0xff,
    0xff, 0xff, 0xff, 0x28, 0x16, 0x90, 0x0, 0x4d,
    0xf, 0xe, 0x20, 0x20, 0x20, 0x20, 0x20, 0x20,
    0xff, 0x28, 0x28, 0xff, 0x0, 0x0, 0x0, 0x0,
    0x0, 0x0, 0x0, 0x0, 0x0, 0x0, 0xff, 0x28,
    0x28, 0xff, 0x0, 0x0, 0xff, 0xff, 0xff, 0xff,
    0xff, 0xff, 0x0, 0x0, 0xff, 0x28, 0x28, 0xff,
    0x0, 0x0, 0xff, 0x43, 0x20, 0x20, 0x43, 0xff,
    0x0, 0x0, 0xff, 0x28, 0x28, 0xff, 0x0, 0x0,
    0xff, 0x28, 0x0, 0x0, 0x28, 0xff, 0x0, 0x0,
    0xff, 0x28, 0x28, 0xff, 0x0, 0x0, 0xff, 0xff,
    0xff, 0xff, 0xff, 0xff, 0x0, 0x0, 0xff, 0x28,
    0x28, 0xff, 0x0, 0x0, 0xff, 0x49, 0x28, 0x28,
    0x49, 0xff, 0x0, 0x0, 0xff, 0x28, 0x28, 0xff,
    0x0, 0x0, 0xff, 0x28, 0x0, 0x0, 0x28, 0xff,
    0x0, 0x0, 0xff, 0x28, 0x28, 0xff, 0x0, 0x0,
    0xff, 0x35, 0x10, 0x10, 0x35, 0xff, 0x0, 0x0,
    0xff, 0x28, 0x28, 0xff, 0x0, 0x0, 0xff, 0xff,
    0xff, 0xff, 0xff, 0xff, 0x0, 0x0, 0xff, 0x28,
    0x28, 0xff, 0x0, 0x0, 0x0, 0x0, 0x0, 0x0,
    0x0, 0x0, 0x16, 0x3e, 0xff, 0x21, 0x28, 0xff,
    0x0, 0x0, 0x0, 0x0, 0x0, 0x0, 0x0, 0x0,
    0x45, 0xf9, 0xc3, 0x2,

    /* U+964D "降" */
    0x0, 0x0, 0x0, 0x0, 0x0, 0x0, 0x0, 0x3e,
    0x66, 0x0, 0x0, 0x0, 0x0, 0x0, 0xff, 0xff,
    0xff, 0xff, 0xff, 0x0, 0xa, 0xdf, 0xff, 0xff,
    0xff, 0xff, 0xb0, 0x0, 0xff, 0x3c, 0x20, 0x6a,
    0xd2, 0xa, 0xb1, 0xfa, 0x30, 0x0, 0x19, 0xeb,
    0x60, 0x0, 0xff, 0x20, 0x3, 0xd4, 0x5d, 0xa8,
    0xc9, 0x81, 0xf5, 0x70, 0xd6, 0xad, 0x0, 0x0,
    0xff, 0x20, 0x63, 0xe2, 0x5, 0x1a, 0xe, 0x22,
    0xc5, 0xff, 0xfd, 0x75, 0x23, 0x0, 0xff, 0x20,
    0x96, 0xd5, 0x3, 0x77, 0xd2, 0xfe, 0xe0, 0x54,
    0x9a, 0xfa, 0xff, 0xb5, 0xff, 0x20, 0x9, 0xe1,
    0x52, 0x70, 0xd0, 0x72, 0xb, 0x28, 0xff, 0x20,
    0x81, 0x68, 0xff, 0x20, 0x0, 0x6f, 0xa3, 0xb,
    0x28, 0x28, 0x28, 0x49, 0xff, 0x28, 0x28, 0xa,
    0xff, 0x20, 0x0, 0x34, 0xc8, 0x40, 0xff, 0xff,
    0xff, 0xff, 0xff, 0xff, 0xff, 0x40, 0xff, 0x20,
    0x0, 0x3d, 0xbc, 0x0, 0x9a, 0x40, 0x0, 0x28,
    0xff, 0x0, 0x0, 0x0, 0xff, 0x5d, 0xa4, 0xd8,
    0x6f, 0x53, 0xfc, 0x42, 0x20, 0x43, 0xff, 0x20,
    0x20, 0x12, 0xff, 0x34, 0x75, 0x55, 0x0, 0x68,
    0xff, 0xff, 0xff, 0xff, 0xff, 0xff, 0xff, 0x90,
    0xff, 0x20, 0x0, 0x0, 0x0, 0x0, 0x0, 0x0,
    0x0, 0x28, 0xff, 0x0, 0x0, 0x0, 0xff, 0x20,
    0x0, 0x0, 0x0, 0x0, 0x0, 0x0, 0x0, 0x28,
    0xff, 0x0, 0x0, 0x0,

    /* U+9700 "需" */
    0x5c, 0xff, 0xff, 0xff, 0xff, 0xff, 0xff, 0xff,
    0xff, 0xff, 0xff, 0xff, 0xff, 0x30, 0xff, 0xff,
    0xff, 0xff, 0xff, 0xff, 0xff, 0xff, 0xff, 0xff,
    0xff, 0xff, 0xff, 0xe3, 0xff, 0x3c, 0x40, 0x40,
    0x40, 0x3d, 0x8f, 0x8f, 0x3d, 0x40, 0x40, 0x40,
    0x66, 0xe0, 0xff, 0x45, 0xd0, 0xd0, 0xd0, 0xc3,
    0x88, 0x88, 0xc3, 0xd0, 0xd0, 0xd0, 0x68, 0xe0,
    0x0, 0x3, 0x10, 0x10, 0x10, 0xe, 0x88, 0x88,
    0x10, 0x10, 0x10, 0x10, 0x5, 0xe, 0x0, 0x2d,
    0xe0, 0xe0, 0xe0, 0xc4, 0x88, 0x88, 0xe0, 0xe0,
    0xe0, 0xe0, 0x3, 0x0, 0xb, 0x10, 0x10, 0x10,
    0x10, 0x10, 0x10, 0x10, 0x10, 0x10, 0x10, 0x10,
    0x10, 0x9, 0xb4, 0xff, 0xff, 0xff, 0xff, 0xff,
    0xff, 0xff, 0xff, 0xff, 0xff, 0xff, 0xff, 0x90,
    0x0, 0x0, 0x0, 0x0, 0x0, 0x18, 0xec, 0x4,
    0x0, 0x0, 0x0, 0x0, 0x0, 0x0, 0x20, 0xff,
    0xff, 0xff, 0xff, 0xff, 0xff, 0xff, 0xff, 0xff,
    0xff, 0xff, 0xff, 0x0, 0x20, 0xff, 0x38, 0x0,
    0x28, 0xff, 0x0, 0x0, 0xff, 0x28, 0x0, 0x28,
    0xff, 0x0, 0x20, 0xff, 0x38, 0x0, 0x28, 0xff,
    0x0, 0x0, 0xff, 0x28, 0x13, 0x3f, 0xff, 0x0,
    0x1c, 0xe0, 0x31, 0x0, 0x28, 0xff, 0x0, 0x0,
    0xff, 0x28, 0xbd, 0xf9, 0xaa, 0x0
};


/*---------------------
 *  GLYPH DESCRIPTION
 *--------------------*/

static const lv_font_fmt_txt_glyph_dsc_t glyph_dsc[] = {
    {.bitmap_index = 0, .adv_w = 0, .box_w = 0, .box_h = 0, .ofs_x = 0, .ofs_y = 0} /* id = 0 reserved */,
    {.bitmap_index = 0, .adv_w = 81, .box_w = 0, .box_h = 0, .ofs_x = 0, .ofs_y = 0},
    {.bitmap_index = 0, .adv_w = 103, .box_w = 2, .box_h = 12, .ofs_x = 2, .ofs_y = 0},
    {.bitmap_index = 24, .adv_w = 118, .box_w = 5, .box_h = 5, .ofs_x = 1, .ofs_y = 7},
    {.bitmap_index = 49, .adv_w = 215, .box_w = 12, .box_h = 12, .ofs_x = 1, .ofs_y = 0},
    {.bitmap_index = 193, .adv_w = 163, .box_w = 8, .box_h = 15, .ofs_x = 1, .ofs_y = -3},
    {.bitmap_index = 313, .adv_w = 243, .box_w = 15, .box_h = 12, .ofs_x = 0, .ofs_y = 0},
    {.bitmap_index = 493, .adv_w = 200, .box_w = 11, .box_h = 12, .ofs_x = 1, .ofs_y = 0},
    {.bitmap_index = 625, .adv_w = 70, .box_w = 2, .box_h = 5, .ofs_x = 1, .ofs_y = 7},
    {.bitmap_index = 635, .adv_w = 100, .box_w = 4, .box_h = 15, .ofs_x = 1, .ofs_y = -3},
    {.bitmap_index = 695, .adv_w = 100, .box_w = 4, .box_h = 15, .ofs_x = 1, .ofs_y = -3},
    {.bitmap_index = 755, .adv_w = 128, .box_w = 8, .box_h = 8, .ofs_x = 0, .ofs_y = 4},
    {.bitmap_index = 819, .adv_w = 215, .box_w = 11, .box_h = 11, .ofs_x = 1, .ofs_y = 0},
    {.bitmap_index = 940, .adv_w = 81, .box_w = 3, .box_h = 4, .ofs_x = 1, .ofs_y = -2},
    {.bitmap_index = 952, .adv_w = 92, .box_w = 5, .box_h = 3, .ofs_x = 0, .ofs_y = 3},
    {.bitmap_index = 967, .adv_w = 81, .box_w = 3, .box_h = 2, .ofs_x = 1, .ofs_y = 0},
    {.bitmap_index = 973, .adv_w = 86, .box_w = 6, .box_h = 13, .ofs_x = 0, .ofs_y = -1},
    {.bitmap_index = 1051, .adv_w = 163, .box_w = 9, .box_h = 12, .ofs_x = 1, .ofs_y = 0},
    {.bitmap_index = 1159, .adv_w = 163, .box_w = 8, .box_h = 12, .ofs_x = 1, .ofs_y = 0},
    {.bitmap_index = 1255, .adv_w = 163, .box_w = 8, .box_h = 12, .ofs_x = 1, .ofs_y = 0},
    {.bitmap_index = 1351, .adv_w = 163, .box_w = 8, .box_h = 12, .ofs_x = 1, .ofs_y = 0},
    {.bitmap_index = 1447, .adv_w = 163, .box_w = 10, .box_h = 12, .ofs_x = 0, .ofs_y = 0},
    {.bitmap_index = 1567, .adv_w = 163, .box_w = 8, .box_h = 12, .ofs_x = 1, .ofs_y = 0},
    {.bitmap_index = 1663, .adv_w = 163, .box_w = 9, .box_h = 12, .ofs_x = 1, .ofs_y = 0},
    {.bitmap_index = 1771, .adv_w = 163, .box_w = 8, .box_h = 12, .ofs_x = 1, .ofs_y = 0},
    {.bitmap_index = 1867, .adv_w = 163, .box_w = 9, .box_h = 12, .ofs_x = 1, .ofs_y = 0},
    {.bitmap_index = 1975, .adv_w = 163, .box_w = 9, .box_h = 12, .ofs_x = 1, .ofs_y = 0},
    {.bitmap_index = 2083, .adv_w = 86, .box_w = 3, .box_h = 8, .ofs_x = 1, .ofs_y = 0},
    {.bitmap_index = 2107, .adv_w = 86, .box_w = 3, .box_h = 10, .ofs_x = 1, .ofs_y = -2},
    {.bitmap_index = 2137, .adv_w = 215, .box_w = 11, .box_h = 10, .ofs_x = 1, .ofs_y = 0},
    {.bitmap_index = 2247, .adv_w = 215, .box_w = 11, .box_h = 6, .ofs_x = 1, .ofs_y = 2},
    {.bitmap_index = 2313, .adv_w = 215, .box_w = 11, .box_h = 10, .ofs_x = 1, .ofs_y = 0},
    {.bitmap_index = 2423, .adv_w = 136, .box_w = 7, .box_h = 12, .ofs_x = 1, .ofs_y = 0},
    {.bitmap_index = 2507, .adv_w = 256, .box_w = 14, .box_h = 15, .ofs_x = 1, .ofs_y = -4},
    {.bitmap_index = 2717, .adv_w = 175, .box_w = 11, .box_h = 12, .ofs_x = 0, .ofs_y = 0},
    {.bitmap_index = 2849, .adv_w = 176, .box_w = 9, .box_h = 12, .ofs_x = 1, .ofs_y = 0},
    {.bitmap_index = 2957, .adv_w = 179, .box_w = 11, .box_h = 12, .ofs_x = 0, .ofs_y = 0},
    {.bitmap_index = 3089, .adv_w = 197, .box_w = 11, .box_h = 12, .ofs_x = 1, .ofs_y = 0},
    {.bitmap_index = 3221, .adv_w = 162, .box_w = 9, .box_h = 12, .ofs_x = 1, .ofs_y = 0},
    {.bitmap_index = 3329, .adv_w = 147, .box_w = 8, .box_h = 12, .ofs_x = 1, .ofs_y = 0},
    {.bitmap_index = 3425, .adv_w = 198, .box_w = 12, .box_h = 12, .ofs_x = 0, .ofs_y = 0},
    {.bitmap_index = 3569, .adv_w = 193, .box_w = 10, .box_h = 12, .ofs_x = 1, .ofs_y = 0},
    {.bitmap_index = 3689, .adv_w = 76, .box_w = 3, .box_h = 12, .ofs_x = 1, .ofs_y = 0},
    {.bitmap_index = 3725, .adv_w = 76, .box_w = 5, .box_h = 15, .ofs_x = -1, .ofs_y = -3},
    {.bitmap_index = 3800, .adv_w = 168, .box_w = 10, .box_h = 12, .ofs_x = 1, .ofs_y = 0},
    {.bitmap_index = 3920, .adv_w = 143, .box_w = 8, .box_h = 12, .ofs_x = 1, .ofs_y = 0},
    {.bitmap_index = 4016, .adv_w = 221, .box_w = 12, .box_h = 12, .ofs_x = 1, .ofs_y = 0},
    {.bitmap_index = 4160, .adv_w = 192, .box_w = 10, .box_h = 12, .ofs_x = 1, .ofs_y = 0},
    {.bitmap_index = 4280, .adv_w = 202, .box_w = 12, .box_h = 12, .ofs_x = 0, .ofs_y = 0},
    {.bitmap_index = 4424, .adv_w = 154, .box_w = 9, .box_h = 12, .ofs_x = 1, .ofs_y = 0},
    {.bitmap_index = 4532, .adv_w = 202, .box_w = 12, .box_h = 14, .ofs_x = 0, .ofs_y = -2},
    {.bitmap_index = 4700, .adv_w = 178, .box_w = 10, .box_h = 12, .ofs_x = 1, .ofs_y = 0},
    {.bitmap_index = 4820, .adv_w = 163, .box_w = 9, .box_h = 12, .ofs_x = 1, .ofs_y = 0},
    {.bitmap_index = 4928, .adv_w = 156, .box_w = 11, .box_h = 12, .ofs_x = -1, .ofs_y = 0},
    {.bitmap_index = 5060, .adv_w = 187, .box_w = 10, .box_h = 12, .ofs_x = 1, .ofs_y = 0},
    {.bitmap_index = 5180, .adv_w = 175, .box_w = 11, .box_h = 12, .ofs_x = 0, .ofs_y = 0},
    {.bitmap_index = 5312, .adv_w = 253, .box_w = 16, .box_h = 12, .ofs_x = 0, .ofs_y = 0},
    {.bitmap_index = 5504, .adv_w = 175, .box_w = 11, .box_h = 12, .ofs_x = 0, .ofs_y = 0},
    {.bitmap_index = 5636, .adv_w = 156, .box_w = 11, .box_h = 12, .ofs_x = -1, .ofs_y = 0},
    {.bitmap_index = 5768, .adv_w = 175, .box_w = 11, .box_h = 12, .ofs_x = 0, .ofs_y = 0},
    {.bitmap_index = 5900, .adv_w = 100, .box_w = 4, .box_h = 15, .ofs_x = 1, .ofs_y = -3},
    {.bitmap_index = 5960, .adv_w = 86, .box_w = 6, .box_h = 13, .ofs_x = 0, .ofs_y = -1},
    {.bitmap_index = 6038, .adv_w = 100, .box_w = 4, .box_h = 15, .ofs_x = 1, .ofs_y = -3},
    {.bitmap_index = 6098, .adv_w = 215, .box_w = 11, .box_h = 5, .ofs_x = 1, .ofs_y = 7},
    {.bitmap_index = 6153, .adv_w = 128, .box_w = 10, .box_h = 2, .ofs_x = -1, .ofs_y = -5},
    {.bitmap_index = 6173, .adv_w = 128, .box_w = 5, .box_h = 3, .ofs_x = 1, .ofs_y = 10},
    {.bitmap_index = 6188, .adv_w = 157, .box_w = 9, .box_h = 9, .ofs_x = 0, .ofs_y = 0},
    {.bitmap_index = 6269, .adv_w = 163, .box_w = 9, .box_h = 12, .ofs_x = 1, .ofs_y = 0},
    {.bitmap_index = 6377, .adv_w = 141, .box_w = 8, .box_h = 9, .ofs_x = 0, .ofs_y = 0},
    {.bitmap_index = 6449, .adv_w = 163, .box_w = 9, .box_h = 12, .ofs_x = 0, .ofs_y = 0},
    {.bitmap_index = 6557, .adv_w = 158, .box_w = 9, .box_h = 9, .ofs_x = 0, .ofs_y = 0},
    {.bitmap_index = 6638, .adv_w = 90, .box_w = 6, .box_h = 12, .ofs_x = 0, .ofs_y = 0},
    {.bitmap_index = 6710, .adv_w = 163, .box_w = 9, .box_h = 12, .ofs_x = 0, .ofs_y = -3},
    {.bitmap_index = 6818, .adv_w = 162, .box_w = 8, .box_h = 12, .ofs_x = 1, .ofs_y = 0},
    {.bitmap_index = 6914, .adv_w = 71, .box_w = 2, .box_h = 12, .ofs_x = 1, .ofs_y = 0},
    {.bitmap_index = 6938, .adv_w = 71, .box_w = 4, .box_h = 15, .ofs_x = -1, .ofs_y = -3},
    {.bitmap_index = 6998, .adv_w = 148, .box_w = 9, .box_h = 12, .ofs_x = 1, .ofs_y = 0},
    {.bitmap_index = 7106, .adv_w = 71, .box_w = 2, .box_h = 12, .ofs_x = 1, .ofs_y = 0},
    {.bitmap_index = 7130, .adv_w = 249, .box_w = 14, .box_h = 9, .ofs_x = 1, .ofs_y = 0},
    {.bitmap_index = 7256, .adv_w = 162, .box_w = 8, .box_h = 9, .ofs_x = 1, .ofs_y = 0},
    {.bitmap_index = 7328, .adv_w = 157, .box_w = 9, .box_h = 9, .ofs_x = 0, .ofs_y = 0},
    {.bitmap_index = 7409, .adv_w = 163, .box_w = 9, .box_h = 12, .ofs_x = 1, .ofs_y = -3},
    {.bitmap_index = 7517, .adv_w = 163, .box_w = 9, .box_h = 12, .ofs_x = 0, .ofs_y = -3},
    {.bitmap_index = 7625, .adv_w = 105, .box_w = 6, .box_h = 10, .ofs_x = 1, .ofs_y = 0},
    {.bitmap_index = 7685, .adv_w = 133, .box_w = 8, .box_h = 9, .ofs_x = 0, .ofs_y = 0},
    {.bitmap_index = 7757, .adv_w = 100, .box_w = 6, .box_h = 12, .ofs_x = 0, .ofs_y = 0},
    {.bitmap_index = 7829, .adv_w = 162, .box_w = 8, .box_h = 9, .ofs_x = 1, .ofs_y = 0},
    {.bitmap_index = 7901, .adv_w = 152, .box_w = 9, .box_h = 9, .ofs_x = 0, .ofs_y = 0},
    {.bitmap_index = 7982, .adv_w = 209, .box_w = 13, .box_h = 9, .ofs_x = 0, .ofs_y = 0},
    {.bitmap_index = 8099, .adv_w = 152, .box_w = 9, .box_h = 9, .ofs_x = 0, .ofs_y = 0},
    {.bitmap_index = 8180, .adv_w = 152, .box_w = 9, .box_h = 12, .ofs_x = 0, .ofs_y = -3},
    {.bitmap_index = 8288, .adv_w = 134, .box_w = 8, .box_h = 9, .ofs_x = 0, .ofs_y = 0},
    {.bitmap_index = 8360, .adv_w = 163, .box_w = 7, .box_h = 16, .ofs_x = 2, .ofs_y = -4},
    {.bitmap_index = 8472, .adv_w = 86, .box_w = 2, .box_h = 16, .ofs_x = 2, .ofs_y = -4},
    {.bitmap_index = 8504, .adv_w = 163, .box_w = 7, .box_h = 16, .ofs_x = 2, .ofs_y = -4},
    {.bitmap_index = 8616, .adv_w = 215, .box_w = 11, .box_h = 4, .ofs_x = 1, .ofs_y = 3},
    {.bitmap_index = 8660, .adv_w = 128, .box_w = 6, .box_h = 5, .ofs_x = 1, .ofs_y = 7},
    {.bitmap_index = 8690, .adv_w = 256, .box_w = 14, .box_h = 13, .ofs_x = 1, .ofs_y = -1},
    {.bitmap_index = 8872, .adv_w = 256, .box_w = 14, .box_h = 14, .ofs_x = 1, .ofs_y = -1},
    {.bitmap_index = 9068, .adv_w = 256, .box_w = 12, .box_h = 13, .ofs_x = 2, .ofs_y = -1},
    {.bitmap_index = 9224, .adv_w = 256, .box_w = 16, .box_h = 15, .ofs_x = 0, .ofs_y = -2},
    {.bitmap_index = 9464, .adv_w = 256, .box_w = 15, .box_h = 14, .ofs_x = 1, .ofs_y = -1},
    {.bitmap_index = 9674, .adv_w = 256, .box_w = 15, .box_h = 15, .ofs_x = 0, .ofs_y = -1},
    {.bitmap_index = 9899, .adv_w = 256, .box_w = 15, .box_h = 15, .ofs_x = 0, .ofs_y = -2},
    {.bitmap_index = 10124, .adv_w = 256, .box_w = 16, .box_h = 15, .ofs_x = 0, .ofs_y = -2},
    {.bitmap_index = 10364, .adv_w = 256, .box_w = 15, .box_h = 16, .ofs_x = 0, .ofs_y = -2},
    {.bitmap_index = 10604, .adv_w = 256, .box_w = 16, .box_h = 14, .ofs_x = 0, .ofs_y = -1},
    {.bitmap_index = 10828, .adv_w = 256, .box_w = 16, .box_h = 16, .ofs_x = 0, .ofs_y = -2},
    {.bitmap_index = 11084, .adv_w = 256, .box_w = 16, .box_h = 15, .ofs_x = 0, .ofs_y = -2},
    {.bitmap_index = 11324, .adv_w = 256, .box_w = 15, .box_h = 15, .ofs_x = 0, .ofs_y = -2},
    {.bitmap_index = 11549, .adv_w = 256, .box_w = 16, .box_h = 15, .ofs_x = 0, .ofs_y = -2},
    {.bitmap_index = 11789, .adv_w = 256, .box_w = 14, .box_h = 14, .ofs_x = 1, .ofs_y = -1},
    {.bitmap_index = 11985, .adv_w = 256, .box_w = 16, .box_h = 15, .ofs_x = 0, .ofs_y = -1},
    {.bitmap_index = 12225, .adv_w = 256, .box_w = 15, .box_h = 15, .ofs_x = 1, .ofs_y = -2},
    {.bitmap_index = 12450, .adv_w = 256, .box_w = 15, .box_h = 15, .ofs_x = 0, .ofs_y = -2},
    {.bitmap_index = 12675, .adv_w = 256, .box_w = 14, .box_h = 14, .ofs_x = 1, .ofs_y = -2},
    {.bitmap_index = 12871, .adv_w = 256, .box_w = 15, .box_h = 14, .ofs_x = 1, .ofs_y = -1},
    {.bitmap_index = 13081, .adv_w = 256, .box_w = 14, .box_h = 13, .ofs_x = 1, .ofs_y = -1},
    {.bitmap_index = 13263, .adv_w = 256, .box_w = 15, .box_h = 14, .ofs_x = 0, .ofs_y = -1},
    {.bitmap_index = 13473, .adv_w = 256, .box_w = 14, .box_h = 14, .ofs_x = 1, .ofs_y = -1},
    {.bitmap_index = 13669, .adv_w = 256, .box_w = 16, .box_h = 15, .ofs_x = 0, .ofs_y = -2},
    {.bitmap_index = 13909, .adv_w = 256, .box_w = 15, .box_h = 16, .ofs_x = 1, .ofs_y = -2},
    {.bitmap_index = 14149, .adv_w = 256, .box_w = 16, .box_h = 14, .ofs_x = 0, .ofs_y = -1},
    {.bitmap_index = 14373, .adv_w = 256, .box_w = 15, .box_h = 15, .ofs_x = 1, .ofs_y = -2},
    {.bitmap_index = 14598, .adv_w = 256, .box_w = 16, .box_h = 14, .ofs_x = 0, .ofs_y = -1},
    {.bitmap_index = 14822, .adv_w = 256, .box_w = 15, .box_h = 15, .ofs_x = 0, .ofs_y = -1},
    {.bitmap_index = 15047, .adv_w = 256, .box_w = 16, .box_h = 16, .ofs_x = 0, .ofs_y = -2},
    {.bitmap_index = 15303, .adv_w = 256, .box_w = 15, .box_h = 15, .ofs_x = 0, .ofs_y = -2},
    {.bitmap_index = 15528, .adv_w = 256, .box_w = 15, .box_h = 16, .ofs_x = 0, .ofs_y = -2},
    {.bitmap_index = 15768, .adv_w = 256, .box_w = 16, .box_h = 14, .ofs_x = 0, .ofs_y = -2},
    {.bitmap_index = 15992, .adv_w = 256, .box_w = 15, .box_h = 14, .ofs_x = 1, .ofs_y = -1},
    {.bitmap_index = 16202, .adv_w = 256, .box_w = 16, .box_h = 14, .ofs_x = 0, .ofs_y = -1},
    {.bitmap_index = 16426, .adv_w = 256, .box_w = 16, .box_h = 15, .ofs_x = 0, .ofs_y = -1},
    {.bitmap_index = 16666, .adv_w = 256, .box_w = 16, .box_h = 15, .ofs_x = 0, .ofs_y = -1},
    {.bitmap_index = 16906, .adv_w = 256, .box_w = 16, .box_h = 14, .ofs_x = 0, .ofs_y = -1},
    {.bitmap_index = 17130, .adv_w = 256, .box_w = 16, .box_h = 15, .ofs_x = 0, .ofs_y = -1},
    {.bitmap_index = 17370, .adv_w = 256, .box_w = 16, .box_h = 15, .ofs_x = 0, .ofs_y = -1},
    {.bitmap_index = 17610, .adv_w = 256, .box_w = 15, .box_h = 14, .ofs_x = 0, .ofs_y = -1},
    {.bitmap_index = 17820, .adv_w = 256, .box_w = 16, .box_h = 15, .ofs_x = 0, .ofs_y = -2},
    {.bitmap_index = 18060, .adv_w = 256, .box_w = 16, .box_h = 15, .ofs_x = 0, .ofs_y = -1},
    {.bitmap_index = 18300, .adv_w = 256, .box_w = 16, .box_h = 14, .ofs_x = 0, .ofs_y = -1},
    {.bitmap_index = 18524, .adv_w = 256, .box_w = 16, .box_h = 15, .ofs_x = 0, .ofs_y = -2},
    {.bitmap_index = 18764, .adv_w = 256, .box_w = 16, .box_h = 15, .ofs_x = 0, .ofs_y = -1},
    {.bitmap_index = 19004, .adv_w = 256, .box_w = 14, .box_h = 14, .ofs_x = 1, .ofs_y = -1},
    {.bitmap_index = 19200, .adv_w = 256, .box_w = 16, .box_h = 13, .ofs_x = 0, .ofs_y = -1},
    {.bitmap_index = 19408, .adv_w = 256, .box_w = 16, .box_h = 14, .ofs_x = 0, .ofs_y = -1},
    {.bitmap_index = 19632, .adv_w = 256, .box_w = 16, .box_h = 13, .ofs_x = 0, .ofs_y = -1},
    {.bitmap_index = 19840, .adv_w = 256, .box_w = 15, .box_h = 15, .ofs_x = 1, .ofs_y = -1},
    {.bitmap_index = 20065, .adv_w = 256, .box_w = 15, .box_h = 15, .ofs_x = 1, .ofs_y = -2},
    {.bitmap_index = 20290, .adv_w = 256, .box_w = 15, .box_h = 15, .ofs_x = 0, .ofs_y = -2},
    {.bitmap_index = 20515, .adv_w = 256, .box_w = 15, .box_h = 15, .ofs_x = 0, .ofs_y = -2},
    {.bitmap_index = 20740, .adv_w = 256, .box_w = 16, .box_h = 14, .ofs_x = 0, .ofs_y = -1},
    {.bitmap_index = 20964, .adv_w = 256, .box_w = 14, .box_h = 14, .ofs_x = 0, .ofs_y = -2},
    {.bitmap_index = 21160, .adv_w = 256, .box_w = 12, .box_h = 15, .ofs_x = 2, .ofs_y = -1},
    {.bitmap_index = 21340, .adv_w = 256, .box_w = 16, .box_h = 13, .ofs_x = 0, .ofs_y = -1},
    {.bitmap_index = 21548, .adv_w = 256, .box_w = 15, .box_h = 13, .ofs_x = 0, .ofs_y = -1},
    {.bitmap_index = 21743, .adv_w = 256, .box_w = 14, .box_h = 14, .ofs_x = 1, .ofs_y = -1},
    {.bitmap_index = 21939, .adv_w = 256, .box_w = 15, .box_h = 14, .ofs_x = 0, .ofs_y = -1},
    {.bitmap_index = 22149, .adv_w = 256, .box_w = 16, .box_h = 14, .ofs_x = 0, .ofs_y = -1},
    {.bitmap_index = 22373, .adv_w = 256, .box_w = 15, .box_h = 14, .ofs_x = 0, .ofs_y = -1},
    {.bitmap_index = 22583, .adv_w = 256, .box_w = 14, .box_h = 14, .ofs_x = 1, .ofs_y = -2},
    {.bitmap_index = 22779, .adv_w = 256, .box_w = 16, .box_h = 13, .ofs_x = 0, .ofs_y = -1},
    {.bitmap_index = 22987, .adv_w = 256, .box_w = 15, .box_h = 15, .ofs_x = 1, .ofs_y = -1},
    {.bitmap_index = 23212, .adv_w = 256, .box_w = 15, .box_h = 14, .ofs_x = 0, .ofs_y = -1},
    {.bitmap_index = 23422, .adv_w = 256, .box_w = 15, .box_h = 15, .ofs_x = 0, .ofs_y = -2},
    {.bitmap_index = 23647, .adv_w = 256, .box_w = 16, .box_h = 14, .ofs_x = 0, .ofs_y = -1},
    {.bitmap_index = 23871, .adv_w = 256, .box_w = 15, .box_h = 15, .ofs_x = 0, .ofs_y = -2},
    {.bitmap_index = 24096, .adv_w = 256, .box_w = 15, .box_h = 15, .ofs_x = 1, .ofs_y = -2},
    {.bitmap_index = 24321, .adv_w = 256, .box_w = 16, .box_h = 15, .ofs_x = 0, .ofs_y = -2},
    {.bitmap_index = 24561, .adv_w = 256, .box_w = 15, .box_h = 13, .ofs_x = 1, .ofs_y = -1},
    {.bitmap_index = 24756, .adv_w = 256, .box_w = 16, .box_h = 14, .ofs_x = 0, .ofs_y = -1},
    {.bitmap_index = 24980, .adv_w = 256, .box_w = 15, .box_h = 15, .ofs_x = 0, .ofs_y = -2},
    {.bitmap_index = 25205, .adv_w = 256, .box_w = 14, .box_h = 14, .ofs_x = 1, .ofs_y = -1},
    {.bitmap_index = 25401, .adv_w = 256, .box_w = 14, .box_h = 14, .ofs_x = 1, .ofs_y = -1},
    {.bitmap_index = 25597, .adv_w = 256, .box_w = 14, .box_h = 14, .ofs_x = 1, .ofs_y = -1},
    {.bitmap_index = 25793, .adv_w = 256, .box_w = 14, .box_h = 13, .ofs_x = 1, .ofs_y = -1}
};

/*---------------------
 *  CHARACTER MAPPING
 *--------------------*/

static const uint16_t unicode_list_1[] = {
    0x0, 0x4d5a, 0x4d7d, 0x4db0, 0x4dfe, 0x4e46, 0x4e4b, 0x5099,
    0x50b5, 0x50c3, 0x5116, 0x5156, 0x5157, 0x51f0, 0x51f8, 0x5297,
    0x5358, 0x535e, 0x537f, 0x5388, 0x53cc, 0x5644, 0x5678, 0x5866,
    0x586c, 0x591b, 0x5ab6, 0x5adc, 0x5b49, 0x5d36, 0x5dc6, 0x5de4,
    0x5df6, 0x5e50, 0x5e5f, 0x5eb9, 0x605f, 0x606f, 0x6160, 0x6166,
    0x619b, 0x61bb, 0x6259, 0x62b2, 0x62f7, 0x64d7, 0x6500, 0x6509,
    0x658e, 0x668a, 0x6ab3, 0x6b6b, 0x6d4b, 0x6d79, 0x6e21, 0x6fbf,
    0x7478, 0x75cd, 0x7751, 0x788a, 0x79ca, 0x7df2, 0x7dff, 0x7e14,
    0x7ea1, 0x7ebe, 0x81c2, 0x85c9, 0x8b0e, 0x8b47, 0x8b53, 0x8ee3,
    0x8fb5, 0x909d, 0x911d, 0x947e, 0x953d, 0x9544, 0x959d, 0x9650
};

/*Collect the unicode lists and glyph_id offsets*/
static const lv_font_fmt_txt_cmap_t cmaps[] =
{
    {
        .range_start = 32, .range_length = 95, .glyph_id_start = 1,
        .unicode_list = NULL, .glyph_id_ofs_list = NULL, .list_length = 0, .type = LV_FONT_FMT_TXT_CMAP_FORMAT0_TINY
    },
    {
        .range_start = 176, .range_length = 38481, .glyph_id_start = 96,
        .unicode_list = unicode_list_1, .glyph_id_ofs_list = NULL, .list_length = 80, .type = LV_FONT_FMT_TXT_CMAP_SPARSE_TINY
    }
};



/*--------------------
 *  ALL CUSTOM DATA
 *--------------------*/

#if LVGL_VERSION_MAJOR == 8
/*Store all the custom data of the font*/
static  lv_font_fmt_txt_glyph_cache_t cache;
#endif

#if LVGL_VERSION_MAJOR >= 8
static const lv_font_fmt_txt_dsc_t font_dsc = {
#else
static lv_font_fmt_txt_dsc_t font_dsc = {
#endif
    .glyph_bitmap = glyph_bitmap,
    .glyph_dsc = glyph_dsc,
    .cmaps = cmaps,
    .kern_dsc = NULL,
    .kern_scale = 0,
    .cmap_num = 2,
    .bpp = 8,
    .kern_classes = 0,
    .bitmap_format = 0,
#if LVGL_VERSION_MAJOR == 8
    .cache = &cache
#endif
};



/*-----------------
 *  PUBLIC FONT
 *----------------*/

/*Initialize a public general font descriptor*/
#if LVGL_VERSION_MAJOR >= 8
const lv_font_t ui_font_cn_16 = {
#else
lv_font_t ui_font_cn_16 = {
#endif
    .get_glyph_dsc = lv_font_get_glyph_dsc_fmt_txt,    /*Function pointer to get glyph's data*/
    .get_glyph_bitmap = lv_font_get_bitmap_fmt_txt,    /*Function pointer to get glyph's bitmap*/
    .line_height = 19,          /*The maximum line height required by the font*/
    .base_line = 5,             /*Baseline measured from the bottom of the line*/
#if !(LVGL_VERSION_MAJOR == 6 && LVGL_VERSION_MINOR == 0)
    .subpx = LV_FONT_SUBPX_NONE,
#endif
#if LV_VERSION_CHECK(7, 4, 0) || LVGL_VERSION_MAJOR >= 8
    .underline_position = 0,
    .underline_thickness = 1,
#endif
    .dsc = &font_dsc,          /*The custom font data. Will be accessed by `get_glyph_bitmap/dsc` */
#if LV_VERSION_CHECK(8, 2, 0) || LVGL_VERSION_MAJOR >= 9
    .fallback = NULL,
#endif
    .user_data = NULL,
};



#endif /*#if UI_FONT_CN_16*/

