/*******************************************************************************
 * Size: 18 px
 * Bpp: 8
 * Opts: --font /usr/share/fonts/truetype/dejavu/DejaVuSans.ttf -r 0x20-0x7E -r 0xB0-0xB0 --font /tmp/wqy-microhei.tjs5Hf.ttf --symbols 上中习亮件任光入关准分切加动升合后启吸呼围在外夜始学完对左并应度开式彩意感成或手扫按换控文新方显机正氛添温滑灯用白码示空红纯组网置色虹设请调输遥配重键闭间降需正在检查是否为失败 --size 18 --bpp 8 --format lvgl --lv-font-name ui_font_cn_18 --lv-include lvgl.h --no-compress --autohint-strong -o /workspace/main/ui/ui_font_cn_18.c
 ******************************************************************************/

#ifdef LV_LVGL_H_INCLUDE_SIMPLE
#include "lvgl.h"
#else
#include "lvgl.h"
#endif

#ifndef UI_FONT_CN_18
#define UI_FONT_CN_18 1
#endif

#if UI_FONT_CN_18

/*-----------------
 *    BITMAPS
 *----------------*/

/*Store the image of the glyphs*/
static LV_ATTRIBUTE_LARGE_CONST const uint8_t glyph_bitmap[] = {
    /* U+0020 " " */

    /* U+0021 "!" */
    0x48, 0xff, 0x80, 0x48, 0xff, 0x80, 0x48, 0xff,
    0x80, 0x48, 0xff, 0x80, 0x48, 0xff, 0x80, 0x47,
    0xff, 0x7f, 0x3c, 0xff, 0x74, 0x2d, 0xff, 0x66,
    0x19, 0xd4, 0x4a, 0x0, 0x0, 0x0, 0xf, 0x38,
    0x1c, 0x48, 0xff, 0x80, 0x48, 0xff, 0x80,

    /* U+0022 "\"" */
    0x44, 0xff, 0x38, 0x0, 0xf4, 0x8c, 0x44, 0xff,
    0x38, 0x0, 0xf4, 0x8c, 0x44, 0xff, 0x38, 0x0,
    0xf4, 0x8c, 0x44, 0xff, 0x38, 0x0, 0xf4, 0x8c,
    0x38, 0xd4, 0x2e, 0x0, 0xca, 0x73,

    /* U+0023 "#" */
    0x0, 0x0, 0x0, 0x0, 0x0, 0xaa, 0xc5, 0x0,
    0x0, 0xab, 0xbd, 0x0, 0x0, 0x0, 0x0, 0x0,
    0x0, 0x0, 0xe3, 0x89, 0x0, 0x0, 0xe6, 0x82,
    0x0, 0x0, 0x0, 0x0, 0x0, 0x0, 0x1e, 0xff,
    0x4d, 0x0, 0x23, 0xff, 0x47, 0x0, 0x0, 0x0,
    0xc, 0x14, 0x14, 0x62, 0xff, 0x26, 0x14, 0x69,
    0xfe, 0x23, 0x14, 0xe, 0x0, 0x9c, 0xff, 0xff,
    0xff, 0xff, 0xff, 0xff, 0xff, 0xff, 0xff, 0xff,
    0xb4, 0x0, 0x29, 0x44, 0x44, 0xe9, 0xa9, 0x44,
    0x44, 0xec, 0xa6, 0x44, 0x44, 0x2f, 0x0, 0x0,
    0x0, 0x1f, 0xff, 0x4c, 0x0, 0x21, 0xff, 0x48,
    0x0, 0x0, 0x0, 0x9, 0x10, 0x10, 0x6d, 0xfb,
    0x1c, 0x10, 0x6d, 0xfa, 0x1a, 0x10, 0xb, 0x0,
    0x9c, 0xff, 0xff, 0xff, 0xff, 0xff, 0xff, 0xff,
    0xff, 0xff, 0xff, 0xb0, 0x0, 0x27, 0x40, 0x40,
    0xf3, 0x9a, 0x40, 0x40, 0xf5, 0x97, 0x40, 0x40,
    0x2c, 0x0, 0x0, 0x0, 0x26, 0xff, 0x42, 0x0,
    0x2a, 0xff, 0x3e, 0x0, 0x0, 0x0, 0x0, 0x0,
    0x0, 0x64, 0xfa, 0xa, 0x0, 0x68, 0xf8, 0x7,
    0x0, 0x0, 0x0, 0x0, 0x0, 0x0, 0xa1, 0xc6,
    0x0, 0x0, 0xa5, 0xc2, 0x0, 0x0, 0x0, 0x0,
    0x0,

    /* U+0024 "$" */
    0x0, 0x0, 0x0, 0x0, 0xcc, 0x14, 0x0, 0x0,
    0x0, 0x0, 0x0, 0x0, 0x0, 0xcc, 0x14, 0x0,
    0x0, 0x0, 0x0, 0x0, 0x0, 0x0, 0xcc, 0x14,
    0x0, 0x0, 0x0, 0x0, 0x33, 0xb5, 0xe9, 0xff,
    0xf7, 0xe0, 0xb0, 0x16, 0x1f, 0xf1, 0xd5, 0x54,
    0xd5, 0x4e, 0x62, 0xb3, 0x24, 0x69, 0xff, 0x34,
    0x0, 0xcc, 0x14, 0x0, 0x0, 0x0, 0x66, 0xff,
    0x4c, 0x0, 0xcc, 0x14, 0x0, 0x0, 0x0, 0x15,
    0xe5, 0xf5, 0x9c, 0xe3, 0x40, 0x4, 0x0, 0x0,
    0x0, 0x1c, 0x91, 0xdc, 0xfe, 0xff, 0xed, 0x84,
    0x4, 0x0, 0x0, 0x0, 0x0, 0xcc, 0x55, 0xa8,
    0xff, 0x89, 0x0, 0x0, 0x0, 0x0, 0xcc, 0x14,
    0x0, 0xca, 0xdf, 0x15, 0x0, 0x0, 0x0, 0xcc,
    0x14, 0x1, 0xd1, 0xd4, 0x80, 0xcb, 0x73, 0x45,
    0xd7, 0x66, 0xb7, 0xff, 0x73, 0x26, 0x8b, 0xd1,
    0xef, 0xff, 0xf2, 0xcf, 0x67, 0x1, 0x0, 0x0,
    0x0, 0x0, 0xd0, 0x14, 0x0, 0x0, 0x0, 0x0,
    0x0, 0x0, 0x0, 0xce, 0x14, 0x0, 0x0, 0x0,
    0x0, 0x0, 0x0, 0x0, 0x66, 0xa, 0x0, 0x0,
    0x0,

    /* U+0025 "%" */
    0xd, 0x9a, 0xe9, 0xeb, 0xa0, 0x11, 0x0, 0x0,
    0x0, 0x0, 0x5d, 0xf0, 0x19, 0x0, 0x0, 0x0,
    0x99, 0xe4, 0x3f, 0x3b, 0xe0, 0xa7, 0x0, 0x0,
    0x0, 0x13, 0xeb, 0x69, 0x0, 0x0, 0x0, 0x0,
    0xe9, 0x7a, 0x0, 0x0, 0x6f, 0xf6, 0x2, 0x0,
    0x0, 0xa0, 0xc6, 0x1, 0x0, 0x0, 0x0, 0x0,
    0xee, 0x72, 0x0, 0x0, 0x67, 0xf9, 0x4, 0x0,
    0x42, 0xf9, 0x2c, 0x0, 0x0, 0x0, 0x0, 0x0,
    0xab, 0xd0, 0x15, 0x13, 0xcb, 0xba, 0x0, 0x8,
    0xda, 0x84, 0x0, 0x0, 0x0, 0x0, 0x0, 0x0,
    0x19, 0xbf, 0xfe, 0xfe, 0xc7, 0x20, 0x0, 0x85,
    0xda, 0x8, 0x0, 0x0, 0x0, 0x0, 0x0, 0x0,
    0x0, 0x0, 0xe, 0x10, 0x0, 0x0, 0x2b, 0xf9,
    0x42, 0x1, 0x76, 0xd7, 0xdf, 0x8d, 0x7, 0x0,
    0x0, 0x0, 0x0, 0x0, 0x0, 0x1, 0xc5, 0xa0,
    0x0, 0x6b, 0xf5, 0x56, 0x43, 0xe6, 0x8f, 0x0,
    0x0, 0x0, 0x0, 0x0, 0x0, 0x69, 0xeb, 0x13,
    0x0, 0xce, 0x9c, 0x0, 0x0, 0x74, 0xf4, 0x0,
    0x0, 0x0, 0x0, 0x0, 0x19, 0xf0, 0x5d, 0x0,
    0x0, 0xea, 0x7a, 0x0, 0x0, 0x53, 0xff, 0x12,
    0x0, 0x0, 0x0, 0x0, 0xac, 0xbb, 0x0, 0x0,
    0x0, 0xd0, 0x99, 0x0, 0x0, 0x71, 0xf6, 0x1,
    0x0, 0x0, 0x0, 0x4d, 0xf6, 0x23, 0x0, 0x0,
    0x0, 0x74, 0xf3, 0x4c, 0x3a, 0xe1, 0x99, 0x0,
    0x0, 0x0, 0xc, 0xe2, 0x78, 0x0, 0x0, 0x0,
    0x0, 0x4, 0x85, 0xe4, 0xeb, 0x9c, 0xc, 0x0,

    /* U+0026 "&" */
    0x0, 0x0, 0x20, 0xa6, 0xe6, 0xf5, 0xd8, 0x92,
    0xc, 0x0, 0x0, 0x0, 0x0, 0x0, 0xb, 0xdb,
    0xf7, 0x8e, 0x6a, 0x91, 0xe6, 0x20, 0x0, 0x0,
    0x0, 0x0, 0x0, 0x46, 0xff, 0x73, 0x0, 0x0,
    0x0, 0x4, 0x4, 0x0, 0x0, 0x0, 0x0, 0x0,
    0x45, 0xff, 0x70, 0x0, 0x0, 0x0, 0x0, 0x0,
    0x0, 0x0, 0x0, 0x0, 0x0, 0x7, 0xda, 0xea,
    0x25, 0x0, 0x0, 0x0, 0x0, 0x0, 0x0, 0x0,
    0x0, 0x0, 0x25, 0xdb, 0xf5, 0xe4, 0x26, 0x0,
    0x0, 0x0, 0x0, 0x0, 0x0, 0x0, 0x16, 0xe3,
    0xb4, 0x1b, 0xd7, 0xe7, 0x2b, 0x0, 0x0, 0x0,
    0xd9, 0xc5, 0x0, 0x8e, 0xfc, 0x1b, 0x0, 0x19,
    0xd9, 0xeb, 0x30, 0x0, 0xf, 0xfe, 0x8a, 0x0,
    0xce, 0xdd, 0x0, 0x0, 0x0, 0x1b, 0xdc, 0xee,
    0x35, 0x76, 0xfd, 0x27, 0x0, 0xcb, 0xf8, 0x7,
    0x0, 0x0, 0x0, 0x1d, 0xde, 0xf1, 0xed, 0x97,
    0x0, 0x0, 0x81, 0xff, 0x92, 0x1, 0x0, 0x0,
    0x0, 0x43, 0xff, 0xff, 0x46, 0x0, 0x0, 0xc,
    0xcb, 0xff, 0xcb, 0x7f, 0x70, 0xa4, 0xf8, 0xd1,
    0xe2, 0xee, 0x2c, 0x0, 0x0, 0x8, 0x7b, 0xd3,
    0xf8, 0xf4, 0xc9, 0x6e, 0x7, 0x30, 0xf5, 0xe5,
    0x20,

    /* U+0027 "'" */
    0x44, 0xff, 0x38, 0x44, 0xff, 0x38, 0x44, 0xff,
    0x38, 0x44, 0xff, 0x38, 0x38, 0xd4, 0x2e,

    /* U+0028 "(" */
    0x0, 0x0, 0x23, 0xf9, 0x52, 0x0, 0x0, 0xae,
    0xce, 0x1, 0x0, 0x2d, 0xff, 0x5f, 0x0, 0x0,
    0x97, 0xf5, 0xc, 0x0, 0x1, 0xeb, 0xb7, 0x0,
    0x0, 0x2b, 0xff, 0x81, 0x0, 0x0, 0x55, 0xff,
    0x5e, 0x0, 0x0, 0x6a, 0xff, 0x4c, 0x0, 0x0,
    0x69, 0xff, 0x4d, 0x0, 0x0, 0x54, 0xff, 0x5e,
    0x0, 0x0, 0x28, 0xff, 0x82, 0x0, 0x0, 0x0,
    0xe8, 0xb8, 0x0, 0x0, 0x0, 0x93, 0xf5, 0xc,
    0x0, 0x0, 0x2a, 0xff, 0x5f, 0x0, 0x0, 0x0,
    0xac, 0xcf, 0x1, 0x0, 0x0, 0x22, 0xf9, 0x52,

    /* U+0029 ")" */
    0x4f, 0xfa, 0x25, 0x0, 0x0, 0x0, 0xcb, 0xb0,
    0x0, 0x0, 0x0, 0x5b, 0xff, 0x2f, 0x0, 0x0,
    0xa, 0xf3, 0x97, 0x0, 0x0, 0x0, 0xb4, 0xeb,
    0x1, 0x0, 0x0, 0x7b, 0xff, 0x2c, 0x0, 0x0,
    0x58, 0xff, 0x57, 0x0, 0x0, 0x45, 0xff, 0x6d,
    0x0, 0x0, 0x46, 0xff, 0x6c, 0x0, 0x0, 0x58,
    0xff, 0x57, 0x0, 0x0, 0x7c, 0xff, 0x2b, 0x0,
    0x0, 0xb4, 0xeb, 0x1, 0x0, 0xb, 0xf3, 0x97,
    0x0, 0x0, 0x5c, 0xff, 0x2f, 0x0, 0x0, 0xcb,
    0xb0, 0x0, 0x0, 0x4f, 0xfa, 0x25, 0x0, 0x0,

    /* U+002A "*" */
    0x0, 0x0, 0x0, 0x0, 0xff, 0x0, 0x0, 0x0,
    0x0, 0xc, 0x37, 0x0, 0x0, 0xff, 0x0, 0x0,
    0x37, 0xc, 0x31, 0xdd, 0x9d, 0x15, 0xff, 0x15,
    0x9d, 0xdd, 0x31, 0x0, 0x6, 0x70, 0xda, 0xff,
    0xdb, 0x70, 0x6, 0x0, 0x0, 0x0, 0x49, 0xce,
    0xff, 0xce, 0x49, 0x0, 0x0, 0x27, 0xc0, 0xc1,
    0x2c, 0xff, 0x2d, 0xc1, 0xc0, 0x26, 0x17, 0x5a,
    0x0, 0x0, 0xff, 0x0, 0x0, 0x5a, 0x16, 0x0,
    0x0, 0x0, 0x0, 0xff, 0x0, 0x0, 0x0, 0x0,
    0x0, 0x0, 0x0, 0x0, 0x24, 0x0, 0x0, 0x0,
    0x0,

    /* U+002B "+" */
    0x0, 0x0, 0x0, 0x0, 0x0, 0xa, 0x34, 0xe,
    0x0, 0x0, 0x0, 0x0, 0x0, 0x0, 0x0, 0x0,
    0x0, 0x0, 0x34, 0xff, 0x48, 0x0, 0x0, 0x0,
    0x0, 0x0, 0x0, 0x0, 0x0, 0x0, 0x0, 0x34,
    0xff, 0x48, 0x0, 0x0, 0x0, 0x0, 0x0, 0x0,
    0x0, 0x0, 0x0, 0x0, 0x34, 0xff, 0x48, 0x0,
    0x0, 0x0, 0x0, 0x0, 0x0, 0x0, 0x0, 0x0,
    0x0, 0x34, 0xff, 0x48, 0x0, 0x0, 0x0, 0x0,
    0x0, 0x3, 0x24, 0x24, 0x24, 0x24, 0x50, 0xff,
    0x61, 0x24, 0x24, 0x24, 0x24, 0x6, 0x18, 0xff,
    0xff, 0xff, 0xff, 0xff, 0xff, 0xff, 0xff, 0xff,
    0xff, 0xff, 0x2c, 0x7, 0x54, 0x54, 0x54, 0x54,
    0x76, 0xff, 0x84, 0x54, 0x54, 0x54, 0x54, 0xe,
    0x0, 0x0, 0x0, 0x0, 0x0, 0x34, 0xff, 0x48,
    0x0, 0x0, 0x0, 0x0, 0x0, 0x0, 0x0, 0x0,
    0x0, 0x0, 0x34, 0xff, 0x48, 0x0, 0x0, 0x0,
    0x0, 0x0, 0x0, 0x0, 0x0, 0x0, 0x0, 0x34,
    0xff, 0x48, 0x0, 0x0, 0x0, 0x0, 0x0, 0x0,
    0x0, 0x0, 0x0, 0x0, 0x34, 0xff, 0x48, 0x0,
    0x0, 0x0, 0x0, 0x0,

    /* U+002C "," */
    0x0, 0x43, 0x49, 0x0, 0xe4, 0xf8, 0x4, 0xf4,
    0xcd, 0x3a, 0xff, 0x4b, 0x7b, 0xc6, 0x0,

    /* U+002D "-" */
    0x4, 0x20, 0x20, 0x20, 0x20, 0x13, 0x20, 0xff,
    0xff, 0xff, 0xff, 0x9c, 0xa, 0x50, 0x50, 0x50,
    0x50, 0x30,

    /* U+002E "." */
    0x4, 0x38, 0x2b, 0x14, 0xff, 0xc8, 0x14, 0xff,
    0xc8,

    /* U+002F "/" */
    0x0, 0x0, 0x0, 0x0, 0x95, 0xe5, 0x1, 0x0,
    0x0, 0x0, 0x1, 0xe4, 0x96, 0x0, 0x0, 0x0,
    0x0, 0x36, 0xff, 0x46, 0x0, 0x0, 0x0, 0x0,
    0x87, 0xf0, 0x5, 0x0, 0x0, 0x0, 0x0, 0xd8,
    0xa5, 0x0, 0x0, 0x0, 0x0, 0x29, 0xff, 0x54,
    0x0, 0x0, 0x0, 0x0, 0x79, 0xf8, 0xc, 0x0,
    0x0, 0x0, 0x0, 0xca, 0xb3, 0x0, 0x0, 0x0,
    0x0, 0x1c, 0xfe, 0x63, 0x0, 0x0, 0x0, 0x0,
    0x6c, 0xfd, 0x15, 0x0, 0x0, 0x0, 0x0, 0xbd,
    0xc1, 0x0, 0x0, 0x0, 0x0, 0x11, 0xfb, 0x71,
    0x0, 0x0, 0x0, 0x0, 0x5e, 0xff, 0x21, 0x0,
    0x0, 0x0, 0x0, 0xaf, 0xd0, 0x0, 0x0, 0x0,
    0x0, 0x0, 0x76, 0x4a, 0x0, 0x0, 0x0, 0x0,
    0x0,

    /* U+0030 "0" */
    0x0, 0x0, 0x63, 0xd1, 0xf8, 0xe9, 0x9e, 0x17,
    0x0, 0x0, 0x0, 0x7c, 0xff, 0xc2, 0x6e, 0x8c,
    0xf8, 0xd9, 0xe, 0x0, 0x1d, 0xf9, 0xc7, 0x3,
    0x0, 0x0, 0x57, 0xff, 0x84, 0x0, 0x73, 0xff,
    0x56, 0x0, 0x0, 0x0, 0x1, 0xe2, 0xe1, 0x0,
    0xa8, 0xff, 0x1d, 0x0, 0x0, 0x0, 0x0, 0xa9,
    0xff, 0x16, 0xc3, 0xff, 0x2, 0x0, 0x0, 0x0,
    0x0, 0x8e, 0xff, 0x32, 0xcd, 0xfa, 0x0, 0x0,
    0x0, 0x0, 0x0, 0x86, 0xff, 0x3c, 0xc3, 0xff,
    0x2, 0x0, 0x0, 0x0, 0x0, 0x8e, 0xff, 0x32,
    0xa8, 0xff, 0x1d, 0x0, 0x0, 0x0, 0x0, 0xa9,
    0xff, 0x16, 0x73, 0xff, 0x56, 0x0, 0x0, 0x0,
    0x1, 0xe1, 0xe1, 0x0, 0x1e, 0xfa, 0xc5, 0x3,
    0x0, 0x0, 0x55, 0xff, 0x85, 0x0, 0x0, 0x7f,
    0xff, 0xc1, 0x6d, 0x8b, 0xf7, 0xdb, 0x10, 0x0,
    0x0, 0x0, 0x66, 0xd3, 0xf8, 0xea, 0x9f, 0x18,
    0x0, 0x0,

    /* U+0031 "1" */
    0x1, 0x79, 0xad, 0xe0, 0xff, 0xe4, 0x0, 0x0,
    0x0, 0x4, 0xff, 0xed, 0xba, 0xf1, 0xe4, 0x0,
    0x0, 0x0, 0x0, 0x22, 0x0, 0x0, 0xdc, 0xe4,
    0x0, 0x0, 0x0, 0x0, 0x0, 0x0, 0x0, 0xdc,
    0xe4, 0x0, 0x0, 0x0, 0x0, 0x0, 0x0, 0x0,
    0xdc, 0xe4, 0x0, 0x0, 0x0, 0x0, 0x0, 0x0,
    0x0, 0xdc, 0xe4, 0x0, 0x0, 0x0, 0x0, 0x0,
    0x0, 0x0, 0xdc, 0xe4, 0x0, 0x0, 0x0, 0x0,
    0x0, 0x0, 0x0, 0xdc, 0xe4, 0x0, 0x0, 0x0,
    0x0, 0x0, 0x0, 0x0, 0xdc, 0xe4, 0x0, 0x0,
    0x0, 0x0, 0x0, 0x0, 0x0, 0xdc, 0xe4, 0x0,
    0x0, 0x0, 0x0, 0x0, 0x0, 0x0, 0xdc, 0xe4,
    0x0, 0x0, 0x0, 0x0, 0x5e, 0x7c, 0x7c, 0xed,
    0xf1, 0x7c, 0x7c, 0x62, 0x0, 0xc4, 0xff, 0xff,
    0xff, 0xff, 0xff, 0xff, 0xcc,

    /* U+0032 "2" */
    0x23, 0x7d, 0xc6, 0xeb, 0xf1, 0xcf, 0x76, 0xa,
    0x0, 0x98, 0xfc, 0xc0, 0x8b, 0x8a, 0xce, 0xff,
    0xcc, 0x7, 0x46, 0x1c, 0x0, 0x0, 0x0, 0x1,
    0xa8, 0xff, 0x62, 0x0, 0x0, 0x0, 0x0, 0x0,
    0x0, 0x44, 0xff, 0x8d, 0x0, 0x0, 0x0, 0x0,
    0x0, 0x0, 0x5a, 0xff, 0x72, 0x0, 0x0, 0x0,
    0x0, 0x0, 0x7, 0xd3, 0xf4, 0x19, 0x0, 0x0,
    0x0, 0x0, 0x1, 0xa5, 0xff, 0x61, 0x0, 0x0,
    0x0, 0x0, 0x1, 0x9a, 0xff, 0x7a, 0x0, 0x0,
    0x0, 0x0, 0x2, 0x9c, 0xff, 0x7b, 0x0, 0x0,
    0x0, 0x0, 0x2, 0xa0, 0xff, 0x7b, 0x0, 0x0,
    0x0, 0x0, 0x3, 0xa4, 0xff, 0x79, 0x0, 0x0,
    0x0, 0x0, 0x0, 0x8d, 0xff, 0xd9, 0x7c, 0x7c,
    0x7c, 0x7c, 0x7c, 0x51, 0xb0, 0xff, 0xff, 0xff,
    0xff, 0xff, 0xff, 0xff, 0xa8,

    /* U+0033 "3" */
    0x1b, 0x99, 0xd0, 0xed, 0xf7, 0xdb, 0x9a, 0x22,
    0x0, 0x0, 0x3b, 0xdc, 0xa7, 0x8b, 0x85, 0xad,
    0xf9, 0xf1, 0x29, 0x0, 0x0, 0x0, 0x0, 0x0,
    0x0, 0x0, 0x52, 0xff, 0x96, 0x0, 0x0, 0x0,
    0x0, 0x0, 0x0, 0x0, 0x25, 0xff, 0xa7, 0x0,
    0x0, 0x0, 0xb, 0x20, 0x26, 0x4a, 0xc8, 0xff,
    0x5d, 0x0, 0x0, 0x0, 0x5c, 0xff, 0xff, 0xff,
    0xe8, 0x71, 0x0, 0x0, 0x0, 0x0, 0x1c, 0x50,
    0x5b, 0x8a, 0xda, 0x7f, 0x3, 0x0, 0x0, 0x0,
    0x0, 0x0, 0x0, 0x0, 0x33, 0xfc, 0x88, 0x0,
    0x0, 0x0, 0x0, 0x0, 0x0, 0x0, 0x0, 0xd2,
    0xe9, 0x0, 0x0, 0x0, 0x0, 0x0, 0x0, 0x0,
    0x0, 0xdf, 0xf9, 0x0, 0x27, 0x3, 0x0, 0x0,
    0x0, 0x0, 0x5e, 0xff, 0xc1, 0x0, 0xa0, 0xe3,
    0xa4, 0x86, 0x8f, 0xc2, 0xff, 0xf1, 0x32, 0x0,
    0x47, 0xaa, 0xdf, 0xf7, 0xf8, 0xd9, 0x95, 0x20,
    0x0, 0x0,

    /* U+0034 "4" */
    0x0, 0x0, 0x0, 0x0, 0x0, 0x11, 0xe8, 0xff,
    0x90, 0x0, 0x0, 0x0, 0x0, 0x0, 0x0, 0x0,
    0x9c, 0xf3, 0xff, 0x90, 0x0, 0x0, 0x0, 0x0,
    0x0, 0x0, 0x3f, 0xfe, 0x74, 0xff, 0x90, 0x0,
    0x0, 0x0, 0x0, 0x0, 0x7, 0xd9, 0xa1, 0x34,
    0xff, 0x90, 0x0, 0x0, 0x0, 0x0, 0x0, 0x84,
    0xee, 0x15, 0x34, 0xff, 0x90, 0x0, 0x0, 0x0,
    0x0, 0x2c, 0xfa, 0x65, 0x0, 0x34, 0xff, 0x90,
    0x0, 0x0, 0x0, 0x2, 0xc6, 0xc6, 0x1, 0x0,
    0x34, 0xff, 0x90, 0x0, 0x0, 0x0, 0x6c, 0xfb,
    0x2e, 0x0, 0x0, 0x34, 0xff, 0x90, 0x0, 0x0,
    0xf, 0xf2, 0xa6, 0x24, 0x24, 0x24, 0x50, 0xff,
    0x9f, 0x24, 0xf, 0x20, 0xff, 0xff, 0xff, 0xff,
    0xff, 0xff, 0xff, 0xff, 0xff, 0x70, 0xa, 0x54,
    0x54, 0x54, 0x54, 0x54, 0x76, 0xff, 0xb4, 0x54,
    0x24, 0x0, 0x0, 0x0, 0x0, 0x0, 0x0, 0x34,
    0xff, 0x90, 0x0, 0x0, 0x0, 0x0, 0x0, 0x0,
    0x0, 0x0, 0x34, 0xff, 0x90, 0x0, 0x0,

    /* U+0035 "5" */
    0x10, 0xff, 0xff, 0xff, 0xff, 0xff, 0xff, 0xe8,
    0x0, 0x10, 0xff, 0xc6, 0x7c, 0x7c, 0x7c, 0x7c,
    0x70, 0x0, 0x10, 0xff, 0x90, 0x0, 0x0, 0x0,
    0x0, 0x0, 0x0, 0x10, 0xff, 0x90, 0x14, 0x1b,
    0x4, 0x0, 0x0, 0x0, 0x10, 0xff, 0xf8, 0xff,
    0xff, 0xf4, 0xa1, 0x15, 0x0, 0xf, 0xcf, 0x81,
    0x5f, 0x70, 0xbe, 0xff, 0xdb, 0x10, 0x0, 0x0,
    0x0, 0x0, 0x0, 0x0, 0x92, 0xff, 0x81, 0x0,
    0x0, 0x0, 0x0, 0x0, 0x0, 0xf, 0xff, 0xc7,
    0x0, 0x0, 0x0, 0x0, 0x0, 0x0, 0x0, 0xef,
    0xda, 0x0, 0x0, 0x0, 0x0, 0x0, 0x0, 0x19,
    0xff, 0xc2, 0x26, 0x4, 0x0, 0x0, 0x0, 0x7,
    0xac, 0xff, 0x74, 0x9c, 0xe4, 0xa2, 0x86, 0x96,
    0xdd, 0xff, 0xc5, 0x8, 0x4f, 0xb4, 0xe3, 0xf8,
    0xf5, 0xce, 0x77, 0x7, 0x0,

    /* U+0036 "6" */
    0x0, 0x0, 0x11, 0x8a, 0xdb, 0xf8, 0xec, 0xbe,
    0x40, 0x0, 0x0, 0x1f, 0xdf, 0xfc, 0xb2, 0x88,
    0x8e, 0xb7, 0x6e, 0x0, 0x0, 0xc3, 0xee, 0x35,
    0x0, 0x0, 0x0, 0x0, 0x0, 0x0, 0x3e, 0xff,
    0x75, 0x0, 0x8, 0xe, 0x0, 0x0, 0x0, 0x0,
    0x88, 0xff, 0x4f, 0xbb, 0xfe, 0xff, 0xde, 0x65,
    0x0, 0x0, 0xaf, 0xff, 0xea, 0xc3, 0x5e, 0x65,
    0xd4, 0xff, 0x70, 0x0, 0xbc, 0xff, 0xd6, 0x4,
    0x0, 0x0, 0xf, 0xec, 0xf0, 0x8, 0xb3, 0xff,
    0x79, 0x0, 0x0, 0x0, 0x0, 0x99, 0xff, 0x38,
    0x97, 0xff, 0x60, 0x0, 0x0, 0x0, 0x0, 0x80,
    0xff, 0x4a, 0x5f, 0xff, 0x7e, 0x0, 0x0, 0x0,
    0x0, 0x9e, 0xff, 0x33, 0x10, 0xf1, 0xe0, 0xc,
    0x0, 0x0, 0x1a, 0xf2, 0xe4, 0x4, 0x0, 0x62,
    0xff, 0xd7, 0x7a, 0x80, 0xe4, 0xfc, 0x50, 0x0,
    0x0, 0x0, 0x4e, 0xc6, 0xf5, 0xf4, 0xbe, 0x41,
    0x0, 0x0,

    /* U+0037 "7" */
    0x84, 0xff, 0xff, 0xff, 0xff, 0xff, 0xff, 0xff,
    0xe8, 0x3f, 0x7c, 0x7c, 0x7c, 0x7c, 0x7c, 0xa6,
    0xff, 0xa1, 0x0, 0x0, 0x0, 0x0, 0x0, 0x0,
    0x9e, 0xff, 0x3d, 0x0, 0x0, 0x0, 0x0, 0x0,
    0xc, 0xf4, 0xd9, 0x0, 0x0, 0x0, 0x0, 0x0,
    0x0, 0x65, 0xff, 0x76, 0x0, 0x0, 0x0, 0x0,
    0x0, 0x0, 0xc9, 0xfb, 0x17, 0x0, 0x0, 0x0,
    0x0, 0x0, 0x2c, 0xff, 0xaf, 0x0, 0x0, 0x0,
    0x0, 0x0, 0x0, 0x90, 0xff, 0x4b, 0x0, 0x0,
    0x0, 0x0, 0x0, 0x7, 0xec, 0xe4, 0x3, 0x0,
    0x0, 0x0, 0x0, 0x0, 0x57, 0xff, 0x84, 0x0,
    0x0, 0x0, 0x0, 0x0, 0x0, 0xbb, 0xfe, 0x22,
    0x0, 0x0, 0x0, 0x0, 0x0, 0x20, 0xfe, 0xbd,
    0x0, 0x0, 0x0, 0x0, 0x0, 0x0, 0x82, 0xff,
    0x59, 0x0, 0x0, 0x0, 0x0,

    /* U+0038 "8" */
    0x0, 0x15, 0x8c, 0xd8, 0xf6, 0xe8, 0xbf, 0x53,
    0x0, 0x0, 0xc, 0xdd, 0xfb, 0x9d, 0x6d, 0x7e,
    0xdd, 0xff, 0x74, 0x0, 0x5d, 0xff, 0x7d, 0x0,
    0x0, 0x0, 0x13, 0xf7, 0xdb, 0x0, 0x6c, 0xff,
    0x62, 0x0, 0x0, 0x0, 0x1, 0xec, 0xd1, 0x0,
    0x2a, 0xfc, 0xe3, 0x51, 0x20, 0x32, 0xa3, 0xfa,
    0x51, 0x0, 0x0, 0x58, 0xe5, 0xff, 0xff, 0xff,
    0xe8, 0x3f, 0x0, 0x0, 0x0, 0x42, 0xbd, 0x8e,
    0x54, 0x69, 0xd6, 0xf2, 0x40, 0x0, 0x3c, 0xfc,
    0x66, 0x0, 0x0, 0x0, 0xf, 0xe6, 0xe0, 0x4,
    0xa9, 0xff, 0x12, 0x0, 0x0, 0x0, 0x0, 0x9f,
    0xff, 0x26, 0xc1, 0xff, 0x16, 0x0, 0x0, 0x0,
    0x0, 0xa4, 0xff, 0x2b, 0x97, 0xff, 0x77, 0x0,
    0x0, 0x0, 0x19, 0xee, 0xf0, 0x5, 0x24, 0xf0,
    0xfe, 0xa8, 0x6f, 0x84, 0xe8, 0xff, 0x6c, 0x0,
    0x0, 0x1e, 0x99, 0xd9, 0xf7, 0xf2, 0xc1, 0x52,
    0x0, 0x0,

    /* U+0039 "9" */
    0x0, 0x17, 0x98, 0xe4, 0xfa, 0xe1, 0x8c, 0xd,
    0x0, 0x0, 0x15, 0xe0, 0xfd, 0x9d, 0x6f, 0x9b,
    0xfc, 0xc8, 0x6, 0x0, 0x8d, 0xff, 0x67, 0x0,
    0x0, 0x0, 0x62, 0xff, 0x6f, 0x0, 0xcd, 0xfd,
    0x7, 0x0, 0x0, 0x0, 0x3, 0xfa, 0xce, 0x0,
    0xd4, 0xf8, 0x1, 0x0, 0x0, 0x0, 0x0, 0xf2,
    0xfc, 0x8, 0xaa, 0xff, 0x3a, 0x0, 0x0, 0x0,
    0x35, 0xff, 0xff, 0x22, 0x3b, 0xfd, 0xdf, 0x50,
    0x22, 0x4e, 0xdd, 0xf9, 0xff, 0x2c, 0x0, 0x56,
    0xe8, 0xff, 0xff, 0xfe, 0xa0, 0xae, 0xff, 0x1e,
    0x0, 0x0, 0x5, 0x33, 0x41, 0x1b, 0x0, 0xd6,
    0xf3, 0x3, 0x0, 0x0, 0x0, 0x0, 0x0, 0x0,
    0x2d, 0xff, 0xad, 0x0, 0x0, 0x6, 0x0, 0x0,
    0x0, 0xd, 0xc6, 0xfd, 0x36, 0x0, 0x4, 0xed,
    0xa5, 0x84, 0x95, 0xe6, 0xff, 0x6f, 0x0, 0x0,
    0x1, 0x9d, 0xdb, 0xf7, 0xee, 0xb6, 0x42, 0x0,
    0x0, 0x0,

    /* U+003A ":" */
    0x31, 0x36, 0xe4, 0xf8, 0xe4, 0xf8, 0x0, 0x0,
    0x0, 0x0, 0x0, 0x0, 0x0, 0x0, 0x31, 0x36,
    0xe4, 0xf8, 0xe4, 0xf8,

    /* U+003B ";" */
    0x0, 0x31, 0x36, 0x0, 0xe4, 0xf8, 0x0, 0xe4,
    0xf8, 0x0, 0x0, 0x0, 0x0, 0x0, 0x0, 0x0,
    0x0, 0x0, 0x0, 0x0, 0x0, 0x0, 0x43, 0x49,
    0x0, 0xe4, 0xf8, 0x4, 0xf4, 0xcd, 0x3a, 0xff,
    0x4b, 0x7b, 0xc6, 0x0,

    /* U+003C "<" */
    0x0, 0x0, 0x0, 0x0, 0x0, 0x0, 0x0, 0x0,
    0x0, 0x0, 0x0, 0x23, 0xf, 0x0, 0x0, 0x0,
    0x0, 0x0, 0x0, 0x0, 0x0, 0x13, 0x6a, 0xc6,
    0xff, 0x2c, 0x0, 0x0, 0x0, 0x0, 0x0, 0x8,
    0x56, 0xb2, 0xfa, 0xff, 0xcc, 0x71, 0xa, 0x0,
    0x0, 0x2, 0x42, 0x9e, 0xf1, 0xff, 0xda, 0x81,
    0x26, 0x0, 0x0, 0x0, 0x8, 0x8a, 0xe4, 0xff,
    0xe7, 0x90, 0x35, 0x0, 0x0, 0x0, 0x0, 0x0,
    0x0, 0x18, 0xff, 0xff, 0xb8, 0x1f, 0x0, 0x0,
    0x0, 0x0, 0x0, 0x0, 0x0, 0x0, 0x3, 0x57,
    0xb3, 0xfb, 0xfe, 0xc0, 0x66, 0x12, 0x0, 0x0,
    0x0, 0x0, 0x0, 0x0, 0x0, 0x0, 0x14, 0x6c,
    0xc8, 0xff, 0xfa, 0xb2, 0x58, 0xa, 0x0, 0x0,
    0x0, 0x0, 0x0, 0x0, 0x0, 0x0, 0x25, 0x81,
    0xdc, 0xff, 0xf3, 0xa4, 0x13, 0x0, 0x0, 0x0,
    0x0, 0x0, 0x0, 0x0, 0x0, 0x0, 0x3a, 0x96,
    0xec, 0x2c, 0x0, 0x0, 0x0, 0x0, 0x0, 0x0,
    0x0, 0x0, 0x0, 0x0, 0x0, 0x5, 0x6,

    /* U+003D "=" */
    0x3, 0x24, 0x24, 0x24, 0x24, 0x24, 0x24, 0x24,
    0x24, 0x24, 0x24, 0x24, 0x6, 0x18, 0xff, 0xff,
    0xff, 0xff, 0xff, 0xff, 0xff, 0xff, 0xff, 0xff,
    0xff, 0x2c, 0x7, 0x54, 0x54, 0x54, 0x54, 0x54,
    0x54, 0x54, 0x54, 0x54, 0x54, 0x54, 0xe, 0x0,
    0x0, 0x0, 0x0, 0x0, 0x0, 0x0, 0x0, 0x0,
    0x0, 0x0, 0x0, 0x0, 0x3, 0x28, 0x28, 0x28,
    0x28, 0x28, 0x28, 0x28, 0x28, 0x28, 0x28, 0x28,
    0x6, 0x18, 0xff, 0xff, 0xff, 0xff, 0xff, 0xff,
    0xff, 0xff, 0xff, 0xff, 0xff, 0x2c, 0x7, 0x54,
    0x54, 0x54, 0x54, 0x54, 0x54, 0x54, 0x54, 0x54,
    0x54, 0x54, 0xe,

    /* U+003E ">" */
    0x8, 0x29, 0x0, 0x0, 0x0, 0x0, 0x0, 0x0,
    0x0, 0x0, 0x0, 0x0, 0x0, 0x18, 0xff, 0xcd,
    0x71, 0x18, 0x0, 0x0, 0x0, 0x0, 0x0, 0x0,
    0x0, 0x0, 0x5, 0x6a, 0xc5, 0xfe, 0xfc, 0xb9,
    0x5d, 0xc, 0x0, 0x0, 0x0, 0x0, 0x0, 0x0,
    0x0, 0x0, 0x20, 0x7a, 0xd4, 0xff, 0xf5, 0xa5,
    0x49, 0x4, 0x0, 0x0, 0x0, 0x0, 0x0, 0x0,
    0x0, 0x0, 0x2f, 0x8a, 0xe2, 0xff, 0xe9, 0x91,
    0xf, 0x0, 0x0, 0x0, 0x0, 0x0, 0x0, 0x0,
    0x0, 0x19, 0xae, 0xff, 0xff, 0x2c, 0x0, 0x0,
    0x0, 0x0, 0x0, 0xe, 0x60, 0xba, 0xfc, 0xfd,
    0xbb, 0x5e, 0x6, 0x0, 0x0, 0x7, 0x51, 0xac,
    0xf7, 0xff, 0xd0, 0x73, 0x19, 0x0, 0x0, 0x0,
    0xa, 0x9d, 0xf0, 0xff, 0xe2, 0x88, 0x2b, 0x0,
    0x0, 0x0, 0x0, 0x0, 0x0, 0x18, 0xf1, 0x9d,
    0x41, 0x1, 0x0, 0x0, 0x0, 0x0, 0x0, 0x0,
    0x0, 0x0, 0x4, 0x8, 0x0, 0x0, 0x0, 0x0,
    0x0, 0x0, 0x0, 0x0, 0x0, 0x0, 0x0,

    /* U+003F "?" */
    0x23, 0x94, 0xd3, 0xf4, 0xe3, 0x9b, 0x17, 0x0,
    0xb4, 0xe3, 0x8f, 0x74, 0xad, 0xff, 0xcc, 0x4,
    0x41, 0x5, 0x0, 0x0, 0x0, 0xab, 0xff, 0x31,
    0x0, 0x0, 0x0, 0x0, 0x0, 0x99, 0xff, 0x38,
    0x0, 0x0, 0x0, 0x0, 0x38, 0xf5, 0xc9, 0x2,
    0x0, 0x0, 0x0, 0x3d, 0xf2, 0xd5, 0x17, 0x0,
    0x0, 0x0, 0x1b, 0xf0, 0xd5, 0x14, 0x0, 0x0,
    0x0, 0x0, 0x6f, 0xff, 0x45, 0x0, 0x0, 0x0,
    0x0, 0x0, 0x83, 0xff, 0x2c, 0x0, 0x0, 0x0,
    0x0, 0x0, 0x46, 0x88, 0x17, 0x0, 0x0, 0x0,
    0x0, 0x0, 0x1f, 0x38, 0xc, 0x0, 0x0, 0x0,
    0x0, 0x0, 0x90, 0xff, 0x38, 0x0, 0x0, 0x0,
    0x0, 0x0, 0x90, 0xff, 0x38, 0x0, 0x0, 0x0,

    /* U+0040 "@" */
    0x0, 0x0, 0x0, 0x0, 0x0, 0x0, 0x0, 0x0,
    0x2, 0x0, 0x0, 0x0, 0x0, 0x0, 0x0, 0x0,
    0x0, 0x0, 0x0, 0x0, 0x28, 0x8f, 0xd5, 0xf6,
    0xfd, 0xe7, 0xb2, 0x5b, 0x3, 0x0, 0x0, 0x0,
    0x0, 0x0, 0x7, 0x94, 0xfd, 0xbf, 0x70, 0x45,
    0x3f, 0x57, 0x97, 0xed, 0xd0, 0x2e, 0x0, 0x0,
    0x0, 0x6, 0xbf, 0xe6, 0x41, 0x0, 0x0, 0x0,
    0x0, 0x0, 0x0, 0x11, 0xa2, 0xed, 0x31, 0x0,
    0x0, 0x91, 0xe6, 0x1b, 0x0, 0x0, 0x0, 0x2,
    0x0, 0x0, 0x4, 0x6, 0x1, 0x9d, 0xdb, 0x6,
    0x23, 0xfb, 0x47, 0x0, 0x0, 0x41, 0xd0, 0xfe,
    0xed, 0x8e, 0x8a, 0xc0, 0x0, 0xb, 0xec, 0x5b,
    0x7c, 0xd2, 0x0, 0x0, 0x1f, 0xf5, 0xc0, 0x4e,
    0x4c, 0xb9, 0xf7, 0xc0, 0x0, 0x0, 0xa3, 0xa2,
    0xb4, 0x8e, 0x0, 0x0, 0x86, 0xea, 0xb, 0x0,
    0x0, 0x7, 0xe1, 0xc0, 0x0, 0x0, 0x8b, 0xba,
    0xca, 0x73, 0x0, 0x0, 0xa9, 0xbe, 0x0, 0x0,
    0x0, 0x0, 0xae, 0xc0, 0x0, 0x0, 0xa9, 0xa4,
    0xbb, 0x82, 0x0, 0x0, 0x8f, 0xdf, 0x2, 0x0,
    0x0, 0x0, 0xd2, 0xc0, 0x0, 0x19, 0xf5, 0x58,
    0x8f, 0xbb, 0x0, 0x0, 0x36, 0xfd, 0x96, 0x1e,
    0x1b, 0x8a, 0xff, 0xc4, 0x45, 0xd7, 0xb9, 0x2,
    0x3e, 0xfb, 0x28, 0x0, 0x0, 0x62, 0xf3, 0xff,
    0xff, 0xbe, 0x99, 0xff, 0xed, 0x84, 0x7, 0x0,
    0x0, 0xbb, 0xc6, 0x8, 0x0, 0x0, 0x6, 0x2b,
    0x1e, 0x0, 0x1a, 0x24, 0x2, 0x0, 0x0, 0x0,
    0x0, 0x1a, 0xe3, 0xbc, 0x14, 0x0, 0x0, 0x0,
    0x0, 0x0, 0x0, 0x12, 0x47, 0x0, 0x0, 0x0,
    0x0, 0x0, 0x21, 0xce, 0xef, 0x86, 0x39, 0x15,
    0x10, 0x33, 0x81, 0xeb, 0xd2, 0x5, 0x0, 0x0,
    0x0, 0x0, 0x0, 0x5, 0x65, 0xcb, 0xfd, 0xff,
    0xff, 0xff, 0xd3, 0x6e, 0x8, 0x0, 0x0, 0x0,
    0x0, 0x0, 0x0, 0x0, 0x0, 0x0, 0xf, 0x2b,
    0x2f, 0x13, 0x0, 0x0, 0x0, 0x0, 0x0, 0x0,

    /* U+0041 "A" */
    0x0, 0x0, 0x0, 0x0, 0x11, 0xf8, 0xff, 0x58,
    0x0, 0x0, 0x0, 0x0, 0x0, 0x0, 0x0, 0x0,
    0x0, 0x6c, 0xfe, 0xde, 0xbb, 0x0, 0x0, 0x0,
    0x0, 0x0, 0x0, 0x0, 0x0, 0x0, 0xcf, 0xbd,
    0x6e, 0xfe, 0x20, 0x0, 0x0, 0x0, 0x0, 0x0,
    0x0, 0x0, 0x32, 0xff, 0x5e, 0x14, 0xfa, 0x81,
    0x0, 0x0, 0x0, 0x0, 0x0, 0x0, 0x0, 0x95,
    0xf4, 0xb, 0x0, 0xb0, 0xe1, 0x2, 0x0, 0x0,
    0x0, 0x0, 0x0, 0x8, 0xee, 0xa0, 0x0, 0x0,
    0x51, 0xff, 0x46, 0x0, 0x0, 0x0, 0x0, 0x0,
    0x5a, 0xff, 0x41, 0x0, 0x0, 0x5, 0xeb, 0xa9,
    0x0, 0x0, 0x0, 0x0, 0x0, 0xbd, 0xea, 0x25,
    0x24, 0x24, 0x24, 0xa7, 0xf9, 0x13, 0x0, 0x0,
    0x0, 0x21, 0xfe, 0xff, 0xff, 0xff, 0xff, 0xff,
    0xff, 0xff, 0x6f, 0x0, 0x0, 0x0, 0x82, 0xff,
    0x64, 0x54, 0x54, 0x54, 0x54, 0x54, 0xd8, 0xd1,
    0x0, 0x0, 0x2, 0xe2, 0xd2, 0x0, 0x0, 0x0,
    0x0, 0x0, 0x0, 0x7f, 0xff, 0x34, 0x0, 0x48,
    0xff, 0x7f, 0x0, 0x0, 0x0, 0x0, 0x0, 0x0,
    0x2c, 0xff, 0x97, 0x0, 0xab, 0xff, 0x2d, 0x0,
    0x0, 0x0, 0x0, 0x0, 0x0, 0x0, 0xd9, 0xf0,
    0x9,

    /* U+0042 "B" */
    0x3c, 0xff, 0xff, 0xff, 0xff, 0xf8, 0xde, 0xa1,
    0x2a, 0x0, 0x0, 0x3c, 0xff, 0xbe, 0x70, 0x70,
    0x78, 0xa4, 0xfa, 0xf4, 0x23, 0x0, 0x3c, 0xff,
    0x8c, 0x0, 0x0, 0x0, 0x0, 0x73, 0xff, 0x79,
    0x0, 0x3c, 0xff, 0x8c, 0x0, 0x0, 0x0, 0x0,
    0x53, 0xff, 0x73, 0x0, 0x3c, 0xff, 0x98, 0x1c,
    0x1c, 0x23, 0x4d, 0xd9, 0xee, 0x1d, 0x0, 0x3c,
    0xff, 0xff, 0xff, 0xff, 0xff, 0xff, 0xd6, 0x2a,
    0x0, 0x0, 0x3c, 0xff, 0xae, 0x4c, 0x4c, 0x52,
    0x77, 0xe4, 0xe3, 0x26, 0x0, 0x3c, 0xff, 0x8c,
    0x0, 0x0, 0x0, 0x0, 0x28, 0xfc, 0xb8, 0x0,
    0x3c, 0xff, 0x8c, 0x0, 0x0, 0x0, 0x0, 0x0,
    0xdc, 0xfa, 0x3, 0x3c, 0xff, 0x8c, 0x0, 0x0,
    0x0, 0x0, 0x0, 0xe3, 0xff, 0xa, 0x3c, 0xff,
    0x8c, 0x0, 0x0, 0x0, 0x0, 0x3d, 0xff, 0xd7,
    0x0, 0x3c, 0xff, 0xc0, 0x74, 0x74, 0x79, 0x9e,
    0xf7, 0xfd, 0x4e, 0x0, 0x3c, 0xff, 0xff, 0xff,
    0xff, 0xfe, 0xec, 0xb3, 0x3d, 0x0, 0x0,

    /* U+0043 "C" */
    0x0, 0x0, 0x9, 0x6e, 0xc2, 0xed, 0xfa, 0xe8,
    0xb4, 0x59, 0x2, 0x0, 0x22, 0xd7, 0xff, 0xcf,
    0x89, 0x75, 0x89, 0xc9, 0xff, 0x8b, 0x8, 0xd5,
    0xfe, 0x66, 0x0, 0x0, 0x0, 0x0, 0x0, 0x3f,
    0x78, 0x69, 0xff, 0x93, 0x0, 0x0, 0x0, 0x0,
    0x0, 0x0, 0x0, 0x0, 0xbd, 0xff, 0x29, 0x0,
    0x0, 0x0, 0x0, 0x0, 0x0, 0x0, 0x0, 0xe9,
    0xf5, 0x0, 0x0, 0x0, 0x0, 0x0, 0x0, 0x0,
    0x0, 0x0, 0xf7, 0xe8, 0x0, 0x0, 0x0, 0x0,
    0x0, 0x0, 0x0, 0x0, 0x0, 0xe9, 0xf5, 0x0,
    0x0, 0x0, 0x0, 0x0, 0x0, 0x0, 0x0, 0x0,
    0xbd, 0xff, 0x29, 0x0, 0x0, 0x0, 0x0, 0x0,
    0x0, 0x0, 0x0, 0x6a, 0xff, 0x92, 0x0, 0x0,
    0x0, 0x0, 0x0, 0x0, 0x0, 0x0, 0x8, 0xd6,
    0xfd, 0x62, 0x0, 0x0, 0x0, 0x0, 0x0, 0x40,
    0x78, 0x0, 0x22, 0xd7, 0xff, 0xce, 0x88, 0x74,
    0x88, 0xc9, 0xff, 0x89, 0x0, 0x0, 0xa, 0x6f,
    0xc3, 0xee, 0xfb, 0xe9, 0xb3, 0x55, 0x1,

    /* U+0044 "D" */
    0x3c, 0xff, 0xff, 0xff, 0xfd, 0xef, 0xd6, 0xa3,
    0x4d, 0x2, 0x0, 0x0, 0x3c, 0xff, 0xbe, 0x70,
    0x70, 0x7c, 0xa1, 0xe9, 0xff, 0xc2, 0x15, 0x0,
    0x3c, 0xff, 0x8c, 0x0, 0x0, 0x0, 0x0, 0x7,
    0x91, 0xff, 0xc2, 0x0, 0x3c, 0xff, 0x8c, 0x0,
    0x0, 0x0, 0x0, 0x0, 0x0, 0xbe, 0xff, 0x48,
    0x3c, 0xff, 0x8c, 0x0, 0x0, 0x0, 0x0, 0x0,
    0x0, 0x56, 0xff, 0x93, 0x3c, 0xff, 0x8c, 0x0,
    0x0, 0x0, 0x0, 0x0, 0x0, 0x26, 0xff, 0xb9,
    0x3c, 0xff, 0x8c, 0x0, 0x0, 0x0, 0x0, 0x0,
    0x0, 0x18, 0xff, 0xc7, 0x3c, 0xff, 0x8c, 0x0,
    0x0, 0x0, 0x0, 0x0, 0x0, 0x27, 0xff, 0xb9,
    0x3c, 0xff, 0x8c, 0x0, 0x0, 0x0, 0x0, 0x0,
    0x0, 0x58, 0xff, 0x92, 0x3c, 0xff, 0x8c, 0x0,
    0x0, 0x0, 0x0, 0x0, 0x1, 0xc0, 0xff, 0x47,
    0x3c, 0xff, 0x8c, 0x0, 0x0, 0x0, 0x0, 0x8,
    0x94, 0xff, 0xc0, 0x0, 0x3c, 0xff, 0xc0, 0x74,
    0x74, 0x7f, 0xa4, 0xeb, 0xff, 0xc1, 0x13, 0x0,
    0x3c, 0xff, 0xff, 0xff, 0xfd, 0xf1, 0xd7, 0xa3,
    0x4d, 0x1, 0x0, 0x0,

    /* U+0045 "E" */
    0x3c, 0xff, 0xff, 0xff, 0xff, 0xff, 0xff, 0xff,
    0xff, 0x10, 0x3c, 0xff, 0xc4, 0x7c, 0x7c, 0x7c,
    0x7c, 0x7c, 0x7c, 0x7, 0x3c, 0xff, 0x8c, 0x0,
    0x0, 0x0, 0x0, 0x0, 0x0, 0x0, 0x3c, 0xff,
    0x8c, 0x0, 0x0, 0x0, 0x0, 0x0, 0x0, 0x0,
    0x3c, 0xff, 0x9c, 0x24, 0x24, 0x24, 0x24, 0x24,
    0x1c, 0x0, 0x3c, 0xff, 0xff, 0xff, 0xff, 0xff,
    0xff, 0xff, 0xcc, 0x0, 0x3c, 0xff, 0xb2, 0x54,
    0x54, 0x54, 0x54, 0x54, 0x42, 0x0, 0x3c, 0xff,
    0x8c, 0x0, 0x0, 0x0, 0x0, 0x0, 0x0, 0x0,
    0x3c, 0xff, 0x8c, 0x0, 0x0, 0x0, 0x0, 0x0,
    0x0, 0x0, 0x3c, 0xff, 0x8c, 0x0, 0x0, 0x0,
    0x0, 0x0, 0x0, 0x0, 0x3c, 0xff, 0x8c, 0x0,
    0x0, 0x0, 0x0, 0x0, 0x0, 0x0, 0x3c, 0xff,
    0xc4, 0x7c, 0x7c, 0x7c, 0x7c, 0x7c, 0x7c, 0x1b,
    0x3c, 0xff, 0xff, 0xff, 0xff, 0xff, 0xff, 0xff,
    0xff, 0x38,

    /* U+0046 "F" */
    0x3c, 0xff, 0xff, 0xff, 0xff, 0xff, 0xff, 0xff,
    0x50, 0x3c, 0xff, 0xc4, 0x7c, 0x7c, 0x7c, 0x7c,
    0x7c, 0x26, 0x3c, 0xff, 0x8c, 0x0, 0x0, 0x0,
    0x0, 0x0, 0x0, 0x3c, 0xff, 0x8c, 0x0, 0x0,
    0x0, 0x0, 0x0, 0x0, 0x3c, 0xff, 0x9c, 0x24,
    0x24, 0x24, 0x24, 0x1b, 0x0, 0x3c, 0xff, 0xff,
    0xff, 0xff, 0xff, 0xff, 0xc0, 0x0, 0x3c, 0xff,
    0xb2, 0x54, 0x54, 0x54, 0x54, 0x3f, 0x0, 0x3c,
    0xff, 0x8c, 0x0, 0x0, 0x0, 0x0, 0x0, 0x0,
    0x3c, 0xff, 0x8c, 0x0, 0x0, 0x0, 0x0, 0x0,
    0x0, 0x3c, 0xff, 0x8c, 0x0, 0x0, 0x0, 0x0,
    0x0, 0x0, 0x3c, 0xff, 0x8c, 0x0, 0x0, 0x0,
    0x0, 0x0, 0x0, 0x3c, 0xff, 0x8c, 0x0, 0x0,
    0x0, 0x0, 0x0, 0x0, 0x3c, 0xff, 0x8c, 0x0,
    0x0, 0x0, 0x0, 0x0, 0x0,

    /* U+0047 "G" */
    0x0, 0x0, 0x8, 0x69, 0xbd, 0xeb, 0xfb, 0xef,
    0xc8, 0x83, 0x1e, 0x0, 0x0, 0x20, 0xd4, 0xff,
    0xd2, 0x8d, 0x75, 0x80, 0xaf, 0xf4, 0xf8, 0x19,
    0x8, 0xd4, 0xfd, 0x65, 0x0, 0x0, 0x0, 0x0,
    0x0, 0xf, 0x86, 0x1c, 0x69, 0xff, 0x90, 0x0,
    0x0, 0x0, 0x0, 0x0, 0x0, 0x0, 0x0, 0x0,
    0xbd, 0xff, 0x27, 0x0, 0x0, 0x0, 0x0, 0x0,
    0x0, 0x0, 0x0, 0x0, 0xe9, 0xf5, 0x0, 0x0,
    0x0, 0x0, 0x6, 0x20, 0x20, 0x20, 0x20, 0xf,
    0xf7, 0xe8, 0x0, 0x0, 0x0, 0x0, 0x30, 0xff,
    0xff, 0xff, 0xff, 0x78, 0xe9, 0xf5, 0x0, 0x0,
    0x0, 0x0, 0xf, 0x50, 0x50, 0x81, 0xff, 0x78,
    0xbd, 0xff, 0x27, 0x0, 0x0, 0x0, 0x0, 0x0,
    0x0, 0x48, 0xff, 0x78, 0x69, 0xff, 0x8e, 0x0,
    0x0, 0x0, 0x0, 0x0, 0x0, 0x48, 0xff, 0x78,
    0x8, 0xd5, 0xfd, 0x61, 0x0, 0x0, 0x0, 0x0,
    0x0, 0x4b, 0xff, 0x78, 0x0, 0x20, 0xd4, 0xff,
    0xd1, 0x8c, 0x75, 0x82, 0xa8, 0xf6, 0xf9, 0x52,
    0x0, 0x0, 0x8, 0x6a, 0xbe, 0xec, 0xfb, 0xf0,
    0xca, 0x85, 0x20, 0x0,

    /* U+0048 "H" */
    0x3c, 0xff, 0x8c, 0x0, 0x0, 0x0, 0x0, 0x0,
    0x0, 0xff, 0xc4, 0x3c, 0xff, 0x8c, 0x0, 0x0,
    0x0, 0x0, 0x0, 0x0, 0xff, 0xc4, 0x3c, 0xff,
    0x8c, 0x0, 0x0, 0x0, 0x0, 0x0, 0x0, 0xff,
    0xc4, 0x3c, 0xff, 0x8c, 0x0, 0x0, 0x0, 0x0,
    0x0, 0x0, 0xff, 0xc4, 0x3c, 0xff, 0x9c, 0x24,
    0x24, 0x24, 0x24, 0x24, 0x24, 0xff, 0xc4, 0x3c,
    0xff, 0xff, 0xff, 0xff, 0xff, 0xff, 0xff, 0xff,
    0xff, 0xc4, 0x3c, 0xff, 0xb2, 0x54, 0x54, 0x54,
    0x54, 0x54, 0x54, 0xff, 0xc4, 0x3c, 0xff, 0x8c,
    0x0, 0x0, 0x0, 0x0, 0x0, 0x0, 0xff, 0xc4,
    0x3c, 0xff, 0x8c, 0x0, 0x0, 0x0, 0x0, 0x0,
    0x0, 0xff, 0xc4, 0x3c, 0xff, 0x8c, 0x0, 0x0,
    0x0, 0x0, 0x0, 0x0, 0xff, 0xc4, 0x3c, 0xff,
    0x8c, 0x0, 0x0, 0x0, 0x0, 0x0, 0x0, 0xff,
    0xc4, 0x3c, 0xff, 0x8c, 0x0, 0x0, 0x0, 0x0,
    0x0, 0x0, 0xff, 0xc4, 0x3c, 0xff, 0x8c, 0x0,
    0x0, 0x0, 0x0, 0x0, 0x0, 0xff, 0xc4,

    /* U+0049 "I" */
    0x3c, 0xff, 0x8c, 0x3c, 0xff, 0x8c, 0x3c, 0xff,
    0x8c, 0x3c, 0xff, 0x8c, 0x3c, 0xff, 0x8c, 0x3c,
    0xff, 0x8c, 0x3c, 0xff, 0x8c, 0x3c, 0xff, 0x8c,
    0x3c, 0xff, 0x8c, 0x3c, 0xff, 0x8c, 0x3c, 0xff,
    0x8c, 0x3c, 0xff, 0x8c, 0x3c, 0xff, 0x8c,

    /* U+004A "J" */
    0x0, 0x0, 0x3c, 0xff, 0x8c, 0x0, 0x0, 0x3c,
    0xff, 0x8c, 0x0, 0x0, 0x3c, 0xff, 0x8c, 0x0,
    0x0, 0x3c, 0xff, 0x8c, 0x0, 0x0, 0x3c, 0xff,
    0x8c, 0x0, 0x0, 0x3c, 0xff, 0x8c, 0x0, 0x0,
    0x3c, 0xff, 0x8c, 0x0, 0x0, 0x3c, 0xff, 0x8c,
    0x0, 0x0, 0x3c, 0xff, 0x8c, 0x0, 0x0, 0x3c,
    0xff, 0x8c, 0x0, 0x0, 0x3c, 0xff, 0x8c, 0x0,
    0x0, 0x3c, 0xff, 0x8c, 0x0, 0x0, 0x3d, 0xff,
    0x89, 0x0, 0x0, 0x4d, 0xff, 0x79, 0x0, 0x0,
    0x92, 0xff, 0x4b, 0x77, 0xac, 0xff, 0xdd, 0x6,
    0xef, 0xef, 0xaf, 0x22, 0x0,

    /* U+004B "K" */
    0x3c, 0xff, 0x8c, 0x0, 0x0, 0x0, 0x0, 0x30,
    0xe9, 0xf0, 0x3d, 0x0, 0x3c, 0xff, 0x8c, 0x0,
    0x0, 0x0, 0x3b, 0xf0, 0xe9, 0x31, 0x0, 0x0,
    0x3c, 0xff, 0x8c, 0x0, 0x0, 0x47, 0xf5, 0xe1,
    0x26, 0x0, 0x0, 0x0, 0x3c, 0xff, 0x8c, 0x0,
    0x55, 0xf9, 0xd7, 0x1d, 0x0, 0x0, 0x0, 0x0,
    0x3c, 0xff, 0x8c, 0x64, 0xfd, 0xcc, 0x14, 0x0,
    0x0, 0x0, 0x0, 0x0, 0x3c, 0xff, 0xde, 0xff,
    0xc0, 0xe, 0x0, 0x0, 0x0, 0x0, 0x0, 0x0,
    0x3c, 0xff, 0xf6, 0xff, 0xa2, 0x2, 0x0, 0x0,
    0x0, 0x0, 0x0, 0x0, 0x3c, 0xff, 0x90, 0xab,
    0xff, 0xa3, 0x2, 0x0, 0x0, 0x0, 0x0, 0x0,
    0x3c, 0xff, 0x8c, 0x4, 0xaa, 0xff, 0xa4, 0x3,
    0x0, 0x0, 0x0, 0x0, 0x3c, 0xff, 0x8c, 0x0,
    0x4, 0xa8, 0xff, 0xa6, 0x3, 0x0, 0x0, 0x0,
    0x3c, 0xff, 0x8c, 0x0, 0x0, 0x3, 0xa7, 0xff,
    0xa7, 0x3, 0x0, 0x0, 0x3c, 0xff, 0x8c, 0x0,
    0x0, 0x0, 0x3, 0xa6, 0xff, 0xa8, 0x4, 0x0,
    0x3c, 0xff, 0x8c, 0x0, 0x0, 0x0, 0x0, 0x3,
    0xa5, 0xff, 0xaa, 0x4,

    /* U+004C "L" */
    0x3c, 0xff, 0x8c, 0x0, 0x0, 0x0, 0x0, 0x0,
    0x0, 0x3c, 0xff, 0x8c, 0x0, 0x0, 0x0, 0x0,
    0x0, 0x0, 0x3c, 0xff, 0x8c, 0x0, 0x0, 0x0,
    0x0, 0x0, 0x0, 0x3c, 0xff, 0x8c, 0x0, 0x0,
    0x0, 0x0, 0x0, 0x0, 0x3c, 0xff, 0x8c, 0x0,
    0x0, 0x0, 0x0, 0x0, 0x0, 0x3c, 0xff, 0x8c,
    0x0, 0x0, 0x0, 0x0, 0x0, 0x0, 0x3c, 0xff,
    0x8c, 0x0, 0x0, 0x0, 0x0, 0x0, 0x0, 0x3c,
    0xff, 0x8c, 0x0, 0x0, 0x0, 0x0, 0x0, 0x0,
    0x3c, 0xff, 0x8c, 0x0, 0x0, 0x0, 0x0, 0x0,
    0x0, 0x3c, 0xff, 0x8c, 0x0, 0x0, 0x0, 0x0,
    0x0, 0x0, 0x3c, 0xff, 0x8c, 0x0, 0x0, 0x0,
    0x0, 0x0, 0x0, 0x3c, 0xff, 0xc4, 0x7c, 0x7c,
    0x7c, 0x7c, 0x7c, 0x74, 0x3c, 0xff, 0xff, 0xff,
    0xff, 0xff, 0xff, 0xff, 0xf0,

    /* U+004D "M" */
    0x3c, 0xff, 0xff, 0x98, 0x0, 0x0, 0x0, 0x0,
    0x0, 0x16, 0xfa, 0xff, 0xc4, 0x3c, 0xff, 0xf7,
    0xf0, 0x9, 0x0, 0x0, 0x0, 0x0, 0x72, 0xfb,
    0xfb, 0xc4, 0x3c, 0xff, 0xa6, 0xff, 0x5a, 0x0,
    0x0, 0x0, 0x0, 0xd3, 0xb1, 0xf4, 0xc4, 0x3c,
    0xff, 0x7c, 0xc9, 0xbb, 0x0, 0x0, 0x0, 0x34,
    0xff, 0x50, 0xf4, 0xc4, 0x3c, 0xff, 0x7c, 0x68,
    0xfe, 0x1f, 0x0, 0x0, 0x96, 0xea, 0x5, 0xf4,
    0xc4, 0x3c, 0xff, 0x7c, 0xf, 0xf6, 0x7e, 0x0,
    0x8, 0xee, 0x8e, 0x0, 0xf4, 0xc4, 0x3c, 0xff,
    0x7c, 0x0, 0xa5, 0xde, 0x1, 0x58, 0xff, 0x2c,
    0x0, 0xf4, 0xc4, 0x3c, 0xff, 0x7c, 0x0, 0x44,
    0xff, 0x40, 0xb9, 0xcb, 0x0, 0x0, 0xf4, 0xc4,
    0x3c, 0xff, 0x7c, 0x0, 0x1, 0xe0, 0xbc, 0xfd,
    0x6a, 0x0, 0x0, 0xf4, 0xc4, 0x3c, 0xff, 0x7c,
    0x0, 0x0, 0x81, 0xff, 0xf7, 0x11, 0x0, 0x0,
    0xf4, 0xc4, 0x3c, 0xff, 0x7c, 0x0, 0x0, 0x1c,
    0x80, 0x60, 0x0, 0x0, 0x0, 0xf4, 0xc4, 0x3c,
    0xff, 0x7c, 0x0, 0x0, 0x0, 0x0, 0x0, 0x0,
    0x0, 0x0, 0xf4, 0xc4, 0x3c, 0xff, 0x7c, 0x0,
    0x0, 0x0, 0x0, 0x0, 0x0, 0x0, 0x0, 0xf4,
    0xc4,

    /* U+004E "N" */
    0x3c, 0xff, 0xff, 0x6b, 0x0, 0x0, 0x0, 0x0,
    0x8, 0xff, 0xb4, 0x3c, 0xff, 0xff, 0xe8, 0xb,
    0x0, 0x0, 0x0, 0x8, 0xff, 0xb4, 0x3c, 0xff,
    0xcb, 0xff, 0x7d, 0x0, 0x0, 0x0, 0x8, 0xff,
    0xb4, 0x3c, 0xff, 0x7c, 0xc7, 0xf1, 0x14, 0x0,
    0x0, 0x8, 0xff, 0xb4, 0x3c, 0xff, 0x7c, 0x3e,
    0xff, 0x8f, 0x0, 0x0, 0x8, 0xff, 0xb4, 0x3c,
    0xff, 0x7c, 0x0, 0xb5, 0xf8, 0x1f, 0x0, 0x8,
    0xff, 0xb4, 0x3c, 0xff, 0x7c, 0x0, 0x2e, 0xfd,
    0xa0, 0x0, 0x8, 0xff, 0xb4, 0x3c, 0xff, 0x7c,
    0x0, 0x0, 0xa3, 0xfd, 0x2c, 0x8, 0xff, 0xb4,
    0x3c, 0xff, 0x7c, 0x0, 0x0, 0x20, 0xf9, 0xb2,
    0x8, 0xff, 0xb4, 0x3c, 0xff, 0x7c, 0x0, 0x0,
    0x0, 0x90, 0xff, 0x43, 0xff, 0xb4, 0x3c, 0xff,
    0x7c, 0x0, 0x0, 0x0, 0x15, 0xf2, 0xcb, 0xff,
    0xb4, 0x3c, 0xff, 0x7c, 0x0, 0x0, 0x0, 0x0,
    0x7e, 0xff, 0xff, 0xb4, 0x3c, 0xff, 0x7c, 0x0,
    0x0, 0x0, 0x0, 0xc, 0xe8, 0xff, 0xb4,

    /* U+004F "O" */
    0x0, 0x0, 0xd, 0x7b, 0xcd, 0xf2, 0xf6, 0xd7,
    0x8e, 0x19, 0x0, 0x0, 0x0, 0x0, 0x24, 0xdd,
    0xff, 0xbc, 0x7b, 0x76, 0xaa, 0xfc, 0xef, 0x3e,
    0x0, 0x0, 0x8, 0xd6, 0xfc, 0x57, 0x0, 0x0,
    0x0, 0x0, 0x37, 0xf0, 0xee, 0x1c, 0x0, 0x69,
    0xff, 0x91, 0x0, 0x0, 0x0, 0x0, 0x0, 0x0,
    0x65, 0xff, 0x94, 0x0, 0xbd, 0xff, 0x29, 0x0,
    0x0, 0x0, 0x0, 0x0, 0x0, 0x8, 0xf5, 0xe7,
    0x0, 0xe9, 0xf5, 0x0, 0x0, 0x0, 0x0, 0x0,
    0x0, 0x0, 0x0, 0xcb, 0xff, 0x14, 0xf7, 0xe8,
    0x0, 0x0, 0x0, 0x0, 0x0, 0x0, 0x0, 0x0,
    0xbc, 0xff, 0x23, 0xe9, 0xf5, 0x0, 0x0, 0x0,
    0x0, 0x0, 0x0, 0x0, 0x0, 0xcb, 0xff, 0x14,
    0xbd, 0xff, 0x29, 0x0, 0x0, 0x0, 0x0, 0x0,
    0x0, 0x7, 0xf5, 0xe7, 0x0, 0x6b, 0xff, 0x91,
    0x0, 0x0, 0x0, 0x0, 0x0, 0x0, 0x65, 0xff,
    0x95, 0x0, 0x9, 0xd9, 0xfc, 0x56, 0x0, 0x0,
    0x0, 0x0, 0x36, 0xf0, 0xee, 0x1c, 0x0, 0x0,
    0x26, 0xdf, 0xff, 0xbb, 0x7a, 0x75, 0xa9, 0xfb,
    0xef, 0x3f, 0x0, 0x0, 0x0, 0x0, 0xe, 0x7d,
    0xcf, 0xf4, 0xf7, 0xd9, 0x8f, 0x1a, 0x0, 0x0,
    0x0,

    /* U+0050 "P" */
    0x3c, 0xff, 0xff, 0xff, 0xff, 0xf4, 0xcd, 0x6f,
    0x3, 0x0, 0x3c, 0xff, 0xbe, 0x70, 0x70, 0x89,
    0xe2, 0xff, 0x98, 0x0, 0x3c, 0xff, 0x8c, 0x0,
    0x0, 0x0, 0x12, 0xe8, 0xfd, 0x14, 0x3c, 0xff,
    0x8c, 0x0, 0x0, 0x0, 0x0, 0xac, 0xff, 0x36,
    0x3c, 0xff, 0x8c, 0x0, 0x0, 0x0, 0x1, 0xd0,
    0xff, 0x23, 0x3c, 0xff, 0x9a, 0x20, 0x20, 0x38,
    0xa0, 0xff, 0xcc, 0x0, 0x3c, 0xff, 0xff, 0xff,
    0xff, 0xff, 0xff, 0xc0, 0x1e, 0x0, 0x3c, 0xff,
    0xb0, 0x50, 0x4f, 0x46, 0x1e, 0x0, 0x0, 0x0,
    0x3c, 0xff, 0x8c, 0x0, 0x0, 0x0, 0x0, 0x0,
    0x0, 0x0, 0x3c, 0xff, 0x8c, 0x0, 0x0, 0x0,
    0x0, 0x0, 0x0, 0x0, 0x3c, 0xff, 0x8c, 0x0,
    0x0, 0x0, 0x0, 0x0, 0x0, 0x0, 0x3c, 0xff,
    0x8c, 0x0, 0x0, 0x0, 0x0, 0x0, 0x0, 0x0,
    0x3c, 0xff, 0x8c, 0x0, 0x0, 0x0, 0x0, 0x0,
    0x0, 0x0,

    /* U+0051 "Q" */
    0x0, 0x0, 0xd, 0x7b, 0xcd, 0xf2, 0xf6, 0xd7,
    0x8d, 0x18, 0x0, 0x0, 0x0, 0x0, 0x24, 0xdd,
    0xff, 0xbd, 0x7b, 0x76, 0xaa, 0xfc, 0xee, 0x3c,
    0x0, 0x0, 0x8, 0xd6, 0xfd, 0x59, 0x0, 0x0,
    0x0, 0x0, 0x39, 0xf1, 0xec, 0x1b, 0x0, 0x69,
    0xff, 0x93, 0x0, 0x0, 0x0, 0x0, 0x0, 0x0,
    0x67, 0xff, 0x93, 0x0, 0xbd, 0xff, 0x2a, 0x0,
    0x0, 0x0, 0x0, 0x0, 0x0, 0x8, 0xf6, 0xe6,
    0x0, 0xe9, 0xf6, 0x1, 0x0, 0x0, 0x0, 0x0,
    0x0, 0x0, 0x0, 0xcb, 0xff, 0x14, 0xf7, 0xe7,
    0x0, 0x0, 0x0, 0x0, 0x0, 0x0, 0x0, 0x0,
    0xbc, 0xff, 0x21, 0xe9, 0xf5, 0x0, 0x0, 0x0,
    0x0, 0x0, 0x0, 0x0, 0x0, 0xca, 0xff, 0xb,
    0xbd, 0xff, 0x28, 0x0, 0x0, 0x0, 0x0, 0x0,
    0x0, 0x7, 0xf5, 0xe6, 0x0, 0x6a, 0xff, 0x8f,
    0x0, 0x0, 0x0, 0x0, 0x0, 0x0, 0x64, 0xff,
    0x8a, 0x0, 0x9, 0xd7, 0xfc, 0x52, 0x0, 0x0,
    0x0, 0x0, 0x33, 0xef, 0xea, 0x1c, 0x0, 0x0,
    0x25, 0xdd, 0xff, 0xb7, 0x76, 0x71, 0xa5, 0xfa,
    0xeb, 0x3b, 0x0, 0x0, 0x0, 0x0, 0xd, 0x7b,
    0xce, 0xf4, 0xff, 0xff, 0xda, 0x13, 0x0, 0x0,
    0x0, 0x0, 0x0, 0x0, 0x0, 0x0, 0x0, 0x4,
    0xab, 0xff, 0x7a, 0x0, 0x0, 0x0, 0x0, 0x0,
    0x0, 0x0, 0x0, 0x0, 0x0, 0x5, 0xb0, 0xff,
    0x70, 0x0, 0x0,

    /* U+0052 "R" */
    0x3c, 0xff, 0xff, 0xff, 0xff, 0xf4, 0xce, 0x70,
    0x3, 0x0, 0x0, 0x3c, 0xff, 0xbe, 0x70, 0x70,
    0x87, 0xdd, 0xff, 0x96, 0x0, 0x0, 0x3c, 0xff,
    0x8c, 0x0, 0x0, 0x0, 0xe, 0xe5, 0xfd, 0x12,
    0x0, 0x3c, 0xff, 0x8c, 0x0, 0x0, 0x0, 0x0,
    0xac, 0xff, 0x34, 0x0, 0x3c, 0xff, 0x8c, 0x0,
    0x0, 0x0, 0x0, 0xce, 0xff, 0x22, 0x0, 0x3c,
    0xff, 0x9a, 0x20, 0x20, 0x36, 0x9b, 0xff, 0xc6,
    0x0, 0x0, 0x3c, 0xff, 0xff, 0xff, 0xff, 0xff,
    0xff, 0xab, 0x16, 0x0, 0x0, 0x3c, 0xff, 0xb0,
    0x50, 0x54, 0x7f, 0xef, 0xc6, 0xf, 0x0, 0x0,
    0x3c, 0xff, 0x8c, 0x0, 0x0, 0x0, 0x3c, 0xfe,
    0xa4, 0x0, 0x0, 0x3c, 0xff, 0x8c, 0x0, 0x0,
    0x0, 0x0, 0xa1, 0xff, 0x37, 0x0, 0x3c, 0xff,
    0x8c, 0x0, 0x0, 0x0, 0x0, 0x25, 0xfc, 0xb8,
    0x0, 0x3c, 0xff, 0x8c, 0x0, 0x0, 0x0, 0x0,
    0x0, 0xa6, 0xff, 0x39, 0x3c, 0xff, 0x8c, 0x0,
    0x0, 0x0, 0x0, 0x0, 0x2b, 0xfe, 0xbb,

    /* U+0053 "S" */
    0x0, 0x1d, 0x93, 0xd6, 0xf5, 0xef, 0xd5, 0x9f,
    0x45, 0x0, 0x29, 0xf0, 0xfa, 0xa9, 0x7a, 0x7d,
    0xa2, 0xea, 0xa4, 0x0, 0xa4, 0xff, 0x50, 0x0,
    0x0, 0x0, 0x0, 0x4, 0x23, 0x0, 0xc7, 0xfe,
    0x5, 0x0, 0x0, 0x0, 0x0, 0x0, 0x0, 0x0,
    0xa3, 0xff, 0x5e, 0x0, 0x0, 0x0, 0x0, 0x0,
    0x0, 0x0, 0x29, 0xf3, 0xff, 0xd5, 0x97, 0x64,
    0x27, 0x0, 0x0, 0x0, 0x0, 0x21, 0x92, 0xdd,
    0xff, 0xff, 0xff, 0xc3, 0x26, 0x0, 0x0, 0x0,
    0x0, 0x0, 0x12, 0x4d, 0xae, 0xff, 0xd9, 0x9,
    0x0, 0x0, 0x0, 0x0, 0x0, 0x0, 0x0, 0xaf,
    0xff, 0x47, 0x0, 0x0, 0x0, 0x0, 0x0, 0x0,
    0x0, 0x7e, 0xff, 0x63, 0x4d, 0xd, 0x0, 0x0,
    0x0, 0x0, 0x9, 0xce, 0xff, 0x3a, 0xc4, 0xf5,
    0xae, 0x7e, 0x72, 0x8c, 0xdf, 0xff, 0xad, 0x0,
    0x37, 0x8a, 0xca, 0xe9, 0xfb, 0xee, 0xc3, 0x68,
    0x4, 0x0,

    /* U+0054 "T" */
    0xc, 0xff, 0xff, 0xff, 0xff, 0xff, 0xff, 0xff,
    0xff, 0xff, 0xff, 0xff, 0xc, 0x5, 0x7c, 0x7c,
    0x7c, 0x7c, 0xaf, 0xff, 0xaf, 0x7c, 0x7c, 0x7c,
    0x7c, 0x5, 0x0, 0x0, 0x0, 0x0, 0x0, 0x64,
    0xff, 0x64, 0x0, 0x0, 0x0, 0x0, 0x0, 0x0,
    0x0, 0x0, 0x0, 0x0, 0x64, 0xff, 0x64, 0x0,
    0x0, 0x0, 0x0, 0x0, 0x0, 0x0, 0x0, 0x0,
    0x0, 0x64, 0xff, 0x64, 0x0, 0x0, 0x0, 0x0,
    0x0, 0x0, 0x0, 0x0, 0x0, 0x0, 0x64, 0xff,
    0x64, 0x0, 0x0, 0x0, 0x0, 0x0, 0x0, 0x0,
    0x0, 0x0, 0x0, 0x64, 0xff, 0x64, 0x0, 0x0,
    0x0, 0x0, 0x0, 0x0, 0x0, 0x0, 0x0, 0x0,
    0x64, 0xff, 0x64, 0x0, 0x0, 0x0, 0x0, 0x0,
    0x0, 0x0, 0x0, 0x0, 0x0, 0x64, 0xff, 0x64,
    0x0, 0x0, 0x0, 0x0, 0x0, 0x0, 0x0, 0x0,
    0x0, 0x0, 0x64, 0xff, 0x64, 0x0, 0x0, 0x0,
    0x0, 0x0, 0x0, 0x0, 0x0, 0x0, 0x0, 0x64,
    0xff, 0x64, 0x0, 0x0, 0x0, 0x0, 0x0, 0x0,
    0x0, 0x0, 0x0, 0x0, 0x64, 0xff, 0x64, 0x0,
    0x0, 0x0, 0x0, 0x0, 0x0, 0x0, 0x0, 0x0,
    0x0, 0x64, 0xff, 0x64, 0x0, 0x0, 0x0, 0x0,
    0x0,

    /* U+0055 "U" */
    0x70, 0xff, 0x58, 0x0, 0x0, 0x0, 0x0, 0x0,
    0x2c, 0xff, 0x9c, 0x70, 0xff, 0x58, 0x0, 0x0,
    0x0, 0x0, 0x0, 0x2c, 0xff, 0x9c, 0x70, 0xff,
    0x58, 0x0, 0x0, 0x0, 0x0, 0x0, 0x2c, 0xff,
    0x9c, 0x70, 0xff, 0x58, 0x0, 0x0, 0x0, 0x0,
    0x0, 0x2c, 0xff, 0x9c, 0x70, 0xff, 0x58, 0x0,
    0x0, 0x0, 0x0, 0x0, 0x2c, 0xff, 0x9c, 0x70,
    0xff, 0x58, 0x0, 0x0, 0x0, 0x0, 0x0, 0x2c,
    0xff, 0x9c, 0x70, 0xff, 0x58, 0x0, 0x0, 0x0,
    0x0, 0x0, 0x2c, 0xff, 0x9c, 0x70, 0xff, 0x58,
    0x0, 0x0, 0x0, 0x0, 0x0, 0x2c, 0xff, 0x9b,
    0x67, 0xff, 0x63, 0x0, 0x0, 0x0, 0x0, 0x0,
    0x38, 0xff, 0x92, 0x46, 0xff, 0x8e, 0x0, 0x0,
    0x0, 0x0, 0x0, 0x63, 0xff, 0x70, 0x9, 0xec,
    0xea, 0x1d, 0x0, 0x0, 0x0, 0xe, 0xcf, 0xfd,
    0x24, 0x0, 0x58, 0xfd, 0xf0, 0x96, 0x75, 0x8e,
    0xe2, 0xff, 0x81, 0x0, 0x0, 0x0, 0x3c, 0xaf,
    0xe9, 0xfb, 0xef, 0xbe, 0x54, 0x0, 0x0,

    /* U+0056 "V" */
    0xab, 0xff, 0x30, 0x0, 0x0, 0x0, 0x0, 0x0,
    0x0, 0x1, 0xdf, 0xf0, 0x9, 0x48, 0xff, 0x91,
    0x0, 0x0, 0x0, 0x0, 0x0, 0x0, 0x42, 0xff,
    0x97, 0x0, 0x2, 0xe2, 0xec, 0x6, 0x0, 0x0,
    0x0, 0x0, 0x0, 0xa3, 0xff, 0x34, 0x0, 0x0,
    0x82, 0xff, 0x54, 0x0, 0x0, 0x0, 0x0, 0xe,
    0xf5, 0xd1, 0x0, 0x0, 0x0, 0x21, 0xfe, 0xb5,
    0x0, 0x0, 0x0, 0x0, 0x66, 0xff, 0x6f, 0x0,
    0x0, 0x0, 0x0, 0xbd, 0xfc, 0x1a, 0x0, 0x0,
    0x0, 0xc7, 0xf9, 0x13, 0x0, 0x0, 0x0, 0x0,
    0x5a, 0xff, 0x77, 0x0, 0x0, 0x28, 0xff, 0xa9,
    0x0, 0x0, 0x0, 0x0, 0x0, 0x8, 0xef, 0xd8,
    0x0, 0x0, 0x8a, 0xff, 0x46, 0x0, 0x0, 0x0,
    0x0, 0x0, 0x0, 0x95, 0xff, 0x3a, 0x3, 0xe7,
    0xe2, 0x2, 0x0, 0x0, 0x0, 0x0, 0x0, 0x0,
    0x32, 0xff, 0x9b, 0x4c, 0xff, 0x81, 0x0, 0x0,
    0x0, 0x0, 0x0, 0x0, 0x0, 0x0, 0xcf, 0xf2,
    0xb8, 0xfe, 0x20, 0x0, 0x0, 0x0, 0x0, 0x0,
    0x0, 0x0, 0x0, 0x6c, 0xff, 0xff, 0xbb, 0x0,
    0x0, 0x0, 0x0, 0x0, 0x0, 0x0, 0x0, 0x0,
    0x11, 0xf7, 0xff, 0x59, 0x0, 0x0, 0x0, 0x0,
    0x0,

    /* U+0057 "W" */
    0x48, 0xff, 0x83, 0x0, 0x0, 0x0, 0x0, 0x39,
    0xff, 0xf9, 0xa, 0x0, 0x0, 0x0, 0x0, 0xb9,
    0xfe, 0x14, 0xc, 0xfb, 0xc4, 0x0, 0x0, 0x0,
    0x0, 0x79, 0xfb, 0xff, 0x44, 0x0, 0x0, 0x0,
    0x4, 0xf3, 0xd2, 0x0, 0x0, 0xc6, 0xfa, 0xa,
    0x0, 0x0, 0x0, 0xb9, 0xb6, 0xe6, 0x84, 0x0,
    0x0, 0x0, 0x39, 0xff, 0x91, 0x0, 0x0, 0x85,
    0xff, 0x45, 0x0, 0x0, 0x4, 0xf3, 0x77, 0xa8,
    0xc5, 0x0, 0x0, 0x0, 0x79, 0xff, 0x50, 0x0,
    0x0, 0x44, 0xff, 0x85, 0x0, 0x0, 0x39, 0xff,
    0x38, 0x69, 0xfa, 0xb, 0x0, 0x0, 0xb9, 0xfd,
    0x11, 0x0, 0x0, 0x9, 0xf9, 0xc6, 0x0, 0x0,
    0x79, 0xf4, 0x4, 0x29, 0xff, 0x46, 0x0, 0x4,
    0xf3, 0xce, 0x0, 0x0, 0x0, 0x0, 0xc2, 0xfa,
    0xb, 0x0, 0xb9, 0xb9, 0x0, 0x0, 0xe9, 0x86,
    0x0, 0x39, 0xff, 0x8d, 0x0, 0x0, 0x0, 0x0,
    0x81, 0xff, 0x47, 0x4, 0xf3, 0x7a, 0x0, 0x0,
    0xab, 0xc7, 0x0, 0x79, 0xff, 0x4c, 0x0, 0x0,
    0x0, 0x0, 0x40, 0xff, 0x87, 0x39, 0xff, 0x3b,
    0x0, 0x0, 0x6c, 0xfb, 0xc, 0xb9, 0xfc, 0xf,
    0x0, 0x0, 0x0, 0x0, 0x7, 0xf7, 0xc8, 0x79,
    0xf6, 0x6, 0x0, 0x0, 0x2d, 0xff, 0x4c, 0xf4,
    0xca, 0x0, 0x0, 0x0, 0x0, 0x0, 0x0, 0xbe,
    0xfb, 0xc5, 0xbd, 0x0, 0x0, 0x0, 0x1, 0xec,
    0xc1, 0xff, 0x89, 0x0, 0x0, 0x0, 0x0, 0x0,
    0x0, 0x7d, 0xff, 0xff, 0x7e, 0x0, 0x0, 0x0,
    0x0, 0xaf, 0xff, 0xff, 0x48, 0x0, 0x0, 0x0,
    0x0, 0x0, 0x0, 0x3c, 0xff, 0xff, 0x3f, 0x0,
    0x0, 0x0, 0x0, 0x70, 0xff, 0xfb, 0xc, 0x0,
    0x0, 0x0,

    /* U+0058 "X" */
    0x0, 0x86, 0xff, 0x61, 0x0, 0x0, 0x0, 0x0,
    0x1, 0xc1, 0xf9, 0x2c, 0x0, 0x6, 0xd3, 0xf0,
    0x1d, 0x0, 0x0, 0x0, 0x71, 0xff, 0x78, 0x0,
    0x0, 0x0, 0x32, 0xfb, 0xb9, 0x0, 0x0, 0x27,
    0xf6, 0xc8, 0x3, 0x0, 0x0, 0x0, 0x0, 0x82,
    0xff, 0x66, 0x3, 0xc9, 0xf7, 0x27, 0x0, 0x0,
    0x0, 0x0, 0x0, 0x5, 0xcf, 0xf2, 0x96, 0xff,
    0x71, 0x0, 0x0, 0x0, 0x0, 0x0, 0x0, 0x0,
    0x2e, 0xfa, 0xff, 0xc3, 0x2, 0x0, 0x0, 0x0,
    0x0, 0x0, 0x0, 0x0, 0x20, 0xf3, 0xff, 0x79,
    0x0, 0x0, 0x0, 0x0, 0x0, 0x0, 0x0, 0x1,
    0xbf, 0xf9, 0xd6, 0xf5, 0x23, 0x0, 0x0, 0x0,
    0x0, 0x0, 0x0, 0x6e, 0xff, 0x7a, 0x2b, 0xf9,
    0xc1, 0x1, 0x0, 0x0, 0x0, 0x0, 0x25, 0xf5,
    0xca, 0x3, 0x0, 0x7a, 0xff, 0x6e, 0x0, 0x0,
    0x0, 0x2, 0xc5, 0xf8, 0x29, 0x0, 0x0, 0x3,
    0xcb, 0xf5, 0x23, 0x0, 0x0, 0x75, 0xff, 0x76,
    0x0, 0x0, 0x0, 0x0, 0x2b, 0xf9, 0xc1, 0x1,
    0x29, 0xf7, 0xc7, 0x3, 0x0, 0x0, 0x0, 0x0,
    0x0, 0x79, 0xff, 0x6e,

    /* U+0059 "Y" */
    0x0, 0xb0, 0xfc, 0x39, 0x0, 0x0, 0x0, 0x0,
    0x0, 0x39, 0xfd, 0xb0, 0x0, 0x0, 0x17, 0xeb,
    0xda, 0xa, 0x0, 0x0, 0x0, 0x9, 0xd9, 0xeb,
    0x16, 0x0, 0x0, 0x0, 0x54, 0xff, 0x93, 0x0,
    0x0, 0x0, 0x90, 0xff, 0x54, 0x0, 0x0, 0x0,
    0x0, 0x0, 0xa6, 0xfe, 0x43, 0x0, 0x3f, 0xfe,
    0xa5, 0x0, 0x0, 0x0, 0x0, 0x0, 0x0, 0x11,
    0xe6, 0xe1, 0x1a, 0xde, 0xe5, 0x11, 0x0, 0x0,
    0x0, 0x0, 0x0, 0x0, 0x0, 0x49, 0xff, 0xeb,
    0xff, 0x49, 0x0, 0x0, 0x0, 0x0, 0x0, 0x0,
    0x0, 0x0, 0x0, 0x9d, 0xff, 0x9d, 0x0, 0x0,
    0x0, 0x0, 0x0, 0x0, 0x0, 0x0, 0x0, 0x0,
    0x64, 0xff, 0x64, 0x0, 0x0, 0x0, 0x0, 0x0,
    0x0, 0x0, 0x0, 0x0, 0x0, 0x64, 0xff, 0x64,
    0x0, 0x0, 0x0, 0x0, 0x0, 0x0, 0x0, 0x0,
    0x0, 0x0, 0x64, 0xff, 0x64, 0x0, 0x0, 0x0,
    0x0, 0x0, 0x0, 0x0, 0x0, 0x0, 0x0, 0x64,
    0xff, 0x64, 0x0, 0x0, 0x0, 0x0, 0x0, 0x0,
    0x0, 0x0, 0x0, 0x0, 0x64, 0xff, 0x64, 0x0,
    0x0, 0x0, 0x0, 0x0, 0x0, 0x0, 0x0, 0x0,
    0x0, 0x64, 0xff, 0x64, 0x0, 0x0, 0x0, 0x0,
    0x0,

    /* U+005A "Z" */
    0x0, 0xfc, 0xff, 0xff, 0xff, 0xff, 0xff, 0xff,
    0xff, 0xff, 0xff, 0x54, 0x0, 0x7a, 0x7c, 0x7c,
    0x7c, 0x7c, 0x7c, 0x7c, 0x8b, 0xfe, 0xf9, 0x2d,
    0x0, 0x0, 0x0, 0x0, 0x0, 0x0, 0x0, 0x2,
    0xb5, 0xff, 0x62, 0x0, 0x0, 0x0, 0x0, 0x0,
    0x0, 0x0, 0x0, 0x89, 0xff, 0x91, 0x0, 0x0,
    0x0, 0x0, 0x0, 0x0, 0x0, 0x0, 0x5a, 0xff,
    0xbc, 0x4, 0x0, 0x0, 0x0, 0x0, 0x0, 0x0,
    0x0, 0x33, 0xf6, 0xdd, 0x12, 0x0, 0x0, 0x0,
    0x0, 0x0, 0x0, 0x0, 0x17, 0xe3, 0xf3, 0x2c,
    0x0, 0x0, 0x0, 0x0, 0x0, 0x0, 0x0, 0x6,
    0xc5, 0xfe, 0x4f, 0x0, 0x0, 0x0, 0x0, 0x0,
    0x0, 0x0, 0x0, 0x9c, 0xff, 0x7d, 0x0, 0x0,
    0x0, 0x0, 0x0, 0x0, 0x0, 0x0, 0x6e, 0xff,
    0xab, 0x1, 0x0, 0x0, 0x0, 0x0, 0x0, 0x0,
    0x0, 0x42, 0xfb, 0xd0, 0xb, 0x0, 0x0, 0x0,
    0x0, 0x0, 0x0, 0x0, 0x15, 0xec, 0xff, 0x9b,
    0x7c, 0x7c, 0x7c, 0x7c, 0x7c, 0x7c, 0x7c, 0x3f,
    0x30, 0xff, 0xff, 0xff, 0xff, 0xff, 0xff, 0xff,
    0xff, 0xff, 0xff, 0x84,

    /* U+005B "[" */
    0x74, 0xff, 0xff, 0xff, 0x48, 0x74, 0xff, 0x5d,
    0x3c, 0x10, 0x74, 0xff, 0x2c, 0x0, 0x0, 0x74,
    0xff, 0x2c, 0x0, 0x0, 0x74, 0xff, 0x2c, 0x0,
    0x0, 0x74, 0xff, 0x2c, 0x0, 0x0, 0x74, 0xff,
    0x2c, 0x0, 0x0, 0x74, 0xff, 0x2c, 0x0, 0x0,
    0x74, 0xff, 0x2c, 0x0, 0x0, 0x74, 0xff, 0x2c,
    0x0, 0x0, 0x74, 0xff, 0x2c, 0x0, 0x0, 0x74,
    0xff, 0x2c, 0x0, 0x0, 0x74, 0xff, 0x2c, 0x0,
    0x0, 0x74, 0xff, 0x2c, 0x0, 0x0, 0x74, 0xff,
    0x32, 0x8, 0x2, 0x74, 0xff, 0xff, 0xff, 0x48,
    0x19, 0x38, 0x38, 0x38, 0xf,

    /* U+005C "\\" */
    0xd8, 0xa7, 0x0, 0x0, 0x0, 0x0, 0x0, 0x87,
    0xf1, 0x6, 0x0, 0x0, 0x0, 0x0, 0x36, 0xff,
    0x49, 0x0, 0x0, 0x0, 0x0, 0x1, 0xe4, 0x99,
    0x0, 0x0, 0x0, 0x0, 0x0, 0x94, 0xe8, 0x2,
    0x0, 0x0, 0x0, 0x0, 0x44, 0xff, 0x3a, 0x0,
    0x0, 0x0, 0x0, 0x4, 0xee, 0x8b, 0x0, 0x0,
    0x0, 0x0, 0x0, 0xa2, 0xdb, 0x0, 0x0, 0x0,
    0x0, 0x0, 0x51, 0xff, 0x2c, 0x0, 0x0, 0x0,
    0x0, 0xa, 0xf6, 0x7c, 0x0, 0x0, 0x0, 0x0,
    0x0, 0xaf, 0xcd, 0x0, 0x0, 0x0, 0x0, 0x0,
    0x5f, 0xff, 0x1e, 0x0, 0x0, 0x0, 0x0, 0x12,
    0xfb, 0x6e, 0x0, 0x0, 0x0, 0x0, 0x0, 0xbd,
    0xbf, 0x0, 0x0, 0x0, 0x0, 0x0, 0x40, 0x7c,
    0x1,

    /* U+005D "]" */
    0x40, 0xff, 0xff, 0xff, 0x78, 0xf, 0x3c, 0x5a,
    0xff, 0x78, 0x0, 0x0, 0x28, 0xff, 0x78, 0x0,
    0x0, 0x28, 0xff, 0x78, 0x0, 0x0, 0x28, 0xff,
    0x78, 0x0, 0x0, 0x28, 0xff, 0x78, 0x0, 0x0,
    0x28, 0xff, 0x78, 0x0, 0x0, 0x28, 0xff, 0x78,
    0x0, 0x0, 0x28, 0xff, 0x78, 0x0, 0x0, 0x28,
    0xff, 0x78, 0x0, 0x0, 0x28, 0xff, 0x78, 0x0,
    0x0, 0x28, 0xff, 0x78, 0x0, 0x0, 0x28, 0xff,
    0x78, 0x0, 0x0, 0x28, 0xff, 0x78, 0x2, 0x8,
    0x2e, 0xff, 0x78, 0x40, 0xff, 0xff, 0xff, 0x78,
    0xe, 0x38, 0x38, 0x38, 0x1a,

    /* U+005E "^" */
    0x0, 0x0, 0x0, 0x0, 0x9, 0xc0, 0xff, 0xd0,
    0x11, 0x0, 0x0, 0x0, 0x0, 0x0, 0x0, 0x0,
    0x6, 0xb8, 0xff, 0xaf, 0xfd, 0xc8, 0xc, 0x0,
    0x0, 0x0, 0x0, 0x0, 0x4, 0xaf, 0xfd, 0x69,
    0x0, 0x56, 0xf9, 0xc0, 0x9, 0x0, 0x0, 0x0,
    0x2, 0xa6, 0xf9, 0x55, 0x0, 0x0, 0x0, 0x46,
    0xf4, 0xb6, 0x6, 0x0, 0x1, 0x9c, 0xf3, 0x44,
    0x0, 0x0, 0x0, 0x0, 0x0, 0x37, 0xec, 0xad,
    0x3,

    /* U+005F "_" */
    0x1, 0x8, 0x8, 0x8, 0x8, 0x8, 0x8, 0x8,
    0x8, 0x8, 0x1, 0x2c, 0xff, 0xff, 0xff, 0xff,
    0xff, 0xff, 0xff, 0xff, 0xff, 0x2c, 0x9, 0x38,
    0x38, 0x38, 0x38, 0x38, 0x38, 0x38, 0x38, 0x38,
    0x9,

    /* U+0060 "`" */
    0x26, 0x80, 0x32, 0x0, 0x0, 0x1, 0xad, 0xde,
    0xe, 0x0, 0x0, 0xc, 0xd2, 0xa3, 0x0, 0x0,
    0x0, 0x21, 0xeb, 0x58,

    /* U+0061 "a" */
    0x12, 0x88, 0xcc, 0xed, 0xf8, 0xd8, 0x7b, 0x4,
    0x0, 0x34, 0xe6, 0x92, 0x6c, 0x6e, 0xb5, 0xff,
    0x9d, 0x0, 0x8, 0x4, 0x0, 0x0, 0x0, 0x0,
    0x9b, 0xfd, 0x1d, 0x0, 0x0, 0x0, 0x0, 0x6,
    0x8, 0x4c, 0xff, 0x51, 0x0, 0x65, 0xca, 0xf7,
    0xff, 0xff, 0xff, 0xff, 0x62, 0x78, 0xff, 0xa9,
    0x56, 0x3e, 0x38, 0x68, 0xff, 0x64, 0xd9, 0xd2,
    0x0, 0x0, 0x0, 0x0, 0x61, 0xff, 0x64, 0xd8,
    0xd5, 0x1, 0x0, 0x0, 0x8, 0xd2, 0xff, 0x64,
    0x86, 0xff, 0xb2, 0x63, 0x76, 0xd7, 0xcb, 0xff,
    0x64, 0x6, 0x84, 0xe0, 0xf9, 0xdd, 0x7d, 0x3c,
    0xff, 0x64,

    /* U+0062 "b" */
    0x5c, 0xff, 0x44, 0x0, 0x0, 0x0, 0x0, 0x0,
    0x0, 0x0, 0x5c, 0xff, 0x44, 0x0, 0x0, 0x0,
    0x0, 0x0, 0x0, 0x0, 0x5c, 0xff, 0x44, 0x0,
    0x0, 0x0, 0x0, 0x0, 0x0, 0x0, 0x5c, 0xff,
    0x44, 0x0, 0x0, 0x0, 0x0, 0x0, 0x0, 0x0,
    0x5c, 0xff, 0x48, 0x80, 0xe1, 0xf9, 0xd2, 0x56,
    0x0, 0x0, 0x5c, 0xff, 0xd0, 0xd8, 0x74, 0x73,
    0xd5, 0xff, 0x5c, 0x0, 0x5c, 0xff, 0xe4, 0x10,
    0x0, 0x0, 0xe, 0xde, 0xec, 0x8, 0x5c, 0xff,
    0x7c, 0x0, 0x0, 0x0, 0x0, 0x75, 0xff, 0x45,
    0x5c, 0xff, 0x53, 0x0, 0x0, 0x0, 0x0, 0x4b,
    0xff, 0x67, 0x5c, 0xff, 0x52, 0x0, 0x0, 0x0,
    0x0, 0x4c, 0xff, 0x67, 0x5c, 0xff, 0x7c, 0x0,
    0x0, 0x0, 0x0, 0x74, 0xff, 0x45, 0x5c, 0xff,
    0xe2, 0xe, 0x0, 0x0, 0xc, 0xdd, 0xec, 0x8,
    0x5c, 0xff, 0xd0, 0xd7, 0x73, 0x72, 0xd4, 0xff,
    0x5f, 0x0, 0x5c, 0xff, 0x48, 0x81, 0xe2, 0xf9,
    0xd3, 0x59, 0x0, 0x0,

    /* U+0063 "c" */
    0x0, 0x7, 0x78, 0xd2, 0xf7, 0xf0, 0xca, 0x67,
    0x6, 0xc2, 0xff, 0xb7, 0x73, 0x6c, 0x9a, 0xb7,
    0x77, 0xff, 0x83, 0x0, 0x0, 0x0, 0x0, 0x2,
    0xd1, 0xee, 0x7, 0x0, 0x0, 0x0, 0x0, 0x0,
    0xf6, 0xc6, 0x0, 0x0, 0x0, 0x0, 0x0, 0x0,
    0xf7, 0xc5, 0x0, 0x0, 0x0, 0x0, 0x0, 0x0,
    0xd1, 0xed, 0x7, 0x0, 0x0, 0x0, 0x0, 0x0,
    0x77, 0xff, 0x80, 0x0, 0x0, 0x0, 0x0, 0x1,
    0x7, 0xc5, 0xff, 0xb6, 0x72, 0x6b, 0x97, 0xb6,
    0x0, 0x8, 0x7d, 0xd6, 0xf8, 0xef, 0xc9, 0x65,

    /* U+0064 "d" */
    0x0, 0x0, 0x0, 0x0, 0x0, 0x0, 0x0, 0xd4,
    0xcc, 0x0, 0x0, 0x0, 0x0, 0x0, 0x0, 0x0,
    0xd4, 0xcc, 0x0, 0x0, 0x0, 0x0, 0x0, 0x0,
    0x0, 0xd4, 0xcc, 0x0, 0x0, 0x0, 0x0, 0x0,
    0x0, 0x0, 0xd4, 0xcc, 0x0, 0x1c, 0xa9, 0xf0,
    0xf2, 0xb8, 0x2a, 0xd4, 0xcc, 0x10, 0xdf, 0xfa,
    0x90, 0x66, 0xa2, 0xe9, 0xe5, 0xcc, 0x86, 0xff,
    0x58, 0x0, 0x0, 0x0, 0x84, 0xff, 0xcc, 0xd6,
    0xdf, 0x1, 0x0, 0x0, 0x0, 0xf, 0xfd, 0xcc,
    0xf8, 0xb7, 0x0, 0x0, 0x0, 0x0, 0x0, 0xe3,
    0xcc, 0xf8, 0xb6, 0x0, 0x0, 0x0, 0x0, 0x0,
    0xe4, 0xcc, 0xd6, 0xdf, 0x1, 0x0, 0x0, 0x0,
    0xf, 0xfd, 0xcc, 0x87, 0xff, 0x56, 0x0, 0x0,
    0x0, 0x82, 0xff, 0xcc, 0x11, 0xe1, 0xfa, 0x8e,
    0x65, 0xa1, 0xe9, 0xe6, 0xcc, 0x0, 0x1e, 0xab,
    0xf2, 0xf3, 0xb8, 0x2a, 0xd4, 0xcc,

    /* U+0065 "e" */
    0x0, 0x7, 0x7a, 0xd5, 0xf8, 0xf0, 0xb4, 0x31,
    0x0, 0x0, 0x5, 0xbf, 0xfc, 0xa0, 0x69, 0x78,
    0xdd, 0xf6, 0x34, 0x0, 0x71, 0xff, 0x53, 0x0,
    0x0, 0x0, 0x10, 0xe5, 0xbe, 0x0, 0xcd, 0xde,
    0x8, 0x8, 0x8, 0x8, 0x8, 0x99, 0xfb, 0x7,
    0xf6, 0xff, 0xff, 0xff, 0xff, 0xff, 0xff, 0xff,
    0xff, 0x19, 0xf7, 0xd1, 0x38, 0x38, 0x38, 0x38,
    0x38, 0x38, 0x38, 0x6, 0xd2, 0xf0, 0x6, 0x0,
    0x0, 0x0, 0x0, 0x0, 0x0, 0x0, 0x74, 0xff,
    0x89, 0x0, 0x0, 0x0, 0x0, 0x0, 0x19, 0x0,
    0x5, 0xb9, 0xff, 0xc0, 0x76, 0x67, 0x86, 0xca,
    0xbb, 0x0, 0x0, 0x4, 0x6e, 0xcc, 0xf5, 0xf5,
    0xdb, 0xa4, 0x45, 0x0,

    /* U+0066 "f" */
    0x0, 0x0, 0x19, 0xa8, 0xe8, 0xff, 0xb0, 0x0,
    0x0, 0xad, 0xf5, 0x73, 0x54, 0x39, 0x0, 0x0,
    0xf2, 0xa8, 0x0, 0x0, 0x0, 0x0, 0xa, 0xff,
    0x98, 0x0, 0x0, 0x0, 0x98, 0xff, 0xff, 0xff,
    0xff, 0xff, 0x40, 0x26, 0x49, 0xff, 0xb2, 0x40,
    0x40, 0x10, 0x0, 0xc, 0xff, 0x98, 0x0, 0x0,
    0x0, 0x0, 0xc, 0xff, 0x98, 0x0, 0x0, 0x0,
    0x0, 0xc, 0xff, 0x98, 0x0, 0x0, 0x0, 0x0,
    0xc, 0xff, 0x98, 0x0, 0x0, 0x0, 0x0, 0xc,
    0xff, 0x98, 0x0, 0x0, 0x0, 0x0, 0xc, 0xff,
    0x98, 0x0, 0x0, 0x0, 0x0, 0xc, 0xff, 0x98,
    0x0, 0x0, 0x0, 0x0, 0xc, 0xff, 0x98, 0x0,
    0x0, 0x0,

    /* U+0067 "g" */
    0x0, 0x20, 0xac, 0xf1, 0xf2, 0xb5, 0x27, 0xd4,
    0xcc, 0x13, 0xe3, 0xf9, 0x8e, 0x66, 0xa0, 0xe7,
    0xe5, 0xcc, 0x8a, 0xff, 0x52, 0x0, 0x0, 0x0,
    0x82, 0xff, 0xcc, 0xd7, 0xdd, 0x0, 0x0, 0x0,
    0x0, 0xe, 0xfd, 0xcc, 0xf8, 0xb6, 0x0, 0x0,
    0x0, 0x0, 0x0, 0xe3, 0xcc, 0xf8, 0xb6, 0x0,
    0x0, 0x0, 0x0, 0x0, 0xe4, 0xcc, 0xd8, 0xdd,
    0x0, 0x0, 0x0, 0x0, 0xe, 0xfd, 0xcc, 0x8b,
    0xff, 0x50, 0x0, 0x0, 0x0, 0x7f, 0xff, 0xcc,
    0x14, 0xe5, 0xf8, 0x8d, 0x65, 0x9f, 0xe7, 0xe5,
    0xcb, 0x0, 0x21, 0xae, 0xf2, 0xf3, 0xb8, 0x29,
    0xe0, 0xc2, 0x0, 0x0, 0x0, 0x0, 0x0, 0x0,
    0x9, 0xfc, 0xa4, 0x0, 0x8, 0x0, 0x0, 0x0,
    0x0, 0x7c, 0xff, 0x5e, 0x0, 0xc4, 0x98, 0x65,
    0x68, 0xa8, 0xff, 0xcb, 0x5, 0x0, 0x7b, 0xd3,
    0xf2, 0xfa, 0xde, 0x8e, 0xf, 0x0,

    /* U+0068 "h" */
    0x5c, 0xff, 0x44, 0x0, 0x0, 0x0, 0x0, 0x0,
    0x0, 0x5c, 0xff, 0x44, 0x0, 0x0, 0x0, 0x0,
    0x0, 0x0, 0x5c, 0xff, 0x44, 0x0, 0x0, 0x0,
    0x0, 0x0, 0x0, 0x5c, 0xff, 0x44, 0x0, 0x0,
    0x0, 0x0, 0x0, 0x0, 0x5c, 0xff, 0x45, 0x71,
    0xdc, 0xf9, 0xda, 0x5f, 0x0, 0x5c, 0xff, 0xc5,
    0xd8, 0x7e, 0x77, 0xdb, 0xff, 0x3b, 0x5c, 0xff,
    0xd6, 0x9, 0x0, 0x0, 0x1c, 0xf9, 0xa7, 0x5c,
    0xff, 0x6a, 0x0, 0x0, 0x0, 0x0, 0xcf, 0xcc,
    0x5c, 0xff, 0x48, 0x0, 0x0, 0x0, 0x0, 0xbc,
    0xdf, 0x5c, 0xff, 0x44, 0x0, 0x0, 0x0, 0x0,
    0xbc, 0xe0, 0x5c, 0xff, 0x44, 0x0, 0x0, 0x0,
    0x0, 0xbc, 0xe0, 0x5c, 0xff, 0x44, 0x0, 0x0,
    0x0, 0x0, 0xbc, 0xe0, 0x5c, 0xff, 0x44, 0x0,
    0x0, 0x0, 0x0, 0xbc, 0xe0, 0x5c, 0xff, 0x44,
    0x0, 0x0, 0x0, 0x0, 0xbc, 0xe0,

    /* U+0069 "i" */
    0x4c, 0xff, 0x50, 0x4c, 0xff, 0x50, 0x2, 0x8,
    0x2, 0x0, 0x0, 0x0, 0x4c, 0xff, 0x50, 0x4c,
    0xff, 0x50, 0x4c, 0xff, 0x50, 0x4c, 0xff, 0x50,
    0x4c, 0xff, 0x50, 0x4c, 0xff, 0x50, 0x4c, 0xff,
    0x50, 0x4c, 0xff, 0x50, 0x4c, 0xff, 0x50, 0x4c,
    0xff, 0x50,

    /* U+006A "j" */
    0x0, 0x0, 0x4c, 0xff, 0x50, 0x0, 0x0, 0x4c,
    0xff, 0x50, 0x0, 0x0, 0x2, 0x8, 0x2, 0x0,
    0x0, 0x0, 0x0, 0x0, 0x0, 0x0, 0x4c, 0xff,
    0x50, 0x0, 0x0, 0x4c, 0xff, 0x50, 0x0, 0x0,
    0x4c, 0xff, 0x50, 0x0, 0x0, 0x4c, 0xff, 0x50,
    0x0, 0x0, 0x4c, 0xff, 0x50, 0x0, 0x0, 0x4c,
    0xff, 0x50, 0x0, 0x0, 0x4c, 0xff, 0x50, 0x0,
    0x0, 0x4c, 0xff, 0x50, 0x0, 0x0, 0x4c, 0xff,
    0x50, 0x0, 0x0, 0x4c, 0xff, 0x50, 0x0, 0x0,
    0x50, 0xff, 0x4c, 0x0, 0x0, 0x6a, 0xff, 0x36,
    0x1e, 0x6b, 0xdf, 0xe9, 0x6, 0x54, 0xf6, 0xc7,
    0x36, 0x0,

    /* U+006B "k" */
    0x5c, 0xff, 0x44, 0x0, 0x0, 0x0, 0x0, 0x0,
    0x0, 0x0, 0x5c, 0xff, 0x44, 0x0, 0x0, 0x0,
    0x0, 0x0, 0x0, 0x0, 0x5c, 0xff, 0x44, 0x0,
    0x0, 0x0, 0x0, 0x0, 0x0, 0x0, 0x5c, 0xff,
    0x44, 0x0, 0x0, 0x0, 0x0, 0x0, 0x0, 0x0,
    0x5c, 0xff, 0x44, 0x0, 0x0, 0x0, 0x77, 0xff,
    0x96, 0x2, 0x5c, 0xff, 0x44, 0x0, 0x2, 0x93,
    0xff, 0x7c, 0x0, 0x0, 0x5c, 0xff, 0x44, 0x7,
    0xac, 0xfb, 0x61, 0x0, 0x0, 0x0, 0x5c, 0xff,
    0x54, 0xc1, 0xf4, 0x4a, 0x0, 0x0, 0x0, 0x0,
    0x5c, 0xff, 0xf2, 0xff, 0x3f, 0x0, 0x0, 0x0,
    0x0, 0x0, 0x5c, 0xff, 0x9c, 0xfc, 0xbd, 0xa,
    0x0, 0x0, 0x0, 0x0, 0x5c, 0xff, 0x44, 0x55,
    0xfb, 0xc0, 0xc, 0x0, 0x0, 0x0, 0x5c, 0xff,
    0x44, 0x0, 0x50, 0xf9, 0xc4, 0xd, 0x0, 0x0,
    0x5c, 0xff, 0x44, 0x0, 0x0, 0x4c, 0xf8, 0xc7,
    0xf, 0x0, 0x5c, 0xff, 0x44, 0x0, 0x0, 0x0,
    0x47, 0xf7, 0xcb, 0x11,

    /* U+006C "l" */
    0x4c, 0xff, 0x50, 0x4c, 0xff, 0x50, 0x4c, 0xff,
    0x50, 0x4c, 0xff, 0x50, 0x4c, 0xff, 0x50, 0x4c,
    0xff, 0x50, 0x4c, 0xff, 0x50, 0x4c, 0xff, 0x50,
    0x4c, 0xff, 0x50, 0x4c, 0xff, 0x50, 0x4c, 0xff,
    0x50, 0x4c, 0xff, 0x50, 0x4c, 0xff, 0x50, 0x4c,
    0xff, 0x50,

    /* U+006D "m" */
    0x5c, 0xff, 0x46, 0x77, 0xdf, 0xf7, 0xca, 0x3a,
    0x0, 0x3d, 0xc3, 0xf5, 0xe7, 0x7d, 0x0, 0x5c,
    0xff, 0xc8, 0xd3, 0x7a, 0x80, 0xef, 0xf3, 0x50,
    0xef, 0x8f, 0x71, 0xc5, 0xff, 0x5c, 0x5c, 0xff,
    0xd3, 0x8, 0x0, 0x0, 0x51, 0xff, 0xfd, 0x3a,
    0x0, 0x0, 0x8, 0xe9, 0xc7, 0x5c, 0xff, 0x69,
    0x0, 0x0, 0x0, 0x12, 0xff, 0xc9, 0x0, 0x0,
    0x0, 0x0, 0xb2, 0xec, 0x5c, 0xff, 0x48, 0x0,
    0x0, 0x0, 0x0, 0xff, 0xa8, 0x0, 0x0, 0x0,
    0x0, 0xa0, 0xff, 0x5c, 0xff, 0x44, 0x0, 0x0,
    0x0, 0x0, 0xff, 0xa4, 0x0, 0x0, 0x0, 0x0,
    0xa0, 0xff, 0x5c, 0xff, 0x44, 0x0, 0x0, 0x0,
    0x0, 0xff, 0xa4, 0x0, 0x0, 0x0, 0x0, 0xa0,
    0xff, 0x5c, 0xff, 0x44, 0x0, 0x0, 0x0, 0x0,
    0xff, 0xa4, 0x0, 0x0, 0x0, 0x0, 0xa0, 0xff,
    0x5c, 0xff, 0x44, 0x0, 0x0, 0x0, 0x0, 0xff,
    0xa4, 0x0, 0x0, 0x0, 0x0, 0xa0, 0xff, 0x5c,
    0xff, 0x44, 0x0, 0x0, 0x0, 0x0, 0xff, 0xa4,
    0x0, 0x0, 0x0, 0x0, 0xa0, 0xff,

    /* U+006E "n" */
    0x5c, 0xff, 0x4a, 0x81, 0xe0, 0xf9, 0xda, 0x5f,
    0x0, 0x5c, 0xff, 0xde, 0xaa, 0x43, 0x3c, 0xb2,
    0xff, 0x3b, 0x5c, 0xff, 0xbe, 0x0, 0x0, 0x0,
    0xd, 0xf2, 0xa7, 0x5c, 0xff, 0x61, 0x0, 0x0,
    0x0, 0x0, 0xca, 0xcc, 0x5c, 0xff, 0x45, 0x0,
    0x0, 0x0, 0x0, 0xbc, 0xdf, 0x5c, 0xff, 0x44,
    0x0, 0x0, 0x0, 0x0, 0xbc, 0xe0, 0x5c, 0xff,
    0x44, 0x0, 0x0, 0x0, 0x0, 0xbc, 0xe0, 0x5c,
    0xff, 0x44, 0x0, 0x0, 0x0, 0x0, 0xbc, 0xe0,
    0x5c, 0xff, 0x44, 0x0, 0x0, 0x0, 0x0, 0xbc,
    0xe0, 0x5c, 0xff, 0x44, 0x0, 0x0, 0x0, 0x0,
    0xbc, 0xe0,

    /* U+006F "o" */
    0x0, 0x14, 0x95, 0xe3, 0xfa, 0xe4, 0x97, 0x15,
    0x0, 0x0, 0xf, 0xda, 0xfe, 0x9c, 0x69, 0x9b,
    0xfe, 0xdc, 0x10, 0x0, 0x85, 0xff, 0x6a, 0x0,
    0x0, 0x0, 0x6a, 0xff, 0x8b, 0x0, 0xd6, 0xea,
    0x4, 0x0, 0x0, 0x0, 0x4, 0xe8, 0xdc, 0x0,
    0xf7, 0xc3, 0x0, 0x0, 0x0, 0x0, 0x0, 0xc0,
    0xfc, 0x1, 0xf7, 0xc3, 0x0, 0x0, 0x0, 0x0,
    0x0, 0xc1, 0xfc, 0x1, 0xd5, 0xea, 0x4, 0x0,
    0x0, 0x0, 0x3, 0xe8, 0xdc, 0x0, 0x85, 0xff,
    0x68, 0x0, 0x0, 0x0, 0x68, 0xff, 0x8b, 0x0,
    0xf, 0xda, 0xfd, 0x9a, 0x69, 0x99, 0xfd, 0xdc,
    0x11, 0x0, 0x0, 0x15, 0x96, 0xe4, 0xfb, 0xe5,
    0x98, 0x16, 0x0, 0x0,

    /* U+0070 "p" */
    0x5c, 0xff, 0x50, 0x8f, 0xe5, 0xf9, 0xd2, 0x56,
    0x0, 0x0, 0x5c, 0xff, 0xe5, 0xa4, 0x2f, 0x2e,
    0xa0, 0xff, 0x5c, 0x0, 0x5c, 0xff, 0xd2, 0x1,
    0x0, 0x0, 0x1, 0xcb, 0xec, 0x8, 0x5c, 0xff,
    0x71, 0x0, 0x0, 0x0, 0x0, 0x6a, 0xff, 0x45,
    0x5c, 0xff, 0x4f, 0x0, 0x0, 0x0, 0x0, 0x48,
    0xff, 0x67, 0x5c, 0xff, 0x56, 0x0, 0x0, 0x0,
    0x0, 0x4f, 0xff, 0x67, 0x5c, 0xff, 0x81, 0x0,
    0x0, 0x0, 0x0, 0x79, 0xff, 0x45, 0x5c, 0xff,
    0xe6, 0x11, 0x0, 0x0, 0xf, 0xe1, 0xec, 0x8,
    0x5c, 0xff, 0xce, 0xd9, 0x74, 0x73, 0xd6, 0xff,
    0x5f, 0x0, 0x5c, 0xff, 0x48, 0x81, 0xe2, 0xf9,
    0xd3, 0x59, 0x0, 0x0, 0x5c, 0xff, 0x44, 0x0,
    0x0, 0x0, 0x0, 0x0, 0x0, 0x0, 0x5c, 0xff,
    0x44, 0x0, 0x0, 0x0, 0x0, 0x0, 0x0, 0x0,
    0x5c, 0xff, 0x44, 0x0, 0x0, 0x0, 0x0, 0x0,
    0x0, 0x0, 0x5c, 0xff, 0x44, 0x0, 0x0, 0x0,
    0x0, 0x0, 0x0, 0x0,

    /* U+0071 "q" */
    0x0, 0x1c, 0xa9, 0xf0, 0xf2, 0xb8, 0x2a, 0xd4,
    0xcc, 0x10, 0xdf, 0xfa, 0x90, 0x66, 0xa2, 0xe9,
    0xe5, 0xcc, 0x86, 0xff, 0x58, 0x0, 0x0, 0x0,
    0x84, 0xff, 0xcc, 0xd6, 0xdf, 0x1, 0x0, 0x0,
    0x0, 0xf, 0xfd, 0xcc, 0xf8, 0xb7, 0x0, 0x0,
    0x0, 0x0, 0x0, 0xe3, 0xcc, 0xf8, 0xb6, 0x0,
    0x0, 0x0, 0x0, 0x0, 0xe4, 0xcc, 0xd6, 0xdf,
    0x1, 0x0, 0x0, 0x0, 0xf, 0xfd, 0xcc, 0x87,
    0xff, 0x56, 0x0, 0x0, 0x0, 0x82, 0xff, 0xcc,
    0x11, 0xe1, 0xfa, 0x8e, 0x65, 0xa1, 0xe9, 0xe6,
    0xcc, 0x0, 0x1e, 0xab, 0xf2, 0xf3, 0xb8, 0x2a,
    0xd4, 0xcc, 0x0, 0x0, 0x0, 0x0, 0x0, 0x0,
    0x0, 0xd4, 0xcc, 0x0, 0x0, 0x0, 0x0, 0x0,
    0x0, 0x0, 0xd4, 0xcc, 0x0, 0x0, 0x0, 0x0,
    0x0, 0x0, 0x0, 0xd4, 0xcc, 0x0, 0x0, 0x0,
    0x0, 0x0, 0x0, 0x0, 0xd4, 0xcc,

    /* U+0072 "r" */
    0x0, 0x0, 0x0, 0x0, 0x0, 0x3, 0xa, 0x5c,
    0xff, 0x4e, 0x8b, 0xe1, 0xfc, 0x65, 0x5c, 0xff,
    0xe2, 0xb7, 0x4d, 0x3d, 0x2b, 0x5c, 0xff, 0xcd,
    0x1, 0x0, 0x0, 0x0, 0x5c, 0xff, 0x6c, 0x0,
    0x0, 0x0, 0x0, 0x5c, 0xff, 0x4b, 0x0, 0x0,
    0x0, 0x0, 0x5c, 0xff, 0x44, 0x0, 0x0, 0x0,
    0x0, 0x5c, 0xff, 0x44, 0x0, 0x0, 0x0, 0x0,
    0x5c, 0xff, 0x44, 0x0, 0x0, 0x0, 0x0, 0x5c,
    0xff, 0x44, 0x0, 0x0, 0x0, 0x0, 0x5c, 0xff,
    0x44, 0x0, 0x0, 0x0, 0x0,

    /* U+0073 "s" */
    0x0, 0x5, 0x7b, 0xd6, 0xf5, 0xf1, 0xd5, 0x93,
    0x0, 0x0, 0x91, 0xfe, 0x9c, 0x64, 0x66, 0x89,
    0xd1, 0x0, 0x0, 0xe2, 0xb1, 0x0, 0x0, 0x0,
    0x0, 0x0, 0x0, 0x0, 0xd3, 0xe0, 0x2e, 0x0,
    0x0, 0x0, 0x0, 0x0, 0x0, 0x47, 0xef, 0xff,
    0xde, 0x9d, 0x52, 0x3, 0x0, 0x0, 0x0, 0x10,
    0x5a, 0x9b, 0xdd, 0xff, 0xca, 0xa, 0x0, 0x0,
    0x0, 0x0, 0x0, 0x0, 0x77, 0xff, 0x62, 0x1,
    0x10, 0x0, 0x0, 0x0, 0x0, 0x40, 0xff, 0x73,
    0x8, 0xf7, 0xa8, 0x77, 0x5e, 0x7a, 0xe3, 0xf3,
    0x21, 0x3, 0x88, 0xc8, 0xec, 0xf9, 0xe1, 0xa3,
    0x29, 0x0,

    /* U+0074 "t" */
    0x0, 0x2a, 0x80, 0x26, 0x0, 0x0, 0x0, 0x0,
    0x54, 0xff, 0x4c, 0x0, 0x0, 0x0, 0x0, 0x54,
    0xff, 0x4c, 0x0, 0x0, 0x0, 0x84, 0xff, 0xff,
    0xff, 0xff, 0xff, 0xa0, 0x21, 0x7f, 0xff, 0x79,
    0x40, 0x40, 0x28, 0x0, 0x54, 0xff, 0x4c, 0x0,
    0x0, 0x0, 0x0, 0x54, 0xff, 0x4c, 0x0, 0x0,
    0x0, 0x0, 0x54, 0xff, 0x4c, 0x0, 0x0, 0x0,
    0x0, 0x54, 0xff, 0x4c, 0x0, 0x0, 0x0, 0x0,
    0x53, 0xff, 0x4c, 0x0, 0x0, 0x0, 0x0, 0x46,
    0xff, 0x5e, 0x0, 0x0, 0x0, 0x0, 0x15, 0xfa,
    0xd3, 0x65, 0x58, 0x37, 0x0, 0x0, 0x59, 0xd5,
    0xf9, 0xff, 0xa0,

    /* U+0075 "u" */
    0x78, 0xff, 0x24, 0x0, 0x0, 0x0, 0x0, 0xd8,
    0xc8, 0x78, 0xff, 0x24, 0x0, 0x0, 0x0, 0x0,
    0xd8, 0xc8, 0x78, 0xff, 0x24, 0x0, 0x0, 0x0,
    0x0, 0xd8, 0xc8, 0x78, 0xff, 0x24, 0x0, 0x0,
    0x0, 0x0, 0xd8, 0xc8, 0x78, 0xff, 0x24, 0x0,
    0x0, 0x0, 0x0, 0xd8, 0xc8, 0x77, 0xff, 0x24,
    0x0, 0x0, 0x0, 0x0, 0xdc, 0xc8, 0x65, 0xff,
    0x36, 0x0, 0x0, 0x0, 0x5, 0xfa, 0xc8, 0x3f,
    0xff, 0x7e, 0x0, 0x0, 0x0, 0x77, 0xff, 0xc8,
    0x1, 0xd1, 0xfb, 0x94, 0x70, 0xa9, 0xde, 0xe5,
    0xc8, 0x0, 0x23, 0xb6, 0xf5, 0xf1, 0xad, 0x1d,
    0xd8, 0xc8,

    /* U+0076 "v" */
    0x49, 0xff, 0x6e, 0x0, 0x0, 0x0, 0x0, 0x0,
    0xc7, 0xe8, 0x4, 0x3, 0xe6, 0xcc, 0x0, 0x0,
    0x0, 0x0, 0x25, 0xff, 0x8e, 0x0, 0x0, 0x8b,
    0xff, 0x2a, 0x0, 0x0, 0x0, 0x83, 0xff, 0x2f,
    0x0, 0x0, 0x2c, 0xff, 0x88, 0x0, 0x0, 0x1,
    0xdf, 0xd1, 0x0, 0x0, 0x0, 0x0, 0xce, 0xe3,
    0x2, 0x0, 0x3f, 0xff, 0x72, 0x0, 0x0, 0x0,
    0x0, 0x6f, 0xff, 0x44, 0x0, 0x9d, 0xfc, 0x18,
    0x0, 0x0, 0x0, 0x0, 0x15, 0xfa, 0xa2, 0x9,
    0xf1, 0xb6, 0x0, 0x0, 0x0, 0x0, 0x0, 0x0,
    0xb1, 0xf4, 0x64, 0xff, 0x57, 0x0, 0x0, 0x0,
    0x0, 0x0, 0x0, 0x52, 0xff, 0xf1, 0xf0, 0x8,
    0x0, 0x0, 0x0, 0x0, 0x0, 0x0, 0x6, 0xed,
    0xff, 0x9b, 0x0, 0x0, 0x0, 0x0,

    /* U+0077 "w" */
    0x1f, 0xff, 0x80, 0x0, 0x0, 0x0, 0xba, 0xff,
    0x70, 0x0, 0x0, 0x0, 0xc9, 0xd6, 0x0, 0xde,
    0xc3, 0x0, 0x0, 0x6, 0xf5, 0xfd, 0xb3, 0x0,
    0x0, 0xe, 0xfc, 0x94, 0x0, 0x9c, 0xfa, 0xb,
    0x0, 0x3e, 0xff, 0xa3, 0xf2, 0x4, 0x0, 0x4d,
    0xff, 0x52, 0x0, 0x5a, 0xff, 0x47, 0x0, 0x80,
    0xe9, 0x34, 0xff, 0x39, 0x0, 0x8e, 0xfd, 0x12,
    0x0, 0x18, 0xff, 0x89, 0x0, 0xc2, 0xa8, 0x2,
    0xee, 0x7b, 0x0, 0xd0, 0xce, 0x0, 0x0, 0x0,
    0xd6, 0xcb, 0xa, 0xf9, 0x66, 0x0, 0xaf, 0xbe,
    0x13, 0xfe, 0x8c, 0x0, 0x0, 0x0, 0x94, 0xfd,
    0x57, 0xff, 0x23, 0x0, 0x6c, 0xf8, 0x5c, 0xff,
    0x4a, 0x0, 0x0, 0x0, 0x52, 0xff, 0xd6, 0xe1,
    0x0, 0x0, 0x2a, 0xff, 0xd5, 0xfb, 0xd, 0x0,
    0x0, 0x0, 0x11, 0xfd, 0xff, 0x9f, 0x0, 0x0,
    0x0, 0xe7, 0xff, 0xc6, 0x0, 0x0, 0x0, 0x0,
    0x0, 0xcd, 0xff, 0x5d, 0x0, 0x0, 0x0, 0xa5,
    0xff, 0x84, 0x0, 0x0,

    /* U+0078 "x" */
    0x4, 0xc5, 0xf4, 0x28, 0x0, 0x0, 0x0, 0x66,
    0xff, 0x81, 0x0, 0x0, 0x1f, 0xef, 0xd0, 0x8,
    0x0, 0x2b, 0xf6, 0xc2, 0x3, 0x0, 0x0, 0x0,
    0x52, 0xff, 0x94, 0x9, 0xd3, 0xed, 0x1d, 0x0,
    0x0, 0x0, 0x0, 0x0, 0x96, 0xff, 0xc5, 0xff,
    0x4f, 0x0, 0x0, 0x0, 0x0, 0x0, 0x0, 0x8,
    0xdc, 0xff, 0x97, 0x0, 0x0, 0x0, 0x0, 0x0,
    0x0, 0x0, 0x36, 0xfa, 0xff, 0xc3, 0x3, 0x0,
    0x0, 0x0, 0x0, 0x0, 0xe, 0xde, 0xe6, 0x7a,
    0xff, 0x82, 0x0, 0x0, 0x0, 0x0, 0x0, 0xa7,
    0xfd, 0x42, 0x0, 0xaa, 0xfd, 0x3f, 0x0, 0x0,
    0x0, 0x63, 0xff, 0x85, 0x0, 0x0, 0x10, 0xe0,
    0xe4, 0x13, 0x0, 0x28, 0xf5, 0xc5, 0x4, 0x0,
    0x0, 0x0, 0x39, 0xfb, 0xb1, 0x0,

    /* U+0079 "y" */
    0x46, 0xff, 0x70, 0x0, 0x0, 0x0, 0x0, 0x0,
    0xca, 0xe6, 0x3, 0x1, 0xdd, 0xd3, 0x0, 0x0,
    0x0, 0x0, 0x2c, 0xff, 0x86, 0x0, 0x0, 0x7a,
    0xff, 0x36, 0x0, 0x0, 0x0, 0x8f, 0xfe, 0x23,
    0x0, 0x0, 0x18, 0xfb, 0x99, 0x0, 0x0, 0x6,
    0xeb, 0xbf, 0x0, 0x0, 0x0, 0x0, 0xae, 0xf1,
    0xa, 0x0, 0x55, 0xff, 0x5b, 0x0, 0x0, 0x0,
    0x0, 0x48, 0xff, 0x5f, 0x0, 0xb8, 0xef, 0x8,
    0x0, 0x0, 0x0, 0x0, 0x2, 0xe0, 0xc2, 0x1d,
    0xfd, 0x94, 0x0, 0x0, 0x0, 0x0, 0x0, 0x0,
    0x7d, 0xff, 0xa4, 0xff, 0x30, 0x0, 0x0, 0x0,
    0x0, 0x0, 0x0, 0x1a, 0xfc, 0xff, 0xcc, 0x0,
    0x0, 0x0, 0x0, 0x0, 0x0, 0x0, 0x0, 0xb1,
    0xff, 0x69, 0x0, 0x0, 0x0, 0x0, 0x0, 0x0,
    0x0, 0x0, 0xaa, 0xf6, 0xf, 0x0, 0x0, 0x0,
    0x0, 0x0, 0x0, 0x0, 0x1b, 0xfa, 0x9e, 0x0,
    0x0, 0x0, 0x0, 0x0, 0x0, 0x32, 0x5e, 0xc8,
    0xfb, 0x29, 0x0, 0x0, 0x0, 0x0, 0x0, 0x0,
    0x94, 0xfe, 0xdf, 0x5a, 0x0, 0x0, 0x0, 0x0,
    0x0, 0x0,

    /* U+007A "z" */
    0x0, 0xff, 0xff, 0xff, 0xff, 0xff, 0xff, 0xff,
    0xac, 0x0, 0x48, 0x48, 0x48, 0x48, 0x48, 0x99,
    0xff, 0x8d, 0x0, 0x0, 0x0, 0x0, 0x0, 0x33,
    0xf5, 0xc6, 0x7, 0x0, 0x0, 0x0, 0x0, 0x1b,
    0xe5, 0xe0, 0x17, 0x0, 0x0, 0x0, 0x0, 0xa,
    0xcc, 0xf3, 0x2d, 0x0, 0x0, 0x0, 0x0, 0x1,
    0xac, 0xfd, 0x4d, 0x0, 0x0, 0x0, 0x0, 0x0,
    0x84, 0xff, 0x73, 0x0, 0x0, 0x0, 0x0, 0x0,
    0x5b, 0xff, 0x9d, 0x0, 0x0, 0x0, 0x0, 0x0,
    0x21, 0xf8, 0xe6, 0x4d, 0x48, 0x48, 0x48, 0x48,
    0x30, 0x38, 0xff, 0xff, 0xff, 0xff, 0xff, 0xff,
    0xff, 0xac,

    /* U+007B "{" */
    0x0, 0x0, 0x0, 0x28, 0xb7, 0xed, 0xfd, 0x34,
    0x0, 0x0, 0x0, 0xc0, 0xf7, 0x69, 0x40, 0xc,
    0x0, 0x0, 0x0, 0xf6, 0xb1, 0x0, 0x0, 0x0,
    0x0, 0x0, 0x3, 0xff, 0x9d, 0x0, 0x0, 0x0,
    0x0, 0x0, 0x4, 0xff, 0x9c, 0x0, 0x0, 0x0,
    0x0, 0x0, 0x6, 0xff, 0x9a, 0x0, 0x0, 0x0,
    0x0, 0x0, 0x20, 0xff, 0x88, 0x0, 0x0, 0x0,
    0x6, 0x1f, 0xa3, 0xff, 0x42, 0x0, 0x0, 0x0,
    0xc0, 0xff, 0xfd, 0x73, 0x0, 0x0, 0x0, 0x0,
    0x2a, 0x4e, 0xc0, 0xf9, 0x38, 0x0, 0x0, 0x0,
    0x0, 0x0, 0x24, 0xff, 0x8a, 0x0, 0x0, 0x0,
    0x0, 0x0, 0x5, 0xff, 0x9b, 0x0, 0x0, 0x0,
    0x0, 0x0, 0x4, 0xff, 0x9c, 0x0, 0x0, 0x0,
    0x0, 0x0, 0x1, 0xfe, 0xa5, 0x0, 0x0, 0x0,
    0x0, 0x0, 0x0, 0xe0, 0xe4, 0x2e, 0xb, 0x1,
    0x0, 0x0, 0x0, 0x5d, 0xf3, 0xff, 0xff, 0x34,
    0x0, 0x0, 0x0, 0x0, 0x6, 0x28, 0x36, 0xb,

    /* U+007C "|" */
    0xb8, 0xc8, 0xb8, 0xc8, 0xb8, 0xc8, 0xb8, 0xc8,
    0xb8, 0xc8, 0xb8, 0xc8, 0xb8, 0xc8, 0xb8, 0xc8,
    0xb8, 0xc8, 0xb8, 0xc8, 0xb8, 0xc8, 0xb8, 0xc8,
    0xb8, 0xc8, 0xb8, 0xc8, 0xb8, 0xc8, 0xb8, 0xc8,
    0xb8, 0xc8, 0xb8, 0xc8,

    /* U+007D "}" */
    0xbf, 0xf7, 0xd6, 0x6e, 0x0, 0x0, 0x0, 0x0,
    0x2d, 0x4d, 0xbf, 0xff, 0x2f, 0x0, 0x0, 0x0,
    0x0, 0x0, 0x3e, 0xff, 0x65, 0x0, 0x0, 0x0,
    0x0, 0x0, 0x29, 0xff, 0x73, 0x0, 0x0, 0x0,
    0x0, 0x0, 0x28, 0xff, 0x74, 0x0, 0x0, 0x0,
    0x0, 0x0, 0x26, 0xff, 0x76, 0x0, 0x0, 0x0,
    0x0, 0x0, 0x16, 0xff, 0x90, 0x0, 0x0, 0x0,
    0x0, 0x0, 0x0, 0xd0, 0xe9, 0x40, 0xe, 0x1,
    0x0, 0x0, 0x0, 0x22, 0xda, 0xff, 0xff, 0x34,
    0x0, 0x0, 0x0, 0xc1, 0xf2, 0x6b, 0x3e, 0xb,
    0x0, 0x0, 0x17, 0xff, 0x93, 0x0, 0x0, 0x0,
    0x0, 0x0, 0x27, 0xff, 0x75, 0x0, 0x0, 0x0,
    0x0, 0x0, 0x28, 0xff, 0x74, 0x0, 0x0, 0x0,
    0x0, 0x0, 0x31, 0xff, 0x6f, 0x0, 0x0, 0x0,
    0x6, 0x16, 0x8f, 0xff, 0x4f, 0x0, 0x0, 0x0,
    0xc0, 0xff, 0xff, 0xba, 0x6, 0x0, 0x0, 0x0,
    0x29, 0x31, 0x15, 0x0, 0x0, 0x0, 0x0, 0x0,

    /* U+007E "~" */
    0x0, 0x0, 0x0, 0xd, 0x17, 0x2, 0x0, 0x0,
    0x0, 0x0, 0x0, 0x9, 0xc, 0x0, 0x4e, 0xc8,
    0xfe, 0xff, 0xf0, 0xac, 0x64, 0x2f, 0x2c, 0x6c,
    0xdf, 0x2c, 0x17, 0xfa, 0xa4, 0x5f, 0x5e, 0x91,
    0xd9, 0xff, 0xff, 0xff, 0xf4, 0x8a, 0x8, 0xc,
    0x2b, 0x0, 0x0, 0x0, 0x0, 0x0, 0x1f, 0x46,
    0x3f, 0xc, 0x0, 0x0,

    /* U+00B0 "°" */
    0x0, 0x32, 0xc1, 0xec, 0xbd, 0x2f, 0x0, 0xd,
    0xe9, 0x81, 0x32, 0x84, 0xe8, 0xc, 0x3b, 0xe2,
    0x0, 0x0, 0x0, 0xe3, 0x3a, 0x17, 0xf5, 0x4f,
    0x3, 0x4f, 0xf3, 0x15, 0x0, 0x59, 0xef, 0xfe,
    0xeb, 0x51, 0x0, 0x0, 0x0, 0x2, 0x19, 0x2,
    0x0, 0x0,

    /* U+4E0A "上" */
    0x0, 0x0, 0x0, 0x0, 0x0, 0x0, 0x54, 0xff,
    0x20, 0x0, 0x0, 0x0, 0x0, 0x0, 0x0, 0x0,
    0x0, 0x0, 0x0, 0x0, 0x0, 0x0, 0x54, 0xff,
    0x20, 0x0, 0x0, 0x0, 0x0, 0x0, 0x0, 0x0,
    0x0, 0x0, 0x0, 0x0, 0x0, 0x0, 0x54, 0xff,
    0x20, 0x0, 0x0, 0x0, 0x0, 0x0, 0x0, 0x0,
    0x0, 0x0, 0x0, 0x0, 0x0, 0x0, 0x54, 0xff,
    0x20, 0x0, 0x0, 0x0, 0x0, 0x0, 0x0, 0x0,
    0x0, 0x0, 0x0, 0x0, 0x0, 0x0, 0x54, 0xff,
    0x70, 0x5c, 0x5c, 0x5c, 0x5c, 0x5c, 0x51, 0x0,
    0x0, 0x0, 0x0, 0x0, 0x0, 0x0, 0x54, 0xff,
    0xff, 0xff, 0xff, 0xff, 0xff, 0xff, 0xe4, 0x0,
    0x0, 0x0, 0x0, 0x0, 0x0, 0x0, 0x54, 0xff,
    0x2a, 0xc, 0xc, 0xc, 0xc, 0xc, 0xa, 0x0,
    0x0, 0x0, 0x0, 0x0, 0x0, 0x0, 0x54, 0xff,
    0x20, 0x0, 0x0, 0x0, 0x0, 0x0, 0x0, 0x0,
    0x0, 0x0, 0x0, 0x0, 0x0, 0x0, 0x54, 0xff,
    0x20, 0x0, 0x0, 0x0, 0x0, 0x0, 0x0, 0x0,
    0x0, 0x0, 0x0, 0x0, 0x0, 0x0, 0x54, 0xff,
    0x20, 0x0, 0x0, 0x0, 0x0, 0x0, 0x0, 0x0,
    0x0, 0x0, 0x0, 0x0, 0x0, 0x0, 0x54, 0xff,
    0x20, 0x0, 0x0, 0x0, 0x0, 0x0, 0x0, 0x0,
    0x0, 0x0, 0x0, 0x0, 0x0, 0x0, 0x54, 0xff,
    0x20, 0x0, 0x0, 0x0, 0x0, 0x0, 0x0, 0x0,
    0x0, 0x0, 0x0, 0x0, 0x0, 0x0, 0x54, 0xff,
    0x20, 0x0, 0x0, 0x0, 0x0, 0x0, 0x0, 0x0,
    0x22, 0x68, 0x68, 0x68, 0x68, 0x68, 0x99, 0xff,
    0x7b, 0x68, 0x68, 0x68, 0x68, 0x68, 0x68, 0x68,
    0x54, 0xff, 0xff, 0xff, 0xff, 0xff, 0xff, 0xff,
    0xff, 0xff, 0xff, 0xff, 0xff, 0xff, 0xff, 0xff,

    /* U+4E2D "中" */
    0x0, 0x0, 0x0, 0x0, 0x0, 0x0, 0x0, 0xff,
    0x68, 0x0, 0x0, 0x0, 0x0, 0x0, 0x0, 0x0,
    0x0, 0x0, 0x0, 0x0, 0x0, 0x0, 0x0, 0xff,
    0x68, 0x0, 0x0, 0x0, 0x0, 0x0, 0x0, 0x0,
    0x0, 0x0, 0x0, 0x0, 0x0, 0x0, 0x0, 0xff,
    0x68, 0x0, 0x0, 0x0, 0x0, 0x0, 0x0, 0x0,
    0x8, 0xff, 0xff, 0xff, 0xff, 0xff, 0xff, 0xff,
    0xff, 0xff, 0xff, 0xff, 0xff, 0xff, 0xff, 0x1c,
    0x8, 0xff, 0x97, 0x58, 0x58, 0x58, 0x58, 0xff,
    0x9c, 0x58, 0x58, 0x58, 0x58, 0x89, 0xff, 0x1c,
    0x8, 0xff, 0x60, 0x0, 0x0, 0x0, 0x0, 0xff,
    0x68, 0x0, 0x0, 0x0, 0x0, 0x4c, 0xff, 0x1c,
    0x8, 0xff, 0x60, 0x0, 0x0, 0x0, 0x0, 0xff,
    0x68, 0x0, 0x0, 0x0, 0x0, 0x4c, 0xff, 0x1c,
    0x8, 0xff, 0x60, 0x0, 0x0, 0x0, 0x0, 0xff,
    0x68, 0x0, 0x0, 0x0, 0x0, 0x4c, 0xff, 0x1c,
    0x8, 0xff, 0x60, 0x0, 0x0, 0x0, 0x0, 0xff,
    0x68, 0x0, 0x0, 0x0, 0x0, 0x4c, 0xff, 0x1c,
    0x8, 0xff, 0xff, 0xff, 0xff, 0xff, 0xff, 0xff,
    0xff, 0xff, 0xff, 0xff, 0xff, 0xff, 0xff, 0x1c,
    0x8, 0xff, 0x97, 0x58, 0x58, 0x58, 0x58, 0xff,
    0x9c, 0x58, 0x58, 0x58, 0x58, 0x89, 0xff, 0x1c,
    0x6, 0xcc, 0x4c, 0x0, 0x0, 0x0, 0x0, 0xff,
    0x68, 0x0, 0x0, 0x0, 0x0, 0x31, 0xa8, 0x12,
    0x0, 0x0, 0x0, 0x0, 0x0, 0x0, 0x0, 0xff,
    0x68, 0x0, 0x0, 0x0, 0x0, 0x0, 0x0, 0x0,
    0x0, 0x0, 0x0, 0x0, 0x0, 0x0, 0x0, 0xff,
    0x68, 0x0, 0x0, 0x0, 0x0, 0x0, 0x0, 0x0,
    0x0, 0x0, 0x0, 0x0, 0x0, 0x0, 0x0, 0xff,
    0x68, 0x0, 0x0, 0x0, 0x0, 0x0, 0x0, 0x0,
    0x0, 0x0, 0x0, 0x0, 0x0, 0x0, 0x0, 0xff,
    0x68, 0x0, 0x0, 0x0, 0x0, 0x0, 0x0, 0x0,
    0x0, 0x0, 0x0, 0x0, 0x0, 0x0, 0x0, 0xff,
    0x68, 0x0, 0x0, 0x0, 0x0, 0x0, 0x0, 0x0,

    /* U+4E3A "为" */
    0x0, 0x0, 0x0, 0x1f, 0x0, 0x0, 0x72, 0xff,
    0xa, 0x0, 0x0, 0x0, 0x0, 0x0, 0x0, 0x0,
    0x0, 0x87, 0xf5, 0x28, 0x0, 0x75, 0xff, 0x9,
    0x0, 0x0, 0x0, 0x0, 0x0, 0x0, 0x0, 0x0,
    0x15, 0xec, 0xc2, 0x0, 0x78, 0xff, 0x6, 0x0,
    0x0, 0x0, 0x0, 0x0, 0x0, 0x0, 0x0, 0x0,
    0x7a, 0xf5, 0x29, 0x83, 0xff, 0x1, 0x0, 0x0,
    0x0, 0x0, 0x0, 0x0, 0x0, 0x0, 0x0, 0xb,
    0xf, 0x0, 0x8e, 0xfb, 0x0, 0x0, 0x0, 0x0,
    0x0, 0x0, 0x0, 0x0, 0xa4, 0xff, 0xff, 0xff,
    0xff, 0xff, 0xff, 0xff, 0xff, 0xff, 0xff, 0xff,
    0xff, 0xff, 0x0, 0x38, 0x58, 0x58, 0x58, 0x58,
    0xcc, 0xdb, 0x58, 0x58, 0x58, 0x58, 0x58, 0x9c,
    0xfe, 0x0, 0x0, 0x0, 0x0, 0x0, 0x0, 0xd5,
    0xaa, 0x0, 0x0, 0x0, 0x0, 0x0, 0x6a, 0xfc,
    0x0, 0x0, 0x0, 0x0, 0x0, 0x16, 0xfe, 0x75,
    0x6a, 0x77, 0x0, 0x0, 0x0, 0x6d, 0xf8, 0x0,
    0x0, 0x0, 0x0, 0x0, 0x6c, 0xff, 0x2e, 0xa9,
    0xfb, 0x2f, 0x0, 0x0, 0x73, 0xf3, 0x0, 0x0,
    0x0, 0x0, 0x6, 0xdd, 0xca, 0x0, 0x1f, 0xfb,
    0xb1, 0x0, 0x0, 0x7d, 0xeb, 0x0, 0x0, 0x0,
    0x0, 0x82, 0xff, 0x48, 0x0, 0x0, 0xa8, 0xaa,
    0x5, 0x0, 0x8c, 0xdf, 0x0, 0x0, 0x0, 0x56,
    0xfe, 0xa3, 0x0, 0x0, 0x0, 0x2, 0x0, 0x0,
    0x0, 0xa4, 0xcc, 0x0, 0x0, 0x6e, 0xfc, 0xc5,
    0xa, 0x0, 0x0, 0x0, 0x0, 0x0, 0x0, 0x0,
    0xd0, 0xa6, 0x24, 0xbc, 0xff, 0xb3, 0xc, 0x0,
    0x0, 0x0, 0x0, 0x48, 0x82, 0x6e, 0x95, 0xff,
    0x5e, 0x1f, 0xe6, 0x6d, 0x1, 0x0, 0x0, 0x0,
    0x0, 0x0, 0x40, 0xde, 0xf8, 0xe6, 0x8e, 0x3,
    0x0, 0x5, 0x0, 0x0, 0x0, 0x0, 0x0, 0x0,
    0x0, 0x0, 0x0, 0x0, 0x0, 0x0, 0x0,

    /* U+4E60 "习" */
    0x23, 0x28, 0x28, 0x28, 0x28, 0x28, 0x28, 0x28,
    0x28, 0x28, 0x28, 0x28, 0x28, 0x12, 0xe4, 0xff,
    0xff, 0xff, 0xff, 0xff, 0xff, 0xff, 0xff, 0xff,
    0xff, 0xff, 0xff, 0x77, 0x0, 0x0, 0x0, 0x0,
    0x0, 0x0, 0x0, 0x0, 0x0, 0x0, 0x0, 0x0,
    0xff, 0x76, 0x0, 0x0, 0x3, 0x1e, 0x0, 0x0,
    0x0, 0x0, 0x0, 0x0, 0x0, 0x1, 0xff, 0x75,
    0x0, 0x0, 0x7c, 0xfe, 0xbe, 0x58, 0x1, 0x0,
    0x0, 0x0, 0x0, 0x2, 0xff, 0x74, 0x0, 0x0,
    0x8, 0x5e, 0xc7, 0xff, 0xcd, 0x40, 0x0, 0x0,
    0x0, 0x5, 0xff, 0x71, 0x0, 0x0, 0x0, 0x0,
    0x0, 0x52, 0xde, 0x9b, 0x0, 0x0, 0x0, 0x8,
    0xff, 0x6e, 0x0, 0x0, 0x0, 0x0, 0x0, 0x0,
    0x7, 0xd, 0x0, 0x0, 0x0, 0xc, 0xff, 0x6a,
    0x0, 0x0, 0x0, 0x0, 0x0, 0x0, 0x0, 0x2,
    0x52, 0x6d, 0x0, 0x12, 0xff, 0x65, 0x0, 0x0,
    0x0, 0x0, 0x0, 0x14, 0x74, 0xdb, 0xfb, 0x84,
    0x0, 0x18, 0xff, 0x5d, 0x0, 0x0, 0x6, 0x50,
    0xac, 0xf8, 0xf8, 0x98, 0x20, 0x0, 0x0, 0x23,
    0xff, 0x54, 0x44, 0xa5, 0xf0, 0xff, 0xe9, 0x8b,
    0x1a, 0x0, 0x0, 0x0, 0x0, 0x30, 0xff, 0x46,
    0x7b, 0xfa, 0xaf, 0x4f, 0x4, 0x0, 0x0, 0x0,
    0x0, 0x0, 0x0, 0x44, 0xff, 0x2f, 0x11, 0x14,
    0x0, 0x0, 0x0, 0x0, 0x0, 0x0, 0x0, 0x0,
    0x0, 0x69, 0xfe, 0xd, 0x0, 0x0, 0x0, 0x0,
    0x0, 0x0, 0x0, 0x0, 0x6a, 0xa8, 0x93, 0xe3,
    0xcc, 0x0, 0x0, 0x0, 0x0, 0x0, 0x0, 0x0,
    0x0, 0x0, 0x52, 0xe1, 0xf7, 0xd4, 0x35, 0x0,

    /* U+4EAE "亮" */
    0x0, 0x0, 0x0, 0x0, 0x0, 0x0, 0x0, 0x3,
    0x4b, 0x3e, 0x0, 0x0, 0x0, 0x0, 0x0, 0x0,
    0x0, 0x0, 0x0, 0x34, 0x34, 0x34, 0x34, 0x34,
    0x34, 0x34, 0xd8, 0xeb, 0x37, 0x34, 0x34, 0x34,
    0x34, 0x34, 0x34, 0x0, 0x4, 0xff, 0xff, 0xff,
    0xff, 0xff, 0xff, 0xff, 0xff, 0xff, 0xff, 0xff,
    0xff, 0xff, 0xff, 0xff, 0xff, 0x4, 0x0, 0x0,
    0x0, 0xd, 0x28, 0x28, 0x28, 0x28, 0x28, 0x28,
    0x28, 0x28, 0x28, 0x28, 0x10, 0x0, 0x0, 0x0,
    0x0, 0x0, 0x0, 0x58, 0xff, 0xff, 0xff, 0xff,
    0xff, 0xff, 0xff, 0xff, 0xff, 0xff, 0x6c, 0x0,
    0x0, 0x0, 0x0, 0x0, 0x0, 0x58, 0xec, 0xc,
    0xc, 0xc, 0xc, 0xc, 0xc, 0xc, 0xc, 0xec,
    0x6c, 0x0, 0x0, 0x0, 0x0, 0x0, 0x0, 0x58,
    0xff, 0xff, 0xff, 0xff, 0xff, 0xff, 0xff, 0xff,
    0xff, 0xff, 0x6c, 0x0, 0x0, 0x0, 0x0, 0x0,
    0x0, 0x9, 0x1c, 0x1c, 0x1c, 0x1c, 0x1c, 0x1c,
    0x1c, 0x1c, 0x1c, 0x1c, 0xb, 0x0, 0x0, 0x0,
    0x0, 0x2c, 0xff, 0xff, 0xff, 0xff, 0xff, 0xff,
    0xff, 0xff, 0xff, 0xff, 0xff, 0xff, 0xff, 0xff,
    0x2c, 0x0, 0x0, 0x2c, 0xff, 0x4d, 0x28, 0x28,
    0x28, 0x28, 0x28, 0x28, 0x28, 0x28, 0x28, 0x28,
    0x3c, 0xff, 0x2c, 0x0, 0x0, 0x2c, 0xff, 0x2c,
    0x0, 0x14, 0x28, 0x28, 0x28, 0x28, 0x28, 0x28,
    0xc, 0x0, 0x18, 0xff, 0x2c, 0x0, 0x0, 0x11,
    0x68, 0x11, 0x0, 0x84, 0xff, 0xff, 0xff, 0xff,
    0xff, 0xff, 0x50, 0x0, 0x6, 0x44, 0xb, 0x0,
    0x0, 0x0, 0x0, 0x0, 0x0, 0x95, 0xe1, 0x0,
    0x0, 0x0, 0x8, 0xff, 0x50, 0x0, 0x0, 0x0,
    0x0, 0x0, 0x0, 0x0, 0x0, 0x0, 0xc, 0xdd,
    0xc2, 0x0, 0x0, 0x0, 0x8, 0xff, 0x50, 0x0,
    0x0, 0x4d, 0x88, 0x0, 0x0, 0xf, 0x38, 0x74,
    0xd6, 0xfe, 0x52, 0x0, 0x0, 0x0, 0x5, 0xff,
    0xa4, 0x59, 0x65, 0xd6, 0xd9, 0x0, 0x0, 0xb6,
    0xff, 0xfb, 0xbd, 0x46, 0x0, 0x0, 0x0, 0x0,
    0x0, 0xb3, 0xf7, 0xfe, 0xf5, 0xd3, 0x49, 0x0,
    0x0, 0x19, 0x3e, 0xc, 0x0, 0x0, 0x0, 0x0,
    0x0, 0x0, 0x0, 0x0, 0x0, 0x0, 0x0, 0x0,
    0x0, 0x0,

    /* U+4EF6 "件" */
    0x0, 0x0, 0x0, 0xf, 0xcf, 0x3d, 0x0, 0xc,
    0xb, 0x0, 0x40, 0xff, 0x28, 0x0, 0x0, 0x0,
    0x0, 0x0, 0x0, 0x0, 0x5a, 0xff, 0x26, 0x0,
    0x6d, 0xef, 0x6, 0x40, 0xff, 0x28, 0x0, 0x0,
    0x0, 0x0, 0x0, 0x0, 0x0, 0xb9, 0xd7, 0x0,
    0x0, 0xc1, 0xb3, 0x0, 0x40, 0xff, 0x28, 0x0,
    0x0, 0x0, 0x0, 0x0, 0x0, 0x23, 0xfe, 0x88,
    0x0, 0x2b, 0xff, 0x85, 0x30, 0x64, 0xff, 0x50,
    0x30, 0x30, 0x30, 0x12, 0x0, 0x0, 0x9a, 0xff,
    0x3c, 0x0, 0xa1, 0xff, 0xff, 0xff, 0xff, 0xff,
    0xff, 0xff, 0xff, 0xff, 0x60, 0x0, 0x21, 0xfa,
    0xff, 0x28, 0x2e, 0xfd, 0x90, 0x28, 0x28, 0x5e,
    0xff, 0x49, 0x28, 0x28, 0x28, 0xf, 0x0, 0xb0,
    0xff, 0xff, 0x2b, 0xcb, 0xe6, 0xd, 0x0, 0x0,
    0x40, 0xff, 0x28, 0x0, 0x0, 0x0, 0x0, 0x28,
    0xff, 0xc4, 0xff, 0x2c, 0x8b, 0x43, 0x0, 0x0,
    0x0, 0x40, 0xff, 0x28, 0x0, 0x0, 0x0, 0x0,
    0x0, 0x8c, 0x43, 0xff, 0x28, 0x0, 0x0, 0x0,
    0x0, 0x0, 0x40, 0xff, 0x28, 0x0, 0x0, 0x0,
    0x0, 0x0, 0x0, 0x40, 0xff, 0x28, 0xd0, 0xff,
    0xff, 0xff, 0xff, 0xff, 0xff, 0xff, 0xff, 0xff,
    0xff, 0xff, 0x0, 0x0, 0x40, 0xff, 0x28, 0x47,
    0x58, 0x58, 0x58, 0x58, 0x82, 0xff, 0x72, 0x58,
    0x58, 0x58, 0x58, 0x0, 0x0, 0x40, 0xff, 0x28,
    0x0, 0x0, 0x0, 0x0, 0x0, 0x40, 0xff, 0x28,
    0x0, 0x0, 0x0, 0x0, 0x0, 0x0, 0x40, 0xff,
    0x28, 0x0, 0x0, 0x0, 0x0, 0x0, 0x40, 0xff,
    0x28, 0x0, 0x0, 0x0, 0x0, 0x0, 0x0, 0x40,
    0xff, 0x28, 0x0, 0x0, 0x0, 0x0, 0x0, 0x40,
    0xff, 0x28, 0x0, 0x0, 0x0, 0x0, 0x0, 0x0,
    0x40, 0xff, 0x28, 0x0, 0x0, 0x0, 0x0, 0x0,
    0x40, 0xff, 0x28, 0x0, 0x0, 0x0, 0x0, 0x0,
    0x0, 0x40, 0xff, 0x28, 0x0, 0x0, 0x0, 0x0,
    0x0, 0x40, 0xff, 0x28, 0x0, 0x0, 0x0, 0x0,
    0x0, 0x0, 0x40, 0xff, 0x28, 0x0, 0x0, 0x0,
    0x0, 0x0, 0x40, 0xff, 0x28, 0x0, 0x0, 0x0,
    0x0,

    /* U+4EFB "任" */
    0x0, 0x0, 0x0, 0x0, 0x55, 0x3b, 0x0, 0x0,
    0x0, 0x0, 0x0, 0x0, 0x0, 0x0, 0x0, 0x4,
    0x0, 0x0, 0x0, 0x0, 0x7, 0xef, 0x99, 0x49,
    0x67, 0x71, 0x7a, 0x83, 0x95, 0xb1, 0xcc, 0xe8,
    0xfe, 0x40, 0x0, 0x0, 0x0, 0x5a, 0xfe, 0x26,
    0x89, 0xfe, 0xf4, 0xe7, 0xe8, 0xff, 0xbd, 0x9e,
    0x82, 0x5e, 0x26, 0x0, 0x0, 0x0, 0xd0, 0xb0,
    0x0, 0x3, 0x2, 0x0, 0x0, 0x54, 0xff, 0x14,
    0x0, 0x0, 0x0, 0x0, 0x0, 0x0, 0x54, 0xff,
    0x68, 0x0, 0x0, 0x0, 0x0, 0x0, 0x54, 0xff,
    0x14, 0x0, 0x0, 0x0, 0x0, 0x0, 0x9, 0xe1,
    0xff, 0x68, 0x0, 0x0, 0x0, 0x0, 0x0, 0x54,
    0xff, 0x14, 0x0, 0x0, 0x0, 0x0, 0x0, 0x91,
    0xfd, 0xff, 0x68, 0x0, 0x0, 0x0, 0x0, 0x0,
    0x54, 0xff, 0x14, 0x0, 0x0, 0x0, 0x0, 0x3f,
    0xfe, 0x7f, 0xff, 0x68, 0x3, 0x14, 0x14, 0x14,
    0x14, 0x61, 0xff, 0x26, 0x14, 0x14, 0x14, 0x14,
    0x1f, 0xb4, 0x2, 0xff, 0x68, 0x30, 0xff, 0xff,
    0xff, 0xff, 0xff, 0xff, 0xff, 0xff, 0xff, 0xff,
    0xff, 0x0, 0x3, 0x0, 0xff, 0x68, 0x3, 0x14,
    0x14, 0x14, 0x14, 0x61, 0xff, 0x26, 0x14, 0x14,
    0x14, 0x14, 0x0, 0x0, 0x0, 0xff, 0x68, 0x0,
    0x0, 0x0, 0x0, 0x0, 0x54, 0xff, 0x14, 0x0,
    0x0, 0x0, 0x0, 0x0, 0x0, 0x0, 0xff, 0x68,
    0x0, 0x0, 0x0, 0x0, 0x0, 0x54, 0xff, 0x14,
    0x0, 0x0, 0x0, 0x0, 0x0, 0x0, 0x0, 0xff,
    0x68, 0x0, 0x0, 0x0, 0x0, 0x0, 0x54, 0xff,
    0x14, 0x0, 0x0, 0x0, 0x0, 0x0, 0x0, 0x0,
    0xff, 0x68, 0x0, 0x0, 0x0, 0x0, 0x0, 0x54,
    0xff, 0x14, 0x0, 0x0, 0x0, 0x0, 0x0, 0x0,
    0x0, 0xff, 0x68, 0x0, 0x4f, 0x58, 0x58, 0x58,
    0x8f, 0xff, 0x65, 0x58, 0x58, 0x58, 0x38, 0x0,
    0x0, 0x0, 0xff, 0x68, 0x0, 0xe8, 0xff, 0xff,
    0xff, 0xff, 0xff, 0xff, 0xff, 0xff, 0xff, 0xa4,
    0x0, 0x0, 0x0, 0xff, 0x68, 0x0, 0x0, 0x0,
    0x0, 0x0, 0x0, 0x0, 0x0, 0x0, 0x0, 0x0,
    0x0,

    /* U+5149 "光" */
    0x0, 0x0, 0x0, 0x0, 0x0, 0x0, 0x0, 0x4c,
    0xff, 0x30, 0x0, 0x0, 0x0, 0x0, 0x0, 0x0,
    0x0, 0x0, 0x0, 0x1, 0x35, 0x0, 0x0, 0x0,
    0x4c, 0xff, 0x30, 0x0, 0x0, 0x0, 0x43, 0x23,
    0x0, 0x0, 0x0, 0x0, 0x92, 0xfb, 0x3e, 0x0,
    0x0, 0x4c, 0xff, 0x30, 0x0, 0x0, 0xc, 0xe7,
    0xc6, 0x0, 0x0, 0x0, 0x0, 0x23, 0xf0, 0xe6,
    0x10, 0x0, 0x4c, 0xff, 0x30, 0x0, 0x0, 0x95,
    0xfc, 0x31, 0x0, 0x0, 0x0, 0x0, 0x0, 0x58,
    0xff, 0x9c, 0x0, 0x4c, 0xff, 0x30, 0x0, 0x5b,
    0xff, 0x7e, 0x0, 0x0, 0x0, 0x0, 0x0, 0x0,
    0x0, 0xb0, 0x8d, 0x0, 0x4c, 0xff, 0x30, 0x0,
    0x56, 0xa0, 0x0, 0x0, 0x0, 0x0, 0x0, 0x0,
    0x0, 0x0, 0x7, 0x0, 0x0, 0x4c, 0xff, 0x30,
    0x0, 0x0, 0x0, 0x0, 0x0, 0x0, 0x0, 0xc,
    0xff, 0xff, 0xff, 0xff, 0xff, 0xff, 0xff, 0xff,
    0xff, 0xff, 0xff, 0xff, 0xff, 0xff, 0xff, 0x0,
    0x1, 0x28, 0x28, 0x28, 0x28, 0x97, 0xfb, 0x2c,
    0x28, 0xab, 0xe5, 0x28, 0x28, 0x28, 0x28, 0x28,
    0x0, 0x0, 0x0, 0x0, 0x0, 0x0, 0xc1, 0xd1,
    0x0, 0x0, 0x9c, 0xe0, 0x0, 0x0, 0x0, 0x0,
    0x0, 0x0, 0x0, 0x0, 0x0, 0x0, 0x14, 0xf8,
    0x88, 0x0, 0x0, 0x9c, 0xe0, 0x0, 0x0, 0x0,
    0x0, 0x0, 0x0, 0x0, 0x0, 0x0, 0x0, 0x92,
    0xfd, 0x25, 0x0, 0x0, 0x9c, 0xe0, 0x0, 0x0,
    0x0, 0x0, 0x0, 0x0, 0x0, 0x0, 0x0, 0x39,
    0xfa, 0x9d, 0x0, 0x0, 0x0, 0x9c, 0xe0, 0x0,
    0x0, 0x0, 0x5, 0x21, 0x0, 0x0, 0x0, 0x36,
    0xf1, 0xda, 0x10, 0x0, 0x0, 0x0, 0x9c, 0xe0,
    0x0, 0x0, 0x0, 0x1e, 0xff, 0x57, 0xa, 0x83,
    0xf8, 0xd9, 0x1f, 0x0, 0x0, 0x0, 0x0, 0x97,
    0xf2, 0x42, 0x2a, 0x2d, 0x7c, 0xff, 0x3e, 0x45,
    0xf8, 0x9a, 0xd, 0x0, 0x0, 0x0, 0x0, 0x0,
    0x35, 0xcd, 0xf1, 0xfd, 0xfe, 0xf0, 0xb3, 0x4,
    0x0, 0x11, 0x0, 0x0, 0x0, 0x0, 0x0, 0x0,
    0x0, 0x0, 0x0, 0x0, 0x0, 0x0, 0x0, 0x0,
    0x0,

    /* U+5165 "入" */
    0x0, 0x0, 0x0, 0x0, 0x0, 0x0, 0x0, 0x3d,
    0x1c, 0x0, 0x0, 0x0, 0x0, 0x0, 0x0, 0x0,
    0x0, 0x0, 0x0, 0x0, 0x0, 0x0, 0x0, 0x0,
    0x1c, 0xfb, 0xb7, 0x0, 0x0, 0x0, 0x0, 0x0,
    0x0, 0x0, 0x0, 0x0, 0x0, 0x0, 0x0, 0x0,
    0x0, 0x0, 0x0, 0x91, 0xff, 0x4f, 0x0, 0x0,
    0x0, 0x0, 0x0, 0x0, 0x0, 0x0, 0x0, 0x0,
    0x0, 0x0, 0x0, 0x0, 0x0, 0xe, 0xe5, 0xd7,
    0x2, 0x0, 0x0, 0x0, 0x0, 0x0, 0x0, 0x0,
    0x0, 0x0, 0x0, 0x0, 0x0, 0x0, 0x0, 0x0,
    0xcb, 0xff, 0x51, 0x0, 0x0, 0x0, 0x0, 0x0,
    0x0, 0x0, 0x0, 0x0, 0x0, 0x0, 0x0, 0x0,
    0x0, 0x26, 0xff, 0xff, 0xbd, 0x0, 0x0, 0x0,
    0x0, 0x0, 0x0, 0x0, 0x0, 0x0, 0x0, 0x0,
    0x0, 0x0, 0x0, 0x88, 0xf9, 0x93, 0xfe, 0x21,
    0x0, 0x0, 0x0, 0x0, 0x0, 0x0, 0x0, 0x0,
    0x0, 0x0, 0x0, 0x0, 0x8, 0xeb, 0xac, 0x1b,
    0xfc, 0x81, 0x0, 0x0, 0x0, 0x0, 0x0, 0x0,
    0x0, 0x0, 0x0, 0x0, 0x0, 0x0, 0x6d, 0xff,
    0x3f, 0x0, 0xb2, 0xe0, 0x3, 0x0, 0x0, 0x0,
    0x0, 0x0, 0x0, 0x0, 0x0, 0x0, 0x0, 0xc,
    0xe5, 0xc9, 0x0, 0x0, 0x4b, 0xff, 0x53, 0x0,
    0x0, 0x0, 0x0, 0x0, 0x0, 0x0, 0x0, 0x0,
    0x0, 0x8d, 0xff, 0x41, 0x0, 0x0, 0x2, 0xdb,
    0xce, 0x1, 0x0, 0x0, 0x0, 0x0, 0x0, 0x0,
    0x0, 0x0, 0x52, 0xfe, 0xa9, 0x0, 0x0, 0x0,
    0x0, 0x66, 0xff, 0x5e, 0x0, 0x0, 0x0, 0x0,
    0x0, 0x0, 0x0, 0x2f, 0xf4, 0xe2, 0x14, 0x0,
    0x0, 0x0, 0x0, 0x3, 0xd0, 0xed, 0x22, 0x0,
    0x0, 0x0, 0x0, 0x0, 0x31, 0xe6, 0xef, 0x2a,
    0x0, 0x0, 0x0, 0x0, 0x0, 0x0, 0x2d, 0xf7,
    0xdb, 0x16, 0x0, 0x0, 0x0, 0x4b, 0xf4, 0xf4,
    0x3e, 0x0, 0x0, 0x0, 0x0, 0x0, 0x0, 0x0,
    0x0, 0x58, 0xfe, 0xdb, 0x36, 0x0, 0x2, 0xe0,
    0xe0, 0x2f, 0x0, 0x0, 0x0, 0x0, 0x0, 0x0,
    0x0, 0x0, 0x0, 0x0, 0x5d, 0xf9, 0xee, 0x13,
    0x0, 0x43, 0x15, 0x0, 0x0, 0x0, 0x0, 0x0,
    0x0, 0x0, 0x0, 0x0, 0x0, 0x0, 0x0, 0x28,
    0x39, 0x0,

    /* U+5173 "关" */
    0x0, 0x0, 0x0, 0x0, 0x3c, 0x9, 0x0, 0x0,
    0x0, 0x0, 0x0, 0x60, 0x3a, 0x0, 0x0, 0x0,
    0x0, 0x0, 0x0, 0x0, 0x10, 0xf0, 0x95, 0x0,
    0x0, 0x0, 0x0, 0xe, 0xf5, 0xb5, 0x0, 0x0,
    0x0, 0x0, 0x0, 0x0, 0x0, 0x0, 0x68, 0xfd,
    0x2d, 0x0, 0x0, 0x0, 0x76, 0xff, 0x3b, 0x0,
    0x0, 0x0, 0x0, 0x0, 0x1, 0xc, 0xc, 0x10,
    0x7e, 0x16, 0xc, 0xc, 0x1c, 0xf0, 0xa7, 0xc,
    0xc, 0xc, 0x0, 0x0, 0x0, 0x28, 0xff, 0xff,
    0xff, 0xff, 0xff, 0xff, 0xff, 0xff, 0xff, 0xff,
    0xff, 0xff, 0xff, 0x0, 0x0, 0x0, 0xb, 0x4c,
    0x4c, 0x4c, 0x4c, 0x4c, 0xb7, 0xdd, 0x4c, 0x4c,
    0x4c, 0x4c, 0x4c, 0x4c, 0x0, 0x0, 0x0, 0x0,
    0x0, 0x0, 0x0, 0x0, 0x0, 0x9a, 0xce, 0x0,
    0x0, 0x0, 0x0, 0x0, 0x0, 0x0, 0x0, 0x0,
    0x0, 0x0, 0x0, 0x0, 0x0, 0x0, 0x9e, 0xcb,
    0x0, 0x0, 0x0, 0x0, 0x0, 0x0, 0x0, 0x0,
    0x0, 0x28, 0x28, 0x28, 0x28, 0x28, 0x28, 0xb7,
    0xce, 0x28, 0x28, 0x28, 0x28, 0x28, 0x28, 0x19,
    0x0, 0x0, 0xff, 0xff, 0xff, 0xff, 0xff, 0xff,
    0xff, 0xff, 0xff, 0xff, 0xff, 0xff, 0xff, 0xff,
    0xa0, 0x0, 0x0, 0x0, 0x0, 0x0, 0x0, 0x0,
    0xd, 0xf9, 0xff, 0xc3, 0x1, 0x0, 0x0, 0x0,
    0x0, 0x0, 0x0, 0x0, 0x0, 0x0, 0x0, 0x0,
    0x0, 0x75, 0xff, 0x72, 0xfc, 0x6d, 0x0, 0x0,
    0x0, 0x0, 0x0, 0x0, 0x0, 0x0, 0x0, 0x0,
    0x0, 0x36, 0xf6, 0xc9, 0x0, 0x8a, 0xfd, 0x64,
    0x0, 0x0, 0x0, 0x0, 0x0, 0x0, 0x0, 0x0,
    0x0, 0x56, 0xf2, 0xee, 0x26, 0x0, 0x4, 0xaf,
    0xff, 0x99, 0x14, 0x0, 0x0, 0x0, 0x0, 0x0,
    0x41, 0xbb, 0xff, 0xde, 0x2f, 0x0, 0x0, 0x0,
    0x6, 0xa5, 0xff, 0xef, 0x89, 0x31, 0x0, 0x46,
    0xdc, 0xff, 0xf6, 0x8c, 0xe, 0x0, 0x0, 0x0,
    0x0, 0x0, 0x0, 0x57, 0xe9, 0xff, 0xff, 0x3d,
    0x8, 0xa8, 0x74, 0x14, 0x0, 0x0, 0x0, 0x0,
    0x0, 0x0, 0x0, 0x0, 0x0, 0x8, 0x61, 0x95,
    0x0,

    /* U+51C6 "准" */
    0x0, 0x0, 0x0, 0x0, 0x0, 0x0, 0x0, 0x1,
    0x3, 0x0, 0x0, 0x0, 0x0, 0x0, 0x0, 0x0,
    0x0, 0x0, 0x0, 0xe, 0x4c, 0x0, 0x0, 0x0,
    0x0, 0x47, 0xe8, 0x2d, 0x3f, 0xe3, 0x29, 0x0,
    0x0, 0x0, 0x0, 0x0, 0x0, 0x85, 0xfd, 0x42,
    0x0, 0x0, 0x0, 0xa9, 0xef, 0x8, 0xb, 0xeb,
    0x9c, 0x0, 0x0, 0x0, 0x0, 0x0, 0x0, 0x6,
    0xc9, 0xe3, 0xa, 0x0, 0x25, 0xfc, 0xa2, 0x28,
    0x28, 0xac, 0xef, 0x2a, 0x28, 0x28, 0x28, 0x0,
    0x0, 0x0, 0x32, 0xfe, 0x7b, 0x0, 0xac, 0xff,
    0xff, 0xff, 0xff, 0xff, 0xff, 0xff, 0xff, 0xff,
    0xff, 0x4, 0x0, 0x0, 0x0, 0x53, 0xe, 0x4b,
    0xff, 0xff, 0x18, 0x0, 0x0, 0x30, 0xff, 0x28,
    0x0, 0x0, 0x0, 0x0, 0x0, 0x0, 0x0, 0x0,
    0x19, 0xe9, 0xee, 0xff, 0x18, 0x0, 0x0, 0x30,
    0xff, 0x28, 0x0, 0x0, 0x0, 0x0, 0x0, 0x0,
    0x0, 0x0, 0x63, 0xe1, 0x64, 0xff, 0xff, 0xff,
    0xff, 0xff, 0xff, 0xff, 0xff, 0xff, 0x88, 0x0,
    0x0, 0x0, 0x0, 0x0, 0x5, 0x2c, 0x50, 0xff,
    0x3c, 0x28, 0x28, 0x50, 0xff, 0x49, 0x28, 0x28,
    0x15, 0x0, 0x0, 0x0, 0x0, 0x91, 0x4b, 0x0,
    0x50, 0xff, 0x18, 0x0, 0x0, 0x30, 0xff, 0x28,
    0x0, 0x0, 0x0, 0x0, 0x0, 0x0, 0x10, 0xf8,
    0x82, 0x0, 0x50, 0xff, 0x3c, 0x28, 0x28, 0x50,
    0xff, 0x49, 0x28, 0x28, 0x15, 0x0, 0x0, 0x0,
    0x69, 0xff, 0x35, 0x0, 0x50, 0xff, 0xff, 0xff,
    0xff, 0xff, 0xff, 0xff, 0xff, 0xff, 0x88, 0x0,
    0x0, 0x2, 0xd4, 0xe7, 0x1, 0x0, 0x50, 0xff,
    0x18, 0x0, 0x0, 0x30, 0xff, 0x28, 0x0, 0x0,
    0x0, 0x0, 0x0, 0x57, 0xff, 0x91, 0x0, 0x0,
    0x50, 0xff, 0x18, 0x0, 0x0, 0x30, 0xff, 0x28,
    0x0, 0x0, 0x0, 0x0, 0x2, 0xd5, 0xfe, 0x27,
    0x0, 0x0, 0x50, 0xff, 0xff, 0xff, 0xff, 0xff,
    0xff, 0xff, 0xff, 0xff, 0xff, 0x28, 0x0, 0x93,
    0xba, 0x0, 0x0, 0x0, 0x50, 0xff, 0x3c, 0x28,
    0x28, 0x28, 0x28, 0x28, 0x28, 0x28, 0x28, 0x6,
    0x0, 0x1, 0x22, 0x0, 0x0, 0x0, 0x50, 0xff,
    0x18, 0x0, 0x0, 0x0, 0x0, 0x0, 0x0, 0x0,
    0x0, 0x0,

    /* U+5206 "分" */
    0x0, 0x0, 0x0, 0x0, 0x0, 0x0, 0x0, 0x0,
    0x0, 0x0, 0x0, 0x0, 0x0, 0x0, 0x0, 0x0,
    0x0, 0x0, 0x0, 0x0, 0x0, 0x0, 0x1b, 0xb6,
    0x15, 0x0, 0x0, 0x2d, 0xb3, 0x2, 0x0, 0x0,
    0x0, 0x0, 0x0, 0x0, 0x0, 0x0, 0x0, 0xb1,
    0xe1, 0xb, 0x0, 0x0, 0x5c, 0xff, 0x77, 0x0,
    0x0, 0x0, 0x0, 0x0, 0x0, 0x0, 0x0, 0x66,
    0xff, 0x4d, 0x0, 0x0, 0x0, 0x0, 0xad, 0xfb,
    0x41, 0x0, 0x0, 0x0, 0x0, 0x0, 0x0, 0x34,
    0xf8, 0x98, 0x0, 0x0, 0x0, 0x0, 0x0, 0x12,
    0xde, 0xec, 0x26, 0x0, 0x0, 0x0, 0x0, 0x27,
    0xea, 0xcf, 0x8, 0x0, 0x0, 0x0, 0x0, 0x0,
    0x0, 0x2e, 0xf3, 0xe4, 0x24, 0x0, 0x0, 0x2f,
    0xe4, 0xe1, 0x1a, 0x0, 0x0, 0x0, 0x0, 0x0,
    0x0, 0x0, 0x0, 0x42, 0xf7, 0xe9, 0x3e, 0xc,
    0xec, 0xe3, 0x37, 0x28, 0x28, 0x28, 0x28, 0x28,
    0x28, 0x28, 0x28, 0x28, 0x27, 0x45, 0xf1, 0xb5,
    0x0, 0x56, 0x1f, 0x68, 0xff, 0xff, 0xff, 0xff,
    0xff, 0xff, 0xff, 0xff, 0xff, 0xfe, 0x0, 0x2c,
    0x21, 0x0, 0x0, 0x0, 0x0, 0x0, 0x0, 0x84,
    0xfe, 0x8, 0x0, 0x0, 0x0, 0x92, 0xfc, 0x0,
    0x0, 0x0, 0x0, 0x0, 0x0, 0x0, 0x0, 0x0,
    0xcb, 0xdb, 0x0, 0x0, 0x0, 0x0, 0x9b, 0xf7,
    0x0, 0x0, 0x0, 0x0, 0x0, 0x0, 0x0, 0x0,
    0x40, 0xff, 0x91, 0x0, 0x0, 0x0, 0x0, 0xaa,
    0xee, 0x0, 0x0, 0x0, 0x0, 0x0, 0x0, 0x0,
    0x11, 0xd8, 0xf8, 0x24, 0x0, 0x0, 0x0, 0x0,
    0xbb, 0xdf, 0x0, 0x0, 0x0, 0x0, 0x0, 0x0,
    0x34, 0xd7, 0xff, 0x67, 0x0, 0x0, 0x0, 0x0,
    0x0, 0xdb, 0xc7, 0x0, 0x0, 0x0, 0x0, 0x30,
    0xa5, 0xfe, 0xf1, 0x59, 0x0, 0x0, 0x0, 0x6a,
    0x83, 0x9b, 0xff, 0x99, 0x0, 0x0, 0x0, 0x0,
    0x4b, 0xf2, 0x97, 0x17, 0x0, 0x0, 0x0, 0x0,
    0x83, 0xf4, 0xfb, 0xca, 0x1f, 0x0, 0x0, 0x0,
    0x0, 0x0, 0x7, 0x0, 0x0, 0x0, 0x0, 0x0,
    0x0, 0x0, 0x0, 0x0, 0x0, 0x0, 0x0, 0x0,
    0x0,

    /* U+5207 "切" */
    0x0, 0x0, 0x0, 0xff, 0x28, 0x0, 0x0, 0x0,
    0x0, 0x0, 0x0, 0x0, 0x0, 0x0, 0x0, 0x0,
    0x0, 0x0, 0x0, 0x0, 0xff, 0x28, 0x0, 0x0,
    0x0, 0x78, 0xff, 0xff, 0xff, 0xff, 0xff, 0xff,
    0xff, 0x32, 0x0, 0x0, 0x0, 0xff, 0x28, 0x0,
    0x0, 0x0, 0x29, 0x58, 0x9c, 0xff, 0x58, 0x58,
    0x58, 0xff, 0x30, 0x0, 0x0, 0x0, 0xff, 0x28,
    0x0, 0x0, 0xf, 0x0, 0x0, 0x6b, 0xfd, 0x0,
    0x0, 0x1, 0xff, 0x2d, 0x0, 0x0, 0x0, 0xff,
    0x75, 0x98, 0xd9, 0xd1, 0x0, 0x0, 0x6e, 0xf9,
    0x0, 0x0, 0x2, 0xff, 0x2a, 0xb, 0x73, 0xb8,
    0xff, 0xfe, 0xd0, 0x88, 0x3c, 0x0, 0x0, 0x75,
    0xf2, 0x0, 0x0, 0x5, 0xff, 0x26, 0xf, 0xee,
    0xa4, 0xff, 0x38, 0x0, 0x0, 0x0, 0x0, 0x0,
    0x81, 0xe8, 0x0, 0x0, 0x8, 0xff, 0x22, 0x0,
    0x3, 0x0, 0xff, 0x28, 0x0, 0x0, 0x0, 0x0,
    0x0, 0x8e, 0xdb, 0x0, 0x0, 0xd, 0xff, 0x1c,
    0x0, 0x0, 0x0, 0xff, 0x28, 0x0, 0x0, 0x0,
    0x0, 0x0, 0xa2, 0xc8, 0x0, 0x0, 0x12, 0xff,
    0x16, 0x0, 0x0, 0x0, 0xff, 0x28, 0x0, 0x0,
    0x0, 0x0, 0x0, 0xbd, 0xaf, 0x0, 0x0, 0x1a,
    0xff, 0xe, 0x0, 0x0, 0x0, 0xff, 0x28, 0x0,
    0x0, 0x0, 0x0, 0x0, 0xe2, 0x8d, 0x0, 0x0,
    0x24, 0xff, 0x5, 0x0, 0x0, 0x0, 0xff, 0x28,
    0x0, 0x0, 0x6, 0x0, 0x17, 0xff, 0x5e, 0x0,
    0x0, 0x30, 0xf9, 0x0, 0x0, 0x0, 0x0, 0xff,
    0x28, 0x8, 0x6e, 0xd8, 0x0, 0x67, 0xfe, 0x1c,
    0x0, 0x0, 0x41, 0xeb, 0x0, 0x0, 0x0, 0x0,
    0xff, 0x9a, 0xe9, 0xf5, 0x81, 0x2, 0xd3, 0xbe,
    0x0, 0x0, 0x0, 0x56, 0xd9, 0x0, 0x0, 0x0,
    0x0, 0xf7, 0xf1, 0x90, 0x1b, 0x0, 0x5b, 0xff,
    0x47, 0x0, 0x0, 0x0, 0x73, 0xbe, 0x0, 0x0,
    0x0, 0x0, 0x31, 0xd, 0x0, 0x0, 0x1b, 0xea,
    0xb1, 0x0, 0x4, 0x56, 0x31, 0xb7, 0x8d, 0x0,
    0x0, 0x0, 0x0, 0x0, 0x0, 0x0, 0x0, 0x49,
    0xde, 0x17, 0x0, 0x0, 0xc9, 0xef, 0xdc, 0x20,
    0x0, 0x0, 0x0, 0x0, 0x0, 0x0, 0x0, 0x0,
    0x0, 0xa, 0x0, 0x0, 0x0, 0x0, 0x0, 0x0,
    0x0, 0x0,

    /* U+52A0 "加" */
    0x0, 0x0, 0x68, 0xff, 0x0, 0x0, 0x0, 0x0,
    0x0, 0x0, 0x0, 0x0, 0x0, 0x0, 0x0, 0x0,
    0x0, 0x0, 0x68, 0xff, 0x0, 0x0, 0x0, 0x0,
    0x0, 0x34, 0x34, 0x34, 0x34, 0x34, 0x34, 0x8,
    0x0, 0x0, 0x68, 0xff, 0x0, 0x0, 0x0, 0x0,
    0x0, 0xff, 0xff, 0xff, 0xff, 0xff, 0xff, 0x28,
    0x13, 0x28, 0x7f, 0xff, 0x28, 0x28, 0x28, 0x27,
    0x0, 0xff, 0x6e, 0x54, 0x54, 0x54, 0xff, 0x28,
    0x7c, 0xff, 0xff, 0xff, 0xff, 0xff, 0xff, 0xff,
    0x0, 0xff, 0x28, 0x0, 0x0, 0x0, 0xff, 0x28,
    0x0, 0x0, 0x6c, 0xfb, 0x0, 0x0, 0x29, 0xfe,
    0x0, 0xff, 0x28, 0x0, 0x0, 0x0, 0xff, 0x28,
    0x0, 0x0, 0x74, 0xf4, 0x0, 0x0, 0x2a, 0xfd,
    0x0, 0xff, 0x28, 0x0, 0x0, 0x0, 0xff, 0x28,
    0x0, 0x0, 0x83, 0xe7, 0x0, 0x0, 0x2c, 0xfa,
    0x0, 0xff, 0x28, 0x0, 0x0, 0x0, 0xff, 0x28,
    0x0, 0x0, 0x97, 0xd4, 0x0, 0x0, 0x2f, 0xf6,
    0x0, 0xff, 0x28, 0x0, 0x0, 0x0, 0xff, 0x28,
    0x0, 0x0, 0xb5, 0xba, 0x0, 0x0, 0x36, 0xf2,
    0x0, 0xff, 0x28, 0x0, 0x0, 0x0, 0xff, 0x28,
    0x0, 0x0, 0xdb, 0x97, 0x0, 0x0, 0x3d, 0xeb,
    0x0, 0xff, 0x28, 0x0, 0x0, 0x0, 0xff, 0x28,
    0x0, 0xf, 0xfe, 0x6a, 0x0, 0x0, 0x47, 0xe2,
    0x0, 0xff, 0x28, 0x0, 0x0, 0x0, 0xff, 0x28,
    0x0, 0x50, 0xff, 0x34, 0x0, 0x0, 0x56, 0xd4,
    0x0, 0xff, 0x28, 0x0, 0x0, 0x0, 0xff, 0x28,
    0x0, 0xa6, 0xea, 0x2, 0x0, 0x0, 0x6c, 0xbf,
    0x0, 0xff, 0xff, 0xff, 0xff, 0xff, 0xff, 0x28,
    0x1c, 0xf8, 0x93, 0x0, 0x0, 0x0, 0x8e, 0x9b,
    0x0, 0xff, 0x49, 0x28, 0x28, 0x28, 0xff, 0x28,
    0xa8, 0xfb, 0x27, 0x4d, 0x35, 0x43, 0xea, 0x5c,
    0x0, 0xb4, 0x1c, 0x0, 0x0, 0x0, 0xa4, 0x19,
    0x80, 0x8d, 0x0, 0x93, 0xf4, 0xef, 0x9c, 0x5,
    0x0, 0x0, 0x0, 0x0, 0x0, 0x0, 0x0, 0x0,
    0x7, 0x6, 0x0, 0x0, 0x0, 0x0, 0x0, 0x0,
    0x0, 0x0, 0x0, 0x0, 0x0, 0x0, 0x0, 0x0,

    /* U+52A8 "动" */
    0x0, 0x0, 0x0, 0x0, 0x0, 0x0, 0x0, 0x0,
    0x0, 0x0, 0x0, 0xff, 0x68, 0x0, 0x0, 0x0,
    0x0, 0x0, 0x11, 0x28, 0x28, 0x28, 0x28, 0x28,
    0x15, 0x0, 0x0, 0x0, 0xff, 0x68, 0x0, 0x0,
    0x0, 0x0, 0x0, 0x70, 0xff, 0xff, 0xff, 0xff,
    0xff, 0x88, 0x0, 0x0, 0x0, 0xff, 0x68, 0x0,
    0x0, 0x0, 0x0, 0x0, 0x0, 0x0, 0x0, 0x0,
    0x0, 0x0, 0x0, 0x2b, 0x70, 0x70, 0xff, 0xaa,
    0x70, 0x70, 0x70, 0x16, 0x0, 0x0, 0x0, 0x0,
    0x0, 0x0, 0x0, 0x0, 0x57, 0xe0, 0xe0, 0xff,
    0xec, 0xe0, 0xe0, 0xff, 0x30, 0x0, 0x38, 0x38,
    0x38, 0x38, 0x38, 0x38, 0x38, 0x5, 0x0, 0x7,
    0xff, 0x61, 0x0, 0x2, 0xff, 0x2d, 0x0, 0xff,
    0xff, 0xff, 0xff, 0xff, 0xff, 0xff, 0x18, 0x0,
    0x11, 0xff, 0x57, 0x0, 0x4, 0xff, 0x29, 0x0,
    0x20, 0x20, 0xb9, 0xde, 0x20, 0x20, 0x20, 0x3,
    0x0, 0x2a, 0xff, 0x41, 0x0, 0x7, 0xff, 0x25,
    0x0, 0x0, 0x7, 0xf3, 0x89, 0x0, 0x0, 0x0,
    0x0, 0x0, 0x4b, 0xff, 0x23, 0x0, 0xe, 0xff,
    0x1f, 0x0, 0x0, 0x57, 0xff, 0x29, 0xf, 0xc6,
    0x38, 0x0, 0x0, 0x7b, 0xf4, 0x2, 0x0, 0x15,
    0xff, 0x17, 0x0, 0x0, 0xc1, 0xbb, 0x0, 0x0,
    0xbf, 0xa3, 0x0, 0x0, 0xbe, 0xbe, 0x0, 0x0,
    0x22, 0xff, 0xe, 0x0, 0x41, 0xff, 0x39, 0x0,
    0x0, 0x60, 0xf7, 0x8, 0x18, 0xfa, 0x72, 0x0,
    0x0, 0x32, 0xff, 0x3, 0x6, 0xd6, 0xc5, 0x67,
    0x91, 0xd1, 0xfe, 0xff, 0x44, 0x84, 0xf9, 0x17,
    0x0, 0x0, 0x4a, 0xf2, 0x0, 0x4, 0xea, 0xf1,
    0xcf, 0xa5, 0x68, 0x28, 0x72, 0x61, 0xf5, 0x95,
    0x0, 0x0, 0x0, 0x68, 0xdb, 0x0, 0x0, 0xb,
    0x0, 0x0, 0x0, 0x0, 0x0, 0x11, 0xd1, 0xe2,
    0x12, 0x0, 0x89, 0x74, 0xc8, 0xae, 0x0, 0x0,
    0x0, 0x0, 0x0, 0x0, 0x0, 0x0, 0x54, 0xec,
    0x30, 0x0, 0x0, 0xb7, 0xee, 0xe7, 0x33, 0x0,
    0x0, 0x0, 0x0, 0x0, 0x0, 0x0, 0x0, 0x0,
    0x13, 0x0, 0x0, 0x0, 0x0, 0x0, 0x0, 0x0,
    0x0,

    /* U+5347 "升" */
    0x0, 0x0, 0x0, 0x0, 0x0, 0x0, 0x19, 0x62,
    0x5e, 0x0, 0x2c, 0xff, 0x3c, 0x0, 0x0, 0x0,
    0x0, 0x1, 0x22, 0x54, 0x87, 0xcd, 0xfe, 0xfd,
    0xba, 0x1, 0x2c, 0xff, 0x3c, 0x0, 0x0, 0x0,
    0x5b, 0xf0, 0xff, 0xff, 0xff, 0xd6, 0x5e, 0x15,
    0x0, 0x0, 0x2c, 0xff, 0x3c, 0x0, 0x0, 0x0,
    0x1f, 0x86, 0x53, 0x1f, 0xd8, 0xa0, 0x0, 0x0,
    0x0, 0x0, 0x2c, 0xff, 0x3c, 0x0, 0x0, 0x0,
    0x0, 0x0, 0x0, 0x0, 0xd8, 0xa0, 0x0, 0x0,
    0x0, 0x0, 0x2c, 0xff, 0x3c, 0x0, 0x0, 0x0,
    0x0, 0x0, 0x0, 0x0, 0xd8, 0xa0, 0x0, 0x0,
    0x0, 0x0, 0x2c, 0xff, 0x3c, 0x0, 0x0, 0x0,
    0x0, 0x0, 0x0, 0x0, 0xd8, 0xa0, 0x0, 0x0,
    0x0, 0x0, 0x2c, 0xff, 0x3c, 0x0, 0x0, 0x0,
    0xff, 0xff, 0xff, 0xff, 0xff, 0xff, 0xff, 0xff,
    0xff, 0xff, 0xff, 0xff, 0xff, 0xff, 0xff, 0xc0,
    0x58, 0x58, 0x58, 0x58, 0xe7, 0xc0, 0x58, 0x58,
    0x58, 0x58, 0x74, 0xff, 0x7f, 0x58, 0x58, 0x42,
    0x0, 0x0, 0x0, 0x0, 0xf0, 0x94, 0x0, 0x0,
    0x0, 0x0, 0x2c, 0xff, 0x3c, 0x0, 0x0, 0x0,
    0x0, 0x0, 0x0, 0x14, 0xff, 0x74, 0x0, 0x0,
    0x0, 0x0, 0x2c, 0xff, 0x3c, 0x0, 0x0, 0x0,
    0x0, 0x0, 0x0, 0x6c, 0xff, 0x3a, 0x0, 0x0,
    0x0, 0x0, 0x2c, 0xff, 0x3c, 0x0, 0x0, 0x0,
    0x0, 0x0, 0x6, 0xd7, 0xde, 0x2, 0x0, 0x0,
    0x0, 0x0, 0x2c, 0xff, 0x3c, 0x0, 0x0, 0x0,
    0x0, 0x0, 0x90, 0xff, 0x61, 0x0, 0x0, 0x0,
    0x0, 0x0, 0x2c, 0xff, 0x3c, 0x0, 0x0, 0x0,
    0x0, 0x71, 0xff, 0xb6, 0x1, 0x0, 0x0, 0x0,
    0x0, 0x0, 0x2c, 0xff, 0x3c, 0x0, 0x0, 0x0,
    0x70, 0xff, 0xca, 0xf, 0x0, 0x0, 0x0, 0x0,
    0x0, 0x0, 0x2c, 0xff, 0x3c, 0x0, 0x0, 0x0,
    0x25, 0xa4, 0xd, 0x0, 0x0, 0x0, 0x0, 0x0,
    0x0, 0x0, 0x2c, 0xff, 0x3c, 0x0, 0x0, 0x0,

    /* U+5408 "合" */
    0x0, 0x0, 0x0, 0x0, 0x0, 0x0, 0x0, 0x0,
    0x1, 0x0, 0x0, 0x0, 0x0, 0x0, 0x0, 0x0,
    0x0, 0x0, 0x0, 0x0, 0x0, 0x0, 0x0, 0x0,
    0x0, 0x2, 0x9f, 0xde, 0x1c, 0x0, 0x0, 0x0,
    0x0, 0x0, 0x0, 0x0, 0x0, 0x0, 0x0, 0x0,
    0x0, 0x0, 0x8, 0xa3, 0xfe, 0xfa, 0x9e, 0xa,
    0x0, 0x0, 0x0, 0x0, 0x0, 0x0, 0x0, 0x0,
    0x0, 0x0, 0x0, 0x23, 0xce, 0xf6, 0x52, 0x3e,
    0xeb, 0xd6, 0x39, 0x0, 0x0, 0x0, 0x0, 0x0,
    0x0, 0x0, 0x0, 0x5, 0x79, 0xf6, 0xdd, 0x34,
    0x0, 0x0, 0x20, 0xc8, 0xfd, 0x97, 0x16, 0x0,
    0x0, 0x0, 0x0, 0x1, 0x55, 0xd7, 0xff, 0xa0,
    0xd, 0x0, 0x0, 0x0, 0x0, 0x4, 0x80, 0xf9,
    0xf3, 0x84, 0x18, 0x0, 0x17, 0xd1, 0xff, 0xd2,
    0x3f, 0x0, 0x0, 0x0, 0x0, 0x0, 0x0, 0x0,
    0x0, 0x27, 0xb8, 0xff, 0xf7, 0x1d, 0x0, 0x96,
    0x57, 0x5a, 0xff, 0xff, 0xff, 0xff, 0xff, 0xff,
    0xff, 0xff, 0xff, 0xff, 0x60, 0x3a, 0x6e, 0x0,
    0x0, 0x0, 0x0, 0x23, 0x68, 0x68, 0x68, 0x68,
    0x68, 0x68, 0x68, 0x68, 0x68, 0x68, 0x27, 0x0,
    0x0, 0x0, 0x0, 0x0, 0x0, 0x0, 0x0, 0x0,
    0x0, 0x0, 0x0, 0x0, 0x0, 0x0, 0x0, 0x0,
    0x0, 0x0, 0x0, 0x0, 0x0, 0x0, 0x4, 0x58,
    0x58, 0x58, 0x58, 0x58, 0x58, 0x58, 0x58, 0x58,
    0x58, 0x58, 0x58, 0x0, 0x0, 0x0, 0x0, 0x0,
    0xc, 0xff, 0xff, 0xff, 0xff, 0xff, 0xff, 0xff,
    0xff, 0xff, 0xff, 0xff, 0xff, 0x0, 0x0, 0x0,
    0x0, 0x0, 0xc, 0xff, 0x5c, 0x0, 0x0, 0x0,
    0x0, 0x0, 0x0, 0x0, 0x0, 0x68, 0xff, 0x0,
    0x0, 0x0, 0x0, 0x0, 0xc, 0xff, 0x5c, 0x0,
    0x0, 0x0, 0x0, 0x0, 0x0, 0x0, 0x0, 0x68,
    0xff, 0x0, 0x0, 0x0, 0x0, 0x0, 0xc, 0xff,
    0x5c, 0x0, 0x0, 0x0, 0x0, 0x0, 0x0, 0x0,
    0x0, 0x68, 0xff, 0x0, 0x0, 0x0, 0x0, 0x0,
    0xc, 0xff, 0xff, 0xff, 0xff, 0xff, 0xff, 0xff,
    0xff, 0xff, 0xff, 0xff, 0xff, 0x0, 0x0, 0x0,
    0x0, 0x0, 0xc, 0xff, 0x94, 0x58, 0x58, 0x58,
    0x58, 0x58, 0x58, 0x58, 0x58, 0x9c, 0xff, 0x0,
    0x0, 0x0, 0x0, 0x0, 0xc, 0xff, 0x5c, 0x0,
    0x0, 0x0, 0x0, 0x0, 0x0, 0x0, 0x0, 0x68,
    0xff, 0x0, 0x0, 0x0,

    /* U+540E "后" */
    0x0, 0x0, 0x0, 0x0, 0x0, 0x0, 0x0, 0x0,
    0x0, 0x0, 0x0, 0x0, 0x0, 0x0, 0x6, 0x0,
    0x0, 0x0, 0x0, 0x0, 0x2, 0x10, 0x20, 0x31,
    0x46, 0x5b, 0x71, 0x8b, 0xa5, 0xc1, 0xe3, 0xfd,
    0x3f, 0x0, 0x0, 0x0, 0x3d, 0xfe, 0xff, 0xff,
    0xff, 0xf7, 0xe4, 0xd0, 0xba, 0xa2, 0x89, 0x6e,
    0x4f, 0x1f, 0x0, 0x0, 0x0, 0x40, 0xff, 0x55,
    0x18, 0x8, 0x0, 0x0, 0x0, 0x0, 0x0, 0x0,
    0x0, 0x0, 0x0, 0x0, 0x0, 0x0, 0x40, 0xff,
    0x38, 0x0, 0x0, 0x0, 0x0, 0x0, 0x0, 0x0,
    0x0, 0x0, 0x0, 0x0, 0x0, 0x0, 0x0, 0x40,
    0xff, 0xff, 0xff, 0xff, 0xff, 0xff, 0xff, 0xff,
    0xff, 0xff, 0xff, 0xff, 0xff, 0xac, 0x0, 0x0,
    0x42, 0xff, 0x7b, 0x58, 0x58, 0x58, 0x58, 0x58,
    0x58, 0x58, 0x58, 0x58, 0x58, 0x58, 0x3b, 0x0,
    0x0, 0x46, 0xff, 0x33, 0x0, 0x0, 0x0, 0x0,
    0x0, 0x0, 0x0, 0x0, 0x0, 0x0, 0x0, 0x0,
    0x0, 0x0, 0x4c, 0xff, 0x2f, 0xc, 0x20, 0x20,
    0x20, 0x20, 0x20, 0x20, 0x20, 0x20, 0x20, 0xd,
    0x0, 0x0, 0x0, 0x58, 0xff, 0x24, 0x60, 0xff,
    0xff, 0xff, 0xff, 0xff, 0xff, 0xff, 0xff, 0xff,
    0x68, 0x0, 0x0, 0x0, 0x6d, 0xff, 0x16, 0x60,
    0xff, 0x3e, 0x38, 0x38, 0x38, 0x38, 0x38, 0x38,
    0xff, 0x68, 0x0, 0x0, 0x0, 0x8b, 0xfc, 0x2,
    0x60, 0xff, 0x8, 0x0, 0x0, 0x0, 0x0, 0x0,
    0x0, 0xff, 0x68, 0x0, 0x0, 0x0, 0xc0, 0xdd,
    0x0, 0x60, 0xff, 0x8, 0x0, 0x0, 0x0, 0x0,
    0x0, 0x0, 0xff, 0x68, 0x0, 0x0, 0x1c, 0xfd,
    0xa4, 0x0, 0x60, 0xff, 0x8, 0x0, 0x0, 0x0,
    0x0, 0x0, 0x0, 0xff, 0x68, 0x0, 0x0, 0x97,
    0xff, 0x4d, 0x0, 0x60, 0xff, 0xff, 0xff, 0xff,
    0xff, 0xff, 0xff, 0xff, 0xff, 0x68, 0x0, 0x1d,
    0xfd, 0xdc, 0x6, 0x0, 0x60, 0xff, 0x5d, 0x58,
    0x58, 0x58, 0x58, 0x58, 0x58, 0xff, 0x68, 0x0,
    0x0, 0x76, 0x47, 0x0, 0x0, 0x60, 0xff, 0x8,
    0x0, 0x0, 0x0, 0x0, 0x0, 0x0, 0xff, 0x68,
    0x0, 0x0, 0x0, 0x0, 0x0, 0x0, 0x7, 0x14,
    0x0, 0x0, 0x0, 0x0, 0x0, 0x0, 0x0, 0x0,
    0x0, 0x0,

    /* U+5426 "否" */
    0x0, 0xff, 0xff, 0xff, 0xff, 0xff, 0xff, 0xff,
    0xff, 0xff, 0xff, 0xff, 0xff, 0xff, 0xff, 0xe8,
    0x0, 0x0, 0x58, 0x58, 0x58, 0x58, 0x58, 0x58,
    0xc6, 0xff, 0x70, 0x58, 0x58, 0x58, 0x58, 0x58,
    0x4f, 0x0, 0x0, 0x0, 0x0, 0x0, 0x0, 0x2,
    0x8a, 0xff, 0xff, 0x4, 0x35, 0x5a, 0x0, 0x0,
    0x0, 0x0, 0x0, 0x0, 0x0, 0x0, 0x0, 0x1b,
    0xbe, 0xfc, 0xc3, 0xff, 0x4, 0x83, 0xfc, 0xbe,
    0x29, 0x0, 0x0, 0x0, 0x0, 0x0, 0x8, 0x7a,
    0xf2, 0xe8, 0x47, 0x64, 0xff, 0x4, 0x0, 0x35,
    0xd2, 0xfa, 0x76, 0x1, 0x0, 0x12, 0x79, 0xe5,
    0xfe, 0xa1, 0x14, 0x0, 0x64, 0xff, 0x4, 0x0,
    0x0, 0x5, 0x98, 0xff, 0xb6, 0x14, 0x55, 0xfc,
    0xb0, 0x32, 0x0, 0x0, 0x0, 0x64, 0xff, 0x4,
    0x0, 0x0, 0x0, 0x0, 0x6b, 0xe6, 0x2e, 0x0,
    0x15, 0x0, 0x0, 0x0, 0x0, 0x0, 0x64, 0xff,
    0x4, 0x0, 0x0, 0x0, 0x0, 0x0, 0x8, 0x0,
    0x0, 0x0, 0xbc, 0xff, 0xff, 0xff, 0xff, 0xff,
    0xff, 0xff, 0xff, 0xff, 0xff, 0xff, 0x94, 0x0,
    0x0, 0x0, 0x0, 0xbc, 0xdd, 0x98, 0x98, 0x98,
    0x98, 0x98, 0x98, 0x98, 0x98, 0x98, 0xee, 0x94,
    0x0, 0x0, 0x0, 0x0, 0xbc, 0xac, 0x0, 0x0,
    0x0, 0x0, 0x0, 0x0, 0x0, 0x0, 0x0, 0xd4,
    0x94, 0x0, 0x0, 0x0, 0x0, 0xbc, 0xac, 0x0,
    0x0, 0x0, 0x0, 0x0, 0x0, 0x0, 0x0, 0x0,
    0xd4, 0x94, 0x0, 0x0, 0x0, 0x0, 0xbc, 0xac,
    0x0, 0x0, 0x0, 0x0, 0x0, 0x0, 0x0, 0x0,
    0x0, 0xd4, 0x94, 0x0, 0x0, 0x0, 0x0, 0xbc,
    0xff, 0xff, 0xff, 0xff, 0xff, 0xff, 0xff, 0xff,
    0xff, 0xff, 0xff, 0x94, 0x0, 0x0, 0x0, 0x0,
    0xbc, 0xc8, 0x58, 0x58, 0x58, 0x58, 0x58, 0x58,
    0x58, 0x58, 0x58, 0xe3, 0x94, 0x0, 0x0, 0x0,
    0x0, 0xbc, 0xac, 0x0, 0x0, 0x0, 0x0, 0x0,
    0x0, 0x0, 0x0, 0x0, 0xd4, 0x94, 0x0, 0x0,

    /* U+542F "启" */
    0x0, 0x0, 0x0, 0x0, 0x0, 0x0, 0x0, 0x0,
    0x0, 0x5, 0x0, 0x0, 0x0, 0x0, 0x0, 0x0,
    0x0, 0x0, 0x0, 0x0, 0x0, 0x0, 0x0, 0x0,
    0x9d, 0x9c, 0x0, 0x0, 0x0, 0x0, 0x0, 0x0,
    0x0, 0x0, 0x0, 0x28, 0x28, 0x28, 0x28, 0x28,
    0x8d, 0xe9, 0x28, 0x28, 0x28, 0x28, 0x28, 0x10,
    0x0, 0x0, 0x0, 0xff, 0xff, 0xff, 0xff, 0xff,
    0xff, 0xff, 0xff, 0xff, 0xff, 0xff, 0xff, 0x68,
    0x0, 0x0, 0x0, 0xff, 0x68, 0x0, 0x0, 0x0,
    0x0, 0x0, 0x0, 0x0, 0x0, 0x0, 0xff, 0x68,
    0x0, 0x0, 0x0, 0xff, 0x68, 0x0, 0x0, 0x0,
    0x0, 0x0, 0x0, 0x0, 0x0, 0x0, 0xff, 0x68,
    0x0, 0x0, 0x0, 0xff, 0x9c, 0x58, 0x58, 0x58,
    0x58, 0x58, 0x58, 0x58, 0x58, 0x58, 0xff, 0x68,
    0x0, 0x0, 0x0, 0xff, 0xff, 0xff, 0xff, 0xff,
    0xff, 0xff, 0xff, 0xff, 0xff, 0xff, 0xff, 0x68,
    0x0, 0x0, 0x9, 0xff, 0x67, 0x0, 0x0, 0x0,
    0x0, 0x0, 0x0, 0x0, 0x0, 0x0, 0x0, 0x0,
    0x0, 0x0, 0x19, 0xff, 0x60, 0x8, 0x14, 0x14,
    0x14, 0x14, 0x14, 0x14, 0x14, 0x14, 0x14, 0xf,
    0x0, 0x0, 0x32, 0xff, 0x50, 0x68, 0xff, 0xff,
    0xff, 0xff, 0xff, 0xff, 0xff, 0xff, 0xff, 0xc0,
    0x0, 0x0, 0x6a, 0xff, 0x33, 0x68, 0xff, 0x14,
    0x14, 0x14, 0x14, 0x14, 0x14, 0x14, 0xab, 0xc0,
    0x0, 0x0, 0xae, 0xf9, 0x8, 0x68, 0xff, 0x0,
    0x0, 0x0, 0x0, 0x0, 0x0, 0x0, 0xa4, 0xc0,
    0x0, 0x23, 0xfc, 0xb8, 0x0, 0x68, 0xff, 0x0,
    0x0, 0x0, 0x0, 0x0, 0x0, 0x0, 0xa4, 0xc0,
    0x4, 0xbc, 0xff, 0x44, 0x0, 0x68, 0xff, 0xff,
    0xff, 0xff, 0xff, 0xff, 0xff, 0xff, 0xff, 0xc0,
    0x47, 0xff, 0xbc, 0x0, 0x0, 0x68, 0xff, 0x58,
    0x58, 0x58, 0x58, 0x58, 0x58, 0x58, 0xc3, 0xc0,
    0x1, 0xad, 0x16, 0x0, 0x0, 0x68, 0xff, 0x0,
    0x0, 0x0, 0x0, 0x0, 0x0, 0x0, 0xa4, 0xc0,
    0x0, 0x0, 0x0, 0x0, 0x0, 0x6, 0x10, 0x0,
    0x0, 0x0, 0x0, 0x0, 0x0, 0x0, 0x0, 0x0,

    /* U+5438 "吸" */
    0x0, 0x0, 0x0, 0x0, 0x0, 0x0, 0xc8, 0xff,
    0xff, 0xff, 0xff, 0xff, 0xff, 0xff, 0x4, 0x0,
    0x0, 0x58, 0xff, 0xff, 0xff, 0xff, 0x18, 0x1f,
    0x9c, 0xdd, 0x28, 0x28, 0x28, 0xb5, 0xe5, 0x0,
    0x0, 0x0, 0x58, 0xff, 0x28, 0x5e, 0xff, 0x18,
    0x0, 0x98, 0xc5, 0x0, 0x0, 0x2, 0xeb, 0x99,
    0x0, 0x0, 0x0, 0x58, 0xff, 0x0, 0x40, 0xff,
    0x18, 0x0, 0xaa, 0xb2, 0x0, 0x0, 0x39, 0xff,
    0x4b, 0x0, 0x0, 0x0, 0x58, 0xff, 0x0, 0x40,
    0xff, 0x18, 0x0, 0xbf, 0xa0, 0x0, 0x0, 0x84,
    0xfa, 0x30, 0x28, 0x26, 0x0, 0x58, 0xff, 0x0,
    0x40, 0xff, 0x18, 0x0, 0xd9, 0xd8, 0x1, 0x0,
    0x70, 0xff, 0xff, 0xff, 0xd6, 0x0, 0x58, 0xff,
    0x0, 0x40, 0xff, 0x18, 0x1, 0xf6, 0xff, 0x48,
    0x0, 0x0, 0x0, 0x0, 0xdc, 0x9c, 0x0, 0x58,
    0xff, 0x0, 0x40, 0xff, 0x18, 0x1c, 0xff, 0xfd,
    0xc8, 0x0, 0x0, 0x0, 0x2e, 0xff, 0x51, 0x0,
    0x58, 0xff, 0x0, 0x40, 0xff, 0x18, 0x4c, 0xff,
    0x78, 0xff, 0x58, 0x0, 0x0, 0x82, 0xf1, 0x8,
    0x0, 0x58, 0xff, 0x28, 0x5e, 0xff, 0x18, 0x89,
    0xf5, 0x3, 0xb2, 0xe9, 0x15, 0x18, 0xf1, 0x8a,
    0x0, 0x0, 0x58, 0xff, 0xff, 0xff, 0xff, 0x1a,
    0xdd, 0xae, 0x0, 0x1a, 0xe8, 0xbe, 0xa5, 0xf0,
    0x16, 0x0, 0x0, 0x58, 0xff, 0x0, 0x0, 0x0,
    0x68, 0xff, 0x4b, 0x0, 0x0, 0x3c, 0xfc, 0xff,
    0x61, 0x0, 0x0, 0x0, 0x38, 0xa4, 0x0, 0x0,
    0x11, 0xeb, 0xcc, 0x2, 0x0, 0x10, 0xa4, 0xff,
    0xfe, 0xbe, 0x16, 0x0, 0x0, 0x0, 0x0, 0x0,
    0x5, 0xbc, 0xfd, 0x35, 0x8, 0x6e, 0xe7, 0xf6,
    0x63, 0x48, 0xf3, 0xe7, 0x56, 0x0, 0x0, 0x0,
    0x0, 0x6a, 0xff, 0x6e, 0x0, 0x7b, 0xff, 0xb8,
    0x2b, 0x0, 0x0, 0x2e, 0xd7, 0xee, 0x1b, 0x0,
    0x0, 0x0, 0x1, 0x4a, 0x0, 0x0, 0x7, 0x3c,
    0x0, 0x0, 0x0, 0x0, 0x0, 0xb, 0x2f, 0x0,

    /* U+547C "呼" */
    0x0, 0x0, 0x0, 0x0, 0x0, 0x0, 0x0, 0x0,
    0x0, 0x0, 0x0, 0x0, 0x5, 0x2f, 0x24, 0x0,
    0x1, 0x4, 0x4, 0x4, 0x4, 0x0, 0x35, 0x6d,
    0x7d, 0x8d, 0xa3, 0xd0, 0xfa, 0xff, 0xc9, 0x0,
    0x68, 0xff, 0xff, 0xff, 0xff, 0x0, 0x59, 0xed,
    0xdd, 0xcd, 0xff, 0xa1, 0x6b, 0x3e, 0xb, 0x0,
    0x68, 0xff, 0x54, 0x99, 0xff, 0x0, 0x0, 0xd,
    0x0, 0x0, 0xff, 0x28, 0x0, 0x4e, 0x32, 0x0,
    0x68, 0xff, 0x0, 0x68, 0xff, 0x0, 0x72, 0xc6,
    0x0, 0x0, 0xff, 0x28, 0x0, 0xd6, 0xa6, 0x0,
    0x68, 0xff, 0x0, 0x68, 0xff, 0x0, 0x2f, 0xff,
    0x3d, 0x0, 0xff, 0x28, 0x23, 0xff, 0x5f, 0x0,
    0x68, 0xff, 0x0, 0x68, 0xff, 0x0, 0x0, 0xc3,
    0x9e, 0x0, 0xff, 0x28, 0x81, 0xf9, 0x15, 0x0,
    0x68, 0xff, 0x0, 0x68, 0xff, 0x0, 0x0, 0x6c,
    0xcc, 0x0, 0xff, 0x28, 0x8a, 0xa2, 0x0, 0x0,
    0x68, 0xff, 0x0, 0x68, 0xff, 0x5, 0x1c, 0x26,
    0x20, 0x1c, 0xff, 0x3f, 0x1c, 0x1e, 0x1c, 0x14,
    0x68, 0xff, 0x0, 0x68, 0xff, 0x34, 0xff, 0xff,
    0xff, 0xff, 0xff, 0xff, 0xff, 0xff, 0xff, 0xbc,
    0x68, 0xff, 0x28, 0x7f, 0xff, 0xd, 0x44, 0x44,
    0x44, 0x44, 0xff, 0x61, 0x44, 0x44, 0x44, 0x31,
    0x68, 0xff, 0xff, 0xff, 0xff, 0x0, 0x0, 0x0,
    0x0, 0x0, 0xff, 0x28, 0x0, 0x0, 0x0, 0x0,
    0x68, 0xff, 0x0, 0x68, 0xff, 0x0, 0x0, 0x0,
    0x0, 0x0, 0xff, 0x28, 0x0, 0x0, 0x0, 0x0,
    0x4c, 0xbc, 0x0, 0x9, 0x18, 0x0, 0x0, 0x0,
    0x0, 0x0, 0xff, 0x28, 0x0, 0x0, 0x0, 0x0,
    0x0, 0x0, 0x0, 0x0, 0x0, 0x0, 0x0, 0x0,
    0x0, 0x0, 0xff, 0x28, 0x0, 0x0, 0x0, 0x0,
    0x0, 0x0, 0x0, 0x0, 0x0, 0x0, 0x0, 0x0,
    0x65, 0x7a, 0xff, 0x1f, 0x0, 0x0, 0x0, 0x0,
    0x0, 0x0, 0x0, 0x0, 0x0, 0x0, 0x0, 0x0,
    0x6d, 0xed, 0xcf, 0x2, 0x0, 0x0, 0x0, 0x0,

    /* U+56F4 "围" */
    0x60, 0xff, 0xff, 0xff, 0xff, 0xff, 0xff, 0xff,
    0xff, 0xff, 0xff, 0xff, 0xff, 0xff, 0xff, 0x64,
    0x60, 0xff, 0x5d, 0x58, 0x58, 0x58, 0x5f, 0x74,
    0x5b, 0x58, 0x58, 0x58, 0x58, 0x5a, 0xff, 0x64,
    0x60, 0xff, 0x8, 0x0, 0x0, 0x0, 0x44, 0xff,
    0x24, 0x0, 0x0, 0x0, 0x0, 0x4, 0xff, 0x64,
    0x60, 0xff, 0x8, 0xdc, 0xff, 0xff, 0xff, 0xff,
    0xff, 0xff, 0xff, 0xff, 0x48, 0x4, 0xff, 0x64,
    0x60, 0xff, 0x8, 0x22, 0x28, 0x28, 0x61, 0xff,
    0x46, 0x28, 0x28, 0x28, 0xb, 0x4, 0xff, 0x64,
    0x60, 0xff, 0x8, 0x11, 0x28, 0x28, 0x61, 0xff,
    0x46, 0x28, 0x28, 0x1c, 0x0, 0x4, 0xff, 0x64,
    0x60, 0xff, 0x8, 0x70, 0xff, 0xff, 0xff, 0xff,
    0xff, 0xff, 0xff, 0xb8, 0x0, 0x4, 0xff, 0x64,
    0x60, 0xff, 0x8, 0x20, 0x20, 0x20, 0x5b, 0xff,
    0x3f, 0x20, 0x20, 0x20, 0xa, 0x4, 0xff, 0x64,
    0x60, 0xff, 0x8, 0xff, 0xff, 0xff, 0xff, 0xff,
    0xff, 0xff, 0xff, 0xff, 0x4f, 0x4, 0xff, 0x64,
    0x60, 0xff, 0x8, 0x38, 0x38, 0x38, 0x6d, 0xff,
    0x54, 0x38, 0x4c, 0xff, 0x3b, 0x4, 0xff, 0x64,
    0x60, 0xff, 0x8, 0x0, 0x0, 0x0, 0x44, 0xff,
    0x2a, 0x6e, 0x8d, 0xfb, 0xf, 0x4, 0xff, 0x64,
    0x60, 0xff, 0x8, 0x0, 0x0, 0x0, 0x44, 0xff,
    0x24, 0xad, 0xc5, 0x5f, 0x0, 0x4, 0xff, 0x64,
    0x60, 0xff, 0x8, 0x0, 0x0, 0x0, 0x25, 0x8c,
    0x13, 0x0, 0x0, 0x0, 0x0, 0x4, 0xff, 0x64,
    0x60, 0xff, 0xff, 0xff, 0xff, 0xff, 0xff, 0xff,
    0xff, 0xff, 0xff, 0xff, 0xff, 0xff, 0xff, 0x64,
    0x60, 0xff, 0x5d, 0x58, 0x58, 0x58, 0x58, 0x58,
    0x58, 0x58, 0x58, 0x58, 0x58, 0x5a, 0xff, 0x64,
    0x60, 0xff, 0x8, 0x0, 0x0, 0x0, 0x0, 0x0,
    0x0, 0x0, 0x0, 0x0, 0x0, 0x4, 0xff, 0x64,

    /* U+5728 "在" */
    0x0, 0x0, 0x0, 0x0, 0x0, 0x0, 0x10, 0x49,
    0xc, 0x0, 0x0, 0x0, 0x0, 0x0, 0x0, 0x0,
    0x0, 0x0, 0x0, 0x0, 0x0, 0x0, 0x0, 0x73,
    0xfe, 0x1c, 0x0, 0x0, 0x0, 0x0, 0x0, 0x0,
    0x0, 0x0, 0x0, 0x28, 0x28, 0x28, 0x28, 0x28,
    0xda, 0xcf, 0x28, 0x28, 0x28, 0x28, 0x28, 0x28,
    0x28, 0x28, 0x1e, 0x0, 0xff, 0xff, 0xff, 0xff,
    0xff, 0xff, 0xff, 0xff, 0xff, 0xff, 0xff, 0xff,
    0xff, 0xff, 0xff, 0xc0, 0x0, 0x0, 0x0, 0x0,
    0x2, 0xd9, 0xb3, 0x0, 0x0, 0x0, 0x9, 0x7,
    0x0, 0x0, 0x0, 0x0, 0x0, 0x0, 0x0, 0x0,
    0x0, 0x53, 0xfb, 0x27, 0x0, 0x0, 0x0, 0xc8,
    0xa0, 0x0, 0x0, 0x0, 0x0, 0x0, 0x0, 0x0,
    0x0, 0x1e, 0xd3, 0x87, 0x0, 0x0, 0x0, 0x0,
    0xc8, 0xa0, 0x0, 0x0, 0x0, 0x0, 0x0, 0x0,
    0x0, 0xf, 0xf8, 0xca, 0x5, 0x0, 0x0, 0x0,
    0x0, 0xc8, 0xa0, 0x0, 0x0, 0x0, 0x0, 0x0,
    0x0, 0x11, 0xca, 0xff, 0x74, 0x0, 0xff, 0xff,
    0xff, 0xff, 0xff, 0xff, 0xff, 0xff, 0xff, 0xfc,
    0x0, 0x12, 0xce, 0xf3, 0xfb, 0x74, 0x0, 0x28,
    0x28, 0x28, 0x28, 0xd0, 0xaf, 0x28, 0x28, 0x28,
    0x27, 0x0, 0x49, 0xfa, 0x47, 0xf4, 0x74, 0x0,
    0x0, 0x0, 0x0, 0x0, 0xc8, 0xa0, 0x0, 0x0,
    0x0, 0x0, 0x0, 0x0, 0x29, 0x0, 0xf4, 0x74,
    0x0, 0x0, 0x0, 0x0, 0x0, 0xc8, 0xa0, 0x0,
    0x0, 0x0, 0x0, 0x0, 0x0, 0x0, 0x0, 0xf4,
    0x74, 0x0, 0x0, 0x0, 0x0, 0x0, 0xc8, 0xa0,
    0x0, 0x0, 0x0, 0x0, 0x0, 0x0, 0x0, 0x0,
    0xf4, 0x74, 0x0, 0x0, 0x0, 0x0, 0x0, 0xc8,
    0xa0, 0x0, 0x0, 0x0, 0x0, 0x0, 0x0, 0x0,
    0x0, 0xf4, 0x74, 0x4a, 0x58, 0x58, 0x58, 0x58,
    0xdb, 0xc1, 0x58, 0x58, 0x58, 0x58, 0x35, 0x0,
    0x0, 0x0, 0xf4, 0x74, 0xd8, 0xff, 0xff, 0xff,
    0xff, 0xff, 0xff, 0xff, 0xff, 0xff, 0xff, 0x9c,
    0x0, 0x0, 0x0, 0xf4, 0x74, 0x0, 0x0, 0x0,
    0x0, 0x0, 0x0, 0x0, 0x0, 0x0, 0x0, 0x0,
    0x0,

    /* U+5916 "外" */
    0x0, 0x0, 0x0, 0x75, 0x86, 0x0, 0x0, 0x0,
    0x0, 0x3c, 0xff, 0x2c, 0x0, 0x0, 0x0, 0x0,
    0x0, 0x0, 0x0, 0xd0, 0xa8, 0x0, 0x0, 0x0,
    0x0, 0x3c, 0xff, 0x2c, 0x0, 0x0, 0x0, 0x0,
    0x0, 0x0, 0x1c, 0xfe, 0x68, 0x0, 0x0, 0x0,
    0x0, 0x3c, 0xff, 0x2c, 0x0, 0x0, 0x0, 0x0,
    0x0, 0x0, 0x78, 0xff, 0xff, 0xff, 0xff, 0xff,
    0x38, 0x3c, 0xff, 0x2c, 0x0, 0x0, 0x0, 0x0,
    0x0, 0x1, 0xd7, 0xae, 0x28, 0x28, 0x72, 0xff,
    0x32, 0x3c, 0xff, 0x2c, 0x0, 0x0, 0x0, 0x0,
    0x0, 0x4c, 0xff, 0x45, 0x0, 0x0, 0x85, 0xfc,
    0xc, 0x3c, 0xff, 0x34, 0x0, 0x0, 0x0, 0x0,
    0x0, 0xc6, 0xee, 0x5, 0x0, 0x0, 0xbb, 0xc7,
    0x0, 0x3c, 0xff, 0xd6, 0x17, 0x0, 0x0, 0x0,
    0x58, 0xff, 0xfe, 0xab, 0x5, 0x9, 0xf8, 0x7c,
    0x0, 0x3c, 0xff, 0xef, 0xd6, 0x17, 0x0, 0x0,
    0xb7, 0xd0, 0x47, 0xf7, 0xa2, 0x55, 0xff, 0x28,
    0x0, 0x3c, 0xff, 0x50, 0xec, 0xd1, 0xe, 0x0,
    0xc, 0x29, 0x0, 0x53, 0x46, 0xb9, 0xc0, 0x0,
    0x0, 0x3c, 0xff, 0x2c, 0x3d, 0xfb, 0xba, 0x5,
    0x0, 0x0, 0x0, 0x0, 0x38, 0xff, 0x59, 0x0,
    0x0, 0x3c, 0xff, 0x2c, 0x0, 0x78, 0xff, 0x57,
    0x0, 0x0, 0x0, 0x4, 0xca, 0xd2, 0x4, 0x0,
    0x0, 0x3c, 0xff, 0x2c, 0x0, 0x1, 0x87, 0x3,
    0x0, 0x0, 0x0, 0x8f, 0xfd, 0x38, 0x0, 0x0,
    0x0, 0x3c, 0xff, 0x2c, 0x0, 0x0, 0x0, 0x0,
    0x0, 0x2, 0x89, 0xff, 0x8b, 0x0, 0x0, 0x0,
    0x0, 0x3c, 0xff, 0x2c, 0x0, 0x0, 0x0, 0x0,
    0x31, 0xc0, 0xff, 0xa6, 0x2, 0x0, 0x0, 0x0,
    0x0, 0x3c, 0xff, 0x2c, 0x0, 0x0, 0x0, 0x0,
    0x96, 0xfd, 0x84, 0x2, 0x0, 0x0, 0x0, 0x0,
    0x0, 0x3c, 0xff, 0x2c, 0x0, 0x0, 0x0, 0x0,
    0x25, 0x2f, 0x0, 0x0, 0x0, 0x0, 0x0, 0x0,
    0x0, 0x3c, 0xff, 0x2c, 0x0, 0x0, 0x0, 0x0,

    /* U+591C "夜" */
    0x0, 0x0, 0x0, 0x0, 0x0, 0x0, 0x0, 0x12,
    0x97, 0x5d, 0x0, 0x0, 0x0, 0x0, 0x0, 0x0,
    0x0, 0x0, 0x0, 0x0, 0x0, 0x0, 0x0, 0x0,
    0x0, 0x3, 0xe2, 0xdf, 0x1, 0x0, 0x0, 0x0,
    0x0, 0x0, 0x0, 0x0, 0x4, 0xff, 0xff, 0xff,
    0xff, 0xff, 0xff, 0xff, 0xff, 0xff, 0xff, 0xff,
    0xff, 0xff, 0xff, 0xff, 0xff, 0x4, 0x0, 0x28,
    0x28, 0x28, 0x28, 0x28, 0x28, 0x28, 0x28, 0x28,
    0x28, 0x28, 0x28, 0x28, 0x28, 0x28, 0x28, 0x0,
    0x0, 0x0, 0x0, 0x0, 0x6c, 0xb1, 0x1, 0x0,
    0x29, 0xe1, 0x3e, 0x0, 0x0, 0x0, 0x0, 0x0,
    0x0, 0x0, 0x0, 0x0, 0x0, 0x0, 0xd0, 0xa5,
    0x0, 0x0, 0x83, 0xff, 0x4b, 0x28, 0x28, 0x28,
    0x28, 0x21, 0x0, 0x0, 0x0, 0x0, 0x0, 0x40,
    0xff, 0x40, 0x0, 0x7, 0xe6, 0xff, 0xff, 0xff,
    0xff, 0xff, 0xff, 0xd3, 0x0, 0x0, 0x0, 0x0,
    0x0, 0xba, 0xdb, 0x1, 0x0, 0x65, 0xff, 0x45,
    0x1, 0x0, 0x0, 0x2, 0xe4, 0xa7, 0x0, 0x0,
    0x0, 0x0, 0x49, 0xff, 0x96, 0x0, 0xe, 0xe7,
    0xc9, 0x30, 0xd0, 0x28, 0x0, 0x46, 0xff, 0x4a,
    0x0, 0x0, 0x0, 0x9, 0xda, 0xff, 0x94, 0x0,
    0x98, 0xff, 0x80, 0xd, 0xba, 0xec, 0x11, 0xbb,
    0xde, 0x2, 0x0, 0x0, 0x0, 0x95, 0xff, 0xf8,
    0x94, 0x45, 0xff, 0xd9, 0xf8, 0x32, 0x9, 0x64,
    0x44, 0xff, 0x60, 0x0, 0x0, 0x0, 0xa, 0xf7,
    0x8e, 0xd4, 0x94, 0x8, 0x6c, 0xb, 0xd0, 0xe3,
    0x27, 0xf, 0xdd, 0xd4, 0x3, 0x0, 0x0, 0x0,
    0x0, 0x5e, 0x4, 0xd4, 0x94, 0x0, 0x0, 0x0,
    0x1c, 0xdb, 0xe9, 0xc1, 0xf3, 0x2b, 0x0, 0x0,
    0x0, 0x0, 0x0, 0x0, 0x0, 0xd4, 0x94, 0x0,
    0x0, 0x0, 0x0, 0x2d, 0xfb, 0xff, 0x9f, 0x2,
    0x0, 0x0, 0x0, 0x0, 0x0, 0x0, 0x0, 0xd4,
    0x94, 0x0, 0x0, 0x0, 0x4d, 0xe6, 0xf5, 0xae,
    0xfe, 0xd1, 0x47, 0x0, 0x0, 0x0, 0x0, 0x0,
    0x0, 0xd4, 0x94, 0x0, 0x41, 0xd4, 0xff, 0xd6,
    0x2b, 0x0, 0x3c, 0xd5, 0xff, 0xd9, 0x6b, 0x0,
    0x0, 0x0, 0x0, 0xd4, 0x94, 0x0, 0x25, 0xdf,
    0x6d, 0x7, 0x0, 0x0, 0x0, 0x3, 0x54, 0xc7,
    0x80, 0x0, 0x0, 0x0, 0x0, 0x0, 0x0, 0x0,
    0x0, 0x1, 0x0, 0x0, 0x0, 0x0, 0x0, 0x0,
    0x0, 0x0, 0x2, 0x0,

    /* U+5931 "失" */
    0x0, 0x0, 0x0, 0xf, 0x22, 0x0, 0x0, 0x1c,
    0xff, 0x4c, 0x0, 0x0, 0x0, 0x0, 0x0, 0x0,
    0x0, 0x0, 0x0, 0x0, 0x67, 0xfc, 0xc, 0x0,
    0x1c, 0xff, 0x4c, 0x0, 0x0, 0x0, 0x0, 0x0,
    0x0, 0x0, 0x0, 0x0, 0x0, 0xb0, 0xcb, 0x0,
    0x0, 0x1c, 0xff, 0x4c, 0x0, 0x0, 0x0, 0x0,
    0x0, 0x0, 0x0, 0x0, 0x0, 0x14, 0xf9, 0xbb,
    0x58, 0x58, 0x6a, 0xff, 0x89, 0x58, 0x58, 0x58,
    0x58, 0x51, 0x0, 0x0, 0x0, 0x0, 0x77, 0xff,
    0xff, 0xff, 0xff, 0xff, 0xff, 0xff, 0xff, 0xff,
    0xff, 0xff, 0xec, 0x0, 0x0, 0x0, 0xe, 0xec,
    0xa3, 0x0, 0x0, 0x0, 0x1c, 0xff, 0x4c, 0x0,
    0x0, 0x0, 0x0, 0x0, 0x0, 0x0, 0x0, 0x98,
    0xfc, 0x27, 0x0, 0x0, 0x0, 0x1c, 0xff, 0x4c,
    0x0, 0x0, 0x0, 0x0, 0x0, 0x0, 0x0, 0x6,
    0xd5, 0x81, 0x0, 0x0, 0x0, 0x0, 0x21, 0xff,
    0x46, 0x0, 0x0, 0x0, 0x0, 0x0, 0x0, 0x0,
    0x0, 0x3b, 0x2c, 0x28, 0x28, 0x28, 0x28, 0x55,
    0xff, 0x52, 0x28, 0x28, 0x28, 0x28, 0x28, 0x24,
    0x0, 0x0, 0xff, 0xff, 0xff, 0xff, 0xff, 0xff,
    0xff, 0xff, 0xff, 0xff, 0xff, 0xff, 0xff, 0xff,
    0xe8, 0x0, 0x0, 0x0, 0x0, 0x0, 0x0, 0x0,
    0x2b, 0xf9, 0xf7, 0xba, 0x1, 0x0, 0x0, 0x0,
    0x0, 0x0, 0x0, 0x0, 0x0, 0x0, 0x0, 0x0,
    0xb, 0xcc, 0xde, 0x37, 0xf9, 0x7a, 0x0, 0x0,
    0x0, 0x0, 0x0, 0x0, 0x0, 0x0, 0x0, 0x0,
    0xe, 0xc4, 0xf9, 0x3e, 0x0, 0x77, 0xff, 0x7c,
    0x0, 0x0, 0x0, 0x0, 0x0, 0x0, 0x0, 0x0,
    0x3c, 0xdc, 0xf8, 0x4b, 0x0, 0x0, 0x0, 0x82,
    0xff, 0xa9, 0x19, 0x0, 0x0, 0x0, 0x0, 0x1b,
    0x96, 0xfd, 0xe0, 0x3c, 0x0, 0x0, 0x0, 0x0,
    0x0, 0x62, 0xf2, 0xf1, 0x7d, 0x19, 0x0, 0x6d,
    0xf8, 0xfc, 0x9b, 0xe, 0x0, 0x0, 0x0, 0x0,
    0x0, 0x0, 0x0, 0x20, 0xb1, 0xff, 0xfb, 0x54,
    0x3c, 0xa7, 0x27, 0x0, 0x0, 0x0, 0x0, 0x0,
    0x0, 0x0, 0x0, 0x0, 0x0, 0x0, 0x2f, 0x94,
    0x7,

    /* U+59CB "始" */
    0x0, 0x0, 0x0, 0xd, 0x2f, 0x2, 0x0, 0x0,
    0x0, 0x0, 0x0, 0x39, 0x10, 0x0, 0x0, 0x0,
    0x0, 0x0, 0x0, 0x0, 0x4f, 0xfd, 0xb, 0x0,
    0x0, 0x0, 0x0, 0x12, 0xf6, 0x8f, 0x0, 0x0,
    0x0, 0x0, 0x0, 0x0, 0x0, 0x88, 0xd6, 0x0,
    0x0, 0x0, 0x0, 0x0, 0x7b, 0xfa, 0x1e, 0x0,
    0x0, 0x0, 0x0, 0x3, 0x28, 0x28, 0xc7, 0xb6,
    0x28, 0x28, 0x11, 0x0, 0x12, 0xf0, 0x91, 0x0,
    0x51, 0xc4, 0x6, 0x0, 0x14, 0xff, 0xff, 0xff,
    0xff, 0xff, 0xff, 0x65, 0x0, 0xa6, 0xe5, 0x11,
    0x0, 0x17, 0xeb, 0x7a, 0x0, 0x0, 0x0, 0x41,
    0xff, 0x29, 0x13, 0xff, 0x4f, 0x6d, 0xf8, 0x46,
    0x20, 0x3b, 0x56, 0xb2, 0xf5, 0x14, 0x0, 0x0,
    0x89, 0xe4, 0x0, 0x31, 0xff, 0x3d, 0xf9, 0xfc,
    0xfe, 0xff, 0xfd, 0xdc, 0xaf, 0xe1, 0x80, 0x0,
    0x0, 0xd2, 0x9b, 0x0, 0x5e, 0xfe, 0xb, 0x5a,
    0x5c, 0x44, 0x2c, 0x9, 0x0, 0x0, 0x73, 0xa9,
    0x0, 0x22, 0xff, 0x4a, 0x0, 0x97, 0xda, 0x0,
    0x0, 0x0, 0x0, 0x0, 0x0, 0x0, 0x0, 0x0,
    0x0, 0x0, 0x4a, 0xff, 0x7a, 0x2, 0xe2, 0x96,
    0x0, 0x58, 0xff, 0xff, 0xff, 0xff, 0xff, 0xff,
    0xff, 0x0, 0x0, 0x0, 0x6c, 0xfe, 0xae, 0xff,
    0x47, 0x0, 0x58, 0xff, 0x28, 0x28, 0x28, 0x28,
    0x49, 0xff, 0x0, 0x0, 0x0, 0x0, 0x61, 0xff,
    0xdd, 0x1, 0x0, 0x58, 0xff, 0x0, 0x0, 0x0,
    0x0, 0x28, 0xff, 0x0, 0x0, 0x0, 0x0, 0x71,
    0xff, 0xfb, 0x49, 0x0, 0x58, 0xff, 0x0, 0x0,
    0x0, 0x0, 0x28, 0xff, 0x0, 0x0, 0x0, 0x43,
    0xfa, 0xcc, 0xa3, 0xf4, 0x34, 0x58, 0xff, 0x0,
    0x0, 0x0, 0x0, 0x28, 0xff, 0x0, 0x0, 0x4c,
    0xf5, 0xf7, 0x2d, 0x9, 0xcb, 0x6a, 0x58, 0xff,
    0xff, 0xff, 0xff, 0xff, 0xff, 0xff, 0x0, 0x2,
    0xe5, 0xfe, 0x5d, 0x0, 0x0, 0x2, 0x0, 0x58,
    0xff, 0x28, 0x28, 0x28, 0x28, 0x49, 0xff, 0x0,
    0x0, 0x79, 0x69, 0x0, 0x0, 0x0, 0x0, 0x0,
    0x58, 0xff, 0x0, 0x0, 0x0, 0x0, 0x28, 0xff,
    0x0, 0x0, 0x0, 0x0, 0x0, 0x0, 0x0, 0x0,
    0x0, 0x0, 0x0, 0x0, 0x0, 0x0, 0x0, 0x0,
    0x0, 0x0,

    /* U+5B66 "学" */
    0x0, 0x0, 0x0, 0x0, 0x0, 0x0, 0x0, 0x0,
    0x2e, 0x9, 0x0, 0x0, 0x0, 0x11, 0x0, 0x0,
    0x0, 0x0, 0x0, 0x0, 0x0, 0x64, 0xb6, 0x9,
    0x0, 0x11, 0xf0, 0x88, 0x0, 0x0, 0x1d, 0xf6,
    0x9a, 0x0, 0x0, 0x0, 0x0, 0x0, 0x0, 0x34,
    0xf8, 0x92, 0x0, 0x0, 0x8f, 0xf0, 0x7, 0x0,
    0xaf, 0xf0, 0x26, 0x0, 0x0, 0x0, 0x0, 0x17,
    0x28, 0x28, 0x7d, 0x44, 0x28, 0x28, 0x48, 0x4e,
    0x28, 0x7e, 0xfd, 0x64, 0x28, 0x28, 0x15, 0x0,
    0x0, 0x94, 0xff, 0xff, 0xff, 0xff, 0xff, 0xff,
    0xff, 0xff, 0xff, 0xff, 0xff, 0xff, 0xff, 0xff,
    0x88, 0x0, 0x0, 0x94, 0xc0, 0x0, 0x0, 0x0,
    0x0, 0x0, 0x0, 0x0, 0x0, 0x0, 0x0, 0x0,
    0x0, 0xcc, 0x88, 0x0, 0x0, 0x94, 0xc0, 0x5,
    0x28, 0x28, 0x28, 0x28, 0x28, 0x28, 0x28, 0x28,
    0x28, 0x25, 0x0, 0xcc, 0x88, 0x0, 0x0, 0x10,
    0x15, 0x20, 0xff, 0xff, 0xff, 0xff, 0xff, 0xff,
    0xff, 0xff, 0xff, 0xf0, 0x0, 0x23, 0x17, 0x0,
    0x0, 0x0, 0x0, 0x0, 0x0, 0x0, 0x0, 0x0,
    0x0, 0x6, 0x66, 0xe1, 0xe1, 0x5e, 0x0, 0x0,
    0x0, 0x0, 0x0, 0x0, 0x0, 0x0, 0x0, 0x0,
    0x0, 0x0, 0x50, 0xe6, 0xe0, 0x6b, 0x7, 0x0,
    0x0, 0x0, 0x0, 0x0, 0x5, 0x4c, 0x4c, 0x4c,
    0x4c, 0x4c, 0x4c, 0x4c, 0xae, 0xe2, 0x50, 0x4c,
    0x4c, 0x4c, 0x4c, 0x4c, 0x4c, 0x7, 0x14, 0xff,
    0xff, 0xff, 0xff, 0xff, 0xff, 0xff, 0xff, 0xff,
    0xff, 0xff, 0xff, 0xff, 0xff, 0xff, 0xff, 0x18,
    0x0, 0xc, 0xc, 0xc, 0xc, 0xc, 0xc, 0xc,
    0x91, 0xca, 0xc, 0xc, 0xc, 0xc, 0xc, 0xc,
    0xc, 0x1, 0x0, 0x0, 0x0, 0x0, 0x0, 0x0,
    0x0, 0x0, 0x8c, 0xc8, 0x0, 0x0, 0x0, 0x0,
    0x0, 0x0, 0x0, 0x0, 0x0, 0x0, 0x0, 0x0,
    0x0, 0x0, 0x0, 0x0, 0x8c, 0xc8, 0x0, 0x0,
    0x0, 0x0, 0x0, 0x0, 0x0, 0x0, 0x0, 0x0,
    0x0, 0x0, 0x0, 0x10, 0x7d, 0x60, 0xc2, 0xc2,
    0x0, 0x0, 0x0, 0x0, 0x0, 0x0, 0x0, 0x0,
    0x0, 0x0, 0x0, 0x0, 0x0, 0x4, 0xd3, 0xf3,
    0xec, 0x5c, 0x0, 0x0, 0x0, 0x0, 0x0, 0x0,
    0x0, 0x0,

    /* U+5B8C "完" */
    0x0, 0x0, 0x0, 0x0, 0x0, 0x0, 0x19, 0x95,
    0x3a, 0x0, 0x0, 0x0, 0x0, 0x0, 0x0, 0x0,
    0x0, 0x1, 0x4, 0x4, 0x4, 0x4, 0x4, 0x11,
    0xf7, 0xa8, 0x4, 0x4, 0x4, 0x4, 0x4, 0x4,
    0x1, 0x0, 0x50, 0xff, 0xff, 0xff, 0xff, 0xff,
    0xff, 0xff, 0xff, 0xff, 0xff, 0xff, 0xff, 0xff,
    0xff, 0x40, 0x0, 0x50, 0xff, 0x7e, 0x64, 0x64,
    0x64, 0x64, 0x64, 0x64, 0x64, 0x64, 0x64, 0x64,
    0x88, 0xff, 0x40, 0x0, 0x50, 0xff, 0x2c, 0x0,
    0x0, 0x0, 0x0, 0x0, 0x0, 0x0, 0x0, 0x0,
    0x0, 0x3c, 0xff, 0x40, 0x0, 0xc, 0x28, 0x2a,
    0xff, 0xff, 0xff, 0xff, 0xff, 0xff, 0xff, 0xff,
    0xff, 0xff, 0xd, 0x28, 0xa, 0x0, 0x0, 0x0,
    0x5, 0x28, 0x28, 0x28, 0x28, 0x28, 0x28, 0x28,
    0x28, 0x28, 0x28, 0x0, 0x0, 0x0, 0x0, 0x0,
    0x0, 0x0, 0x0, 0x0, 0x0, 0x0, 0x0, 0x0,
    0x0, 0x0, 0x0, 0x0, 0x0, 0x0, 0x0, 0x0,
    0xc, 0x28, 0x28, 0x28, 0x28, 0x28, 0x28, 0x28,
    0x28, 0x28, 0x28, 0x28, 0x28, 0x28, 0x28, 0xc,
    0x0, 0x50, 0xff, 0xff, 0xff, 0xff, 0xff, 0xff,
    0xff, 0xff, 0xff, 0xff, 0xff, 0xff, 0xff, 0xff,
    0x50, 0x0, 0x0, 0x0, 0x0, 0x0, 0x3d, 0xff,
    0x4d, 0x0, 0x0, 0xff, 0x78, 0x0, 0x0, 0x0,
    0x0, 0x0, 0x0, 0x0, 0x0, 0x0, 0x0, 0x86,
    0xfc, 0x14, 0x0, 0x0, 0xff, 0x78, 0x0, 0x0,
    0x0, 0x0, 0x0, 0x0, 0x0, 0x0, 0x0, 0x20,
    0xf2, 0xb4, 0x0, 0x0, 0x0, 0xff, 0x78, 0x0,
    0x0, 0x0, 0x2a, 0x6b, 0xd, 0x0, 0x0, 0x24,
    0xd1, 0xf9, 0x30, 0x0, 0x0, 0x0, 0xff, 0x78,
    0x0, 0x0, 0x0, 0x5e, 0xff, 0x28, 0x2f, 0x8a,
    0xf3, 0xf9, 0x57, 0x0, 0x0, 0x0, 0x0, 0xfb,
    0xc9, 0x71, 0x6d, 0x7d, 0xd7, 0xf3, 0x5, 0xb0,
    0xfb, 0xad, 0x2a, 0x0, 0x0, 0x0, 0x0, 0x0,
    0x89, 0xe9, 0xfc, 0xfd, 0xf3, 0xd4, 0x63, 0x0,
    0x17, 0x10, 0x0, 0x0, 0x0, 0x0, 0x0, 0x0,
    0x0, 0x0, 0x0, 0x0, 0x0, 0x0, 0x0, 0x0,
    0x0,

    /* U+5BF9 "对" */
    0x0, 0x0, 0x0, 0x0, 0x0, 0x0, 0x0, 0x0,
    0x0, 0x0, 0x0, 0x0, 0x54, 0xff, 0x14, 0x0,
    0x0, 0xb4, 0xff, 0xff, 0xff, 0xff, 0xff, 0x19,
    0x0, 0x0, 0x0, 0x0, 0x0, 0x54, 0xff, 0x14,
    0x0, 0x0, 0x49, 0x68, 0x68, 0x68, 0xa9, 0xff,
    0x6, 0x0, 0x0, 0x0, 0x0, 0x0, 0x54, 0xff,
    0x14, 0x0, 0x0, 0x0, 0x0, 0x0, 0x0, 0x7f,
    0xef, 0x0, 0x0, 0x0, 0x0, 0x0, 0x0, 0x54,
    0xff, 0x14, 0x0, 0x0, 0x3b, 0x9a, 0x0, 0x0,
    0x96, 0xd1, 0x18, 0xff, 0xff, 0xff, 0xff, 0xff,
    0xff, 0xff, 0xff, 0xff, 0x30, 0x3b, 0xfe, 0x5d,
    0x0, 0xb3, 0xb1, 0x8, 0x58, 0x58, 0x58, 0x58,
    0x58, 0x8f, 0xff, 0x65, 0x58, 0x10, 0x0, 0x9f,
    0xee, 0x18, 0xda, 0x87, 0x0, 0x0, 0x29, 0x4,
    0x0, 0x0, 0x54, 0xff, 0x14, 0x0, 0x0, 0x0,
    0x15, 0xee, 0xba, 0xfe, 0x59, 0x0, 0x1f, 0xfd,
    0x65, 0x0, 0x0, 0x54, 0xff, 0x14, 0x0, 0x0,
    0x0, 0x0, 0x69, 0xff, 0xff, 0x20, 0x0, 0x0,
    0xae, 0xe2, 0x7, 0x0, 0x54, 0xff, 0x14, 0x0,
    0x0, 0x0, 0x0, 0x2, 0xd5, 0xf3, 0x1, 0x0,
    0x0, 0x33, 0xff, 0x60, 0x0, 0x54, 0xff, 0x14,
    0x0, 0x0, 0x0, 0x0, 0x4, 0xec, 0xff, 0x53,
    0x0, 0x0, 0x0, 0xd3, 0xc6, 0x0, 0x54, 0xff,
    0x14, 0x0, 0x0, 0x0, 0x0, 0x4e, 0xff, 0xe4,
    0xd0, 0x1, 0x0, 0x0, 0x78, 0xe3, 0xf, 0x54,
    0xff, 0x14, 0x0, 0x0, 0x0, 0x0, 0xc5, 0xca,
    0x4f, 0xff, 0x4f, 0x0, 0x0, 0xd, 0x6, 0x0,
    0x54, 0xff, 0x14, 0x0, 0x0, 0x0, 0x58, 0xff,
    0x4a, 0x1, 0xd6, 0x6e, 0x0, 0x0, 0x0, 0x0,
    0x0, 0x54, 0xff, 0x14, 0x0, 0x0, 0x24, 0xec,
    0xb2, 0x0, 0x0, 0x1f, 0x0, 0x0, 0x0, 0x0,
    0x0, 0x0, 0x54, 0xff, 0x14, 0x0, 0x0, 0xb5,
    0xe1, 0x14, 0x0, 0x0, 0x0, 0x0, 0x0, 0x0,
    0xc, 0x9e, 0x74, 0xae, 0xff, 0x7, 0x0, 0x0,
    0x2e, 0x27, 0x0, 0x0, 0x0, 0x0, 0x0, 0x0,
    0x0, 0x0, 0xbd, 0xf1, 0xf7, 0x9a, 0x0, 0x0,
    0x0,

    /* U+5DE6 "左" */
    0x0, 0x0, 0x0, 0x0, 0x0, 0x0, 0x80, 0x25,
    0x0, 0x0, 0x0, 0x0, 0x0, 0x0, 0x0, 0x0,
    0x0, 0x0, 0x0, 0x0, 0x0, 0x0, 0x21, 0xff,
    0x4b, 0x0, 0x0, 0x0, 0x0, 0x0, 0x0, 0x0,
    0x0, 0x0, 0x0, 0x0, 0x0, 0x0, 0x0, 0x50,
    0xff, 0x23, 0x0, 0x0, 0x0, 0x0, 0x0, 0x0,
    0x0, 0x0, 0x0, 0x0, 0xd8, 0xff, 0xff, 0xff,
    0xff, 0xff, 0xff, 0xff, 0xff, 0xff, 0xff, 0xff,
    0xff, 0xff, 0xff, 0x0, 0x0, 0x21, 0x28, 0x28,
    0x29, 0xec, 0xa6, 0x28, 0x28, 0x28, 0x28, 0x28,
    0x28, 0x28, 0x28, 0x28, 0x0, 0x0, 0x0, 0x0,
    0x0, 0x40, 0xff, 0x4e, 0x0, 0x0, 0x0, 0x0,
    0x0, 0x0, 0x0, 0x0, 0x0, 0x0, 0x0, 0x0,
    0x0, 0x0, 0xa5, 0xf5, 0x9, 0x0, 0x0, 0x0,
    0x0, 0x0, 0x0, 0x0, 0x0, 0x0, 0x0, 0x0,
    0x0, 0x0, 0x26, 0xfc, 0x99, 0x0, 0x0, 0x0,
    0x0, 0x0, 0x0, 0x0, 0x0, 0x0, 0x0, 0x0,
    0x0, 0x0, 0x0, 0xab, 0xff, 0x55, 0x28, 0x28,
    0x28, 0x28, 0x28, 0x28, 0x28, 0x28, 0x28, 0x8,
    0x0, 0x0, 0x0, 0x4e, 0xff, 0xff, 0xff, 0xff,
    0xff, 0xff, 0xff, 0xff, 0xff, 0xff, 0xff, 0xff,
    0x38, 0x0, 0x0, 0x16, 0xe5, 0xe3, 0x12, 0x0,
    0x0, 0x0, 0x64, 0xff, 0x4, 0x0, 0x0, 0x0,
    0x0, 0x0, 0x0, 0x5, 0xc1, 0xfa, 0x3c, 0x0,
    0x0, 0x0, 0x0, 0x64, 0xff, 0x4, 0x0, 0x0,
    0x0, 0x0, 0x0, 0x0, 0x38, 0xf9, 0x5b, 0x0,
    0x0, 0x0, 0x0, 0x0, 0x64, 0xff, 0x4, 0x0,
    0x0, 0x0, 0x0, 0x0, 0x0, 0x0, 0x1d, 0x0,
    0x0, 0x0, 0x0, 0x0, 0x0, 0x64, 0xff, 0x4,
    0x0, 0x0, 0x0, 0x0, 0x0, 0x0, 0x0, 0xc,
    0x58, 0x58, 0x58, 0x58, 0x58, 0x58, 0x99, 0xff,
    0x5a, 0x58, 0x58, 0x58, 0x58, 0x58, 0x25, 0x0,
    0x24, 0xff, 0xff, 0xff, 0xff, 0xff, 0xff, 0xff,
    0xff, 0xff, 0xff, 0xff, 0xff, 0xff, 0xff, 0x6c,

    /* U+5E76 "并" */
    0x0, 0x0, 0x0, 0x0, 0x2e, 0x67, 0x0, 0x0,
    0x0, 0x0, 0x0, 0x2, 0x7e, 0x3a, 0x0, 0x0,
    0x0, 0x0, 0x0, 0x0, 0x0, 0x0, 0x8f, 0xff,
    0x64, 0x0, 0x0, 0x0, 0x0, 0x5e, 0xff, 0x66,
    0x0, 0x0, 0x0, 0x0, 0x0, 0x0, 0x0, 0x0,
    0x1, 0xac, 0xe2, 0x7, 0x0, 0x0, 0x6, 0xe0,
    0xd2, 0x4, 0x0, 0x0, 0x0, 0x0, 0x0, 0x0,
    0x50, 0x54, 0x54, 0x5f, 0x70, 0x54, 0x54, 0x54,
    0x90, 0xff, 0x89, 0x54, 0x54, 0x54, 0x15, 0x0,
    0x0, 0x0, 0xf4, 0xff, 0xff, 0xff, 0xff, 0xff,
    0xff, 0xff, 0xff, 0xff, 0xff, 0xff, 0xff, 0xff,
    0x40, 0x0, 0x0, 0x0, 0x3, 0x4, 0x4, 0xa9,
    0xc1, 0x4, 0x4, 0x4, 0x4, 0x9d, 0xcc, 0x4,
    0x4, 0x4, 0x1, 0x0, 0x0, 0x0, 0x0, 0x0,
    0x0, 0xa8, 0xc0, 0x0, 0x0, 0x0, 0x0, 0x9c,
    0xcc, 0x0, 0x0, 0x0, 0x0, 0x0, 0x0, 0x0,
    0x0, 0x0, 0x0, 0xa8, 0xc0, 0x0, 0x0, 0x0,
    0x0, 0x9c, 0xcc, 0x0, 0x0, 0x0, 0x0, 0x0,
    0x0, 0x0, 0x0, 0x0, 0x0, 0xa8, 0xc0, 0x0,
    0x0, 0x0, 0x0, 0x9c, 0xcc, 0x0, 0x0, 0x0,
    0x0, 0x0, 0x4, 0xff, 0xff, 0xff, 0xff, 0xff,
    0xff, 0xff, 0xff, 0xff, 0xff, 0xff, 0xff, 0xff,
    0xff, 0xff, 0xff, 0x18, 0x1, 0x58, 0x58, 0x58,
    0x58, 0xd1, 0xcf, 0x58, 0x58, 0x58, 0x58, 0xbe,
    0xdd, 0x58, 0x58, 0x58, 0x58, 0x8, 0x0, 0x0,
    0x0, 0x0, 0x0, 0xe4, 0x97, 0x0, 0x0, 0x0,
    0x0, 0x9c, 0xcc, 0x0, 0x0, 0x0, 0x0, 0x0,
    0x0, 0x0, 0x0, 0x0, 0x45, 0xff, 0x51, 0x0,
    0x0, 0x0, 0x0, 0x9c, 0xcc, 0x0, 0x0, 0x0,
    0x0, 0x0, 0x0, 0x0, 0x0, 0xb, 0xd1, 0xdc,
    0x4, 0x0, 0x0, 0x0, 0x0, 0x9c, 0xcc, 0x0,
    0x0, 0x0, 0x0, 0x0, 0x0, 0x0, 0x9, 0xb8,
    0xfd, 0x42, 0x0, 0x0, 0x0, 0x0, 0x0, 0x9c,
    0xcc, 0x0, 0x0, 0x0, 0x0, 0x0, 0x0, 0x2e,
    0xd5, 0xfe, 0x65, 0x0, 0x0, 0x0, 0x0, 0x0,
    0x0, 0x9c, 0xcc, 0x0, 0x0, 0x0, 0x0, 0x0,
    0x0, 0x58, 0xed, 0x4d, 0x0, 0x0, 0x0, 0x0,
    0x0, 0x0, 0x0, 0x9c, 0xcc, 0x0, 0x0, 0x0,
    0x0, 0x0, 0x0, 0x0, 0x14, 0x0, 0x0, 0x0,
    0x0, 0x0, 0x0, 0x0, 0x0, 0x0, 0x0, 0x0,
    0x0, 0x0, 0x0, 0x0,

    /* U+5E94 "应" */
    0x0, 0x0, 0x0, 0x0, 0x0, 0x0, 0x0, 0x0,
    0x0, 0x1e, 0x0, 0x0, 0x0, 0x0, 0x0, 0x0,
    0x0, 0x0, 0x0, 0x0, 0x0, 0x0, 0x0, 0x0,
    0x0, 0x0, 0x49, 0xff, 0x50, 0x0, 0x0, 0x0,
    0x0, 0x0, 0x0, 0x0, 0x0, 0x0, 0x10, 0x28,
    0x28, 0x28, 0x28, 0x28, 0x2c, 0xeb, 0xbb, 0x28,
    0x28, 0x28, 0x28, 0x28, 0x1f, 0x0, 0x0, 0x0,
    0x68, 0xff, 0xff, 0xff, 0xff, 0xff, 0xff, 0xff,
    0xff, 0xff, 0xff, 0xff, 0xff, 0xff, 0xcc, 0x0,
    0x0, 0x0, 0x68, 0xff, 0x0, 0x0, 0x0, 0x0,
    0x0, 0x0, 0x0, 0x0, 0x0, 0x0, 0x0, 0x0,
    0x0, 0x0, 0x0, 0x0, 0x68, 0xff, 0x0, 0x0,
    0x0, 0x0, 0x4, 0x45, 0x27, 0x0, 0x0, 0x0,
    0x9, 0x3, 0x0, 0x0, 0x0, 0x0, 0x68, 0xff,
    0x0, 0x0, 0x7, 0x0, 0x3, 0xe9, 0x9e, 0x0,
    0x0, 0x0, 0x6d, 0xea, 0x1a, 0x0, 0x0, 0x0,
    0x68, 0xff, 0x0, 0x7d, 0xe8, 0x8, 0x0, 0x92,
    0xf2, 0x9, 0x0, 0x0, 0xb6, 0xe4, 0x0, 0x0,
    0x0, 0x0, 0x68, 0xff, 0x0, 0x35, 0xff, 0x65,
    0x0, 0x39, 0xff, 0x52, 0x0, 0x8, 0xf6, 0x9d,
    0x0, 0x0, 0x0, 0x0, 0x72, 0xfb, 0x0, 0x0,
    0xc5, 0xd5, 0x0, 0x6, 0xfa, 0x8e, 0x0, 0x47,
    0xff, 0x54, 0x0, 0x0, 0x0, 0x0, 0x80, 0xec,
    0x0, 0x0, 0x64, 0xff, 0x27, 0x0, 0xd1, 0xc7,
    0x0, 0x93, 0xfb, 0x10, 0x0, 0x0, 0x0, 0x0,
    0xa5, 0xd7, 0x0, 0x0, 0x1c, 0xff, 0x70, 0x0,
    0x6d, 0x65, 0x5, 0xeb, 0xb0, 0x0, 0x0, 0x0,
    0x0, 0x0, 0xd9, 0xab, 0x0, 0x0, 0x0, 0xd2,
    0x94, 0x0, 0x0, 0x0, 0x52, 0xff, 0x4f, 0x0,
    0x0, 0x0, 0x0, 0x29, 0xff, 0x74, 0x0, 0x0,
    0x0, 0xd, 0x0, 0x0, 0x0, 0x0, 0xb2, 0xea,
    0x5, 0x0, 0x0, 0x0, 0x0, 0x89, 0xff, 0x23,
    0x26, 0x58, 0x58, 0x58, 0x58, 0x58, 0x58, 0x5d,
    0xfb, 0xc0, 0x58, 0x58, 0x58, 0x13, 0xb, 0xee,
    0xc1, 0x0, 0x70, 0xff, 0xff, 0xff, 0xff, 0xff,
    0xff, 0xff, 0xff, 0xff, 0xff, 0xff, 0xff, 0x38,
    0x8, 0x81, 0x40, 0x0, 0x0, 0x0, 0x0, 0x0,
    0x0, 0x0, 0x0, 0x0, 0x0, 0x0, 0x0, 0x0,
    0x0, 0x0,

    /* U+5EA6 "度" */
    0x0, 0x0, 0x0, 0x0, 0x0, 0x0, 0x0, 0x0,
    0x20, 0x6d, 0x2, 0x0, 0x0, 0x0, 0x0, 0x0,
    0x0, 0x0, 0x0, 0x0, 0x9, 0x18, 0x18, 0x18,
    0x18, 0x18, 0x54, 0xff, 0x60, 0x18, 0x18, 0x18,
    0x18, 0x18, 0x13, 0x0, 0x0, 0x0, 0x68, 0xff,
    0xff, 0xff, 0xff, 0xff, 0xff, 0xff, 0xff, 0xff,
    0xff, 0xff, 0xff, 0xff, 0xcc, 0x0, 0x0, 0x0,
    0x68, 0xff, 0x10, 0x10, 0x10, 0x5c, 0x2a, 0x10,
    0x10, 0x10, 0x2a, 0x5c, 0x10, 0x10, 0xc, 0x0,
    0x0, 0x0, 0x68, 0xff, 0x5, 0x8, 0x8, 0xff,
    0x5d, 0x8, 0x8, 0x8, 0x5d, 0xff, 0x8, 0x8,
    0x5, 0x0, 0x0, 0x0, 0x68, 0xff, 0xa8, 0xff,
    0xff, 0xff, 0xff, 0xff, 0xff, 0xff, 0xff, 0xff,
    0xff, 0xff, 0xa8, 0x0, 0x0, 0x0, 0x68, 0xff,
    0x15, 0x20, 0x20, 0xff, 0x6d, 0x20, 0x20, 0x20,
    0x6d, 0xff, 0x20, 0x20, 0x15, 0x0, 0x0, 0x0,
    0x68, 0xff, 0x0, 0x0, 0x0, 0xff, 0x72, 0x28,
    0x28, 0x28, 0x72, 0xff, 0x0, 0x0, 0x0, 0x0,
    0x0, 0x0, 0x6f, 0xfd, 0x0, 0x0, 0x0, 0xff,
    0xff, 0xff, 0xff, 0xff, 0xff, 0xff, 0x0, 0x0,
    0x0, 0x0, 0x0, 0x0, 0x7b, 0xef, 0x0, 0x0,
    0x0, 0x0, 0x0, 0x0, 0x0, 0x0, 0x0, 0x0,
    0x0, 0x0, 0x0, 0x0, 0x0, 0x0, 0x97, 0xdd,
    0x0, 0xf4, 0xff, 0xff, 0xff, 0xff, 0xff, 0xff,
    0xff, 0xff, 0xff, 0x88, 0x0, 0x0, 0x0, 0x0,
    0xc3, 0xb5, 0x0, 0x26, 0xb5, 0xf6, 0x5b, 0x28,
    0x28, 0x28, 0x43, 0xe5, 0xf0, 0x2c, 0x0, 0x0,
    0x0, 0x10, 0xfa, 0x85, 0x0, 0x0, 0x9, 0xbc,
    0xf5, 0x6b, 0x5, 0x5d, 0xe7, 0xe0, 0x30, 0x0,
    0x0, 0x0, 0x0, 0x61, 0xff, 0x3c, 0x0, 0x0,
    0x0, 0x3, 0x97, 0xff, 0xf2, 0xff, 0xa6, 0xf,
    0x0, 0x0, 0x0, 0x0, 0x0, 0xd0, 0xe3, 0xc,
    0x36, 0x60, 0x8e, 0xcf, 0xfe, 0xe2, 0xb3, 0xfa,
    0xfc, 0xcb, 0x9b, 0x7a, 0x65, 0x14, 0xa, 0xb8,
    0x75, 0x1c, 0xf0, 0xf5, 0xc2, 0x88, 0x39, 0x1,
    0x0, 0x19, 0x69, 0xaa, 0xd7, 0xf6, 0xf9, 0xd,
    0x0, 0x0, 0x4, 0x0, 0x18, 0x3, 0x0, 0x0,
    0x0, 0x0, 0x0, 0x0, 0x0, 0x0, 0x0, 0x0,
    0x6, 0x0,

    /* U+5F00 "开" */
    0x0, 0x8c, 0xff, 0xff, 0xff, 0xff, 0xff, 0xff,
    0xff, 0xff, 0xff, 0xff, 0xff, 0xff, 0xf4, 0x0,
    0x0, 0x15, 0x28, 0x28, 0x89, 0xf5, 0x28, 0x28,
    0x28, 0x28, 0x53, 0xff, 0x53, 0x28, 0x26, 0x0,
    0x0, 0x0, 0x0, 0x0, 0x74, 0xf4, 0x0, 0x0,
    0x0, 0x0, 0x34, 0xff, 0x34, 0x0, 0x0, 0x0,
    0x0, 0x0, 0x0, 0x0, 0x74, 0xf4, 0x0, 0x0,
    0x0, 0x0, 0x34, 0xff, 0x34, 0x0, 0x0, 0x0,
    0x0, 0x0, 0x0, 0x0, 0x74, 0xf4, 0x0, 0x0,
    0x0, 0x0, 0x34, 0xff, 0x34, 0x0, 0x0, 0x0,
    0x0, 0x0, 0x0, 0x0, 0x7a, 0xef, 0x0, 0x0,
    0x0, 0x0, 0x34, 0xff, 0x34, 0x0, 0x0, 0x0,
    0x53, 0x58, 0x58, 0x58, 0xac, 0xef, 0x58, 0x58,
    0x58, 0x58, 0x7a, 0xff, 0x7a, 0x58, 0x58, 0x58,
    0xf4, 0xff, 0xff, 0xff, 0xff, 0xff, 0xff, 0xff,
    0xff, 0xff, 0xff, 0xff, 0xff, 0xff, 0xff, 0xff,
    0x0, 0x0, 0x0, 0x0, 0xc5, 0xa4, 0x0, 0x0,
    0x0, 0x0, 0x34, 0xff, 0x34, 0x0, 0x0, 0x0,
    0x0, 0x0, 0x0, 0x6, 0xf7, 0x6f, 0x0, 0x0,
    0x0, 0x0, 0x34, 0xff, 0x34, 0x0, 0x0, 0x0,
    0x0, 0x0, 0x0, 0x48, 0xff, 0x35, 0x0, 0x0,
    0x0, 0x0, 0x34, 0xff, 0x34, 0x0, 0x0, 0x0,
    0x0, 0x0, 0x0, 0xb9, 0xd4, 0x0, 0x0, 0x0,
    0x0, 0x0, 0x34, 0xff, 0x34, 0x0, 0x0, 0x0,
    0x0, 0x0, 0x49, 0xff, 0x68, 0x0, 0x0, 0x0,
    0x0, 0x0, 0x34, 0xff, 0x34, 0x0, 0x0, 0x0,
    0x0, 0x20, 0xec, 0xc8, 0x4, 0x0, 0x0, 0x0,
    0x0, 0x0, 0x34, 0xff, 0x34, 0x0, 0x0, 0x0,
    0x39, 0xe8, 0xec, 0x23, 0x0, 0x0, 0x0, 0x0,
    0x0, 0x0, 0x34, 0xff, 0x34, 0x0, 0x0, 0x0,
    0x62, 0xd8, 0x25, 0x0, 0x0, 0x0, 0x0, 0x0,
    0x0, 0x0, 0x34, 0xff, 0x34, 0x0, 0x0, 0x0,
    0x0, 0x5, 0x0, 0x0, 0x0, 0x0, 0x0, 0x0,
    0x0, 0x0, 0x0, 0x0, 0x0, 0x0, 0x0, 0x0,

    /* U+5F0F "式" */
    0x0, 0x0, 0x0, 0x0, 0x0, 0x0, 0x0, 0x0,
    0x0, 0xe0, 0xa8, 0x0, 0x5c, 0x5d, 0x0, 0x0,
    0x0, 0x0, 0x0, 0x0, 0x0, 0x0, 0x0, 0x0,
    0x0, 0x0, 0xd6, 0xab, 0x0, 0x9e, 0xff, 0x8a,
    0x0, 0x0, 0x0, 0x0, 0x0, 0x0, 0x0, 0x0,
    0x0, 0x0, 0x0, 0xcd, 0xaf, 0x0, 0x1, 0xa4,
    0xab, 0x0, 0x0, 0x15, 0x28, 0x28, 0x28, 0x28,
    0x28, 0x28, 0x28, 0x28, 0xcd, 0xc0, 0x28, 0x28,
    0x30, 0x3c, 0x28, 0x0, 0x8c, 0xff, 0xff, 0xff,
    0xff, 0xff, 0xff, 0xff, 0xff, 0xff, 0xff, 0xff,
    0xff, 0xff, 0xff, 0xff, 0x0, 0x0, 0x0, 0x0,
    0x0, 0x0, 0x0, 0x0, 0x0, 0x0, 0xa1, 0xd8,
    0x0, 0x0, 0x0, 0x0, 0x0, 0x0, 0x0, 0x0,
    0x0, 0x0, 0x0, 0x0, 0x0, 0x0, 0x0, 0x82,
    0xf3, 0x0, 0x0, 0x0, 0x0, 0x0, 0x0, 0x0,
    0x27, 0x28, 0x28, 0x28, 0x28, 0x28, 0x28, 0x12,
    0x62, 0xff, 0x13, 0x0, 0x0, 0x0, 0x0, 0x0,
    0x0, 0xfc, 0xff, 0xff, 0xff, 0xff, 0xff, 0xff,
    0x78, 0x36, 0xff, 0x3f, 0x0, 0x0, 0x0, 0x0,
    0x0, 0x0, 0x0, 0x0, 0x18, 0xff, 0x50, 0x0,
    0x0, 0x0, 0x8, 0xfb, 0x70, 0x0, 0x0, 0x0,
    0x0, 0x0, 0x0, 0x0, 0x0, 0x18, 0xff, 0x50,
    0x0, 0x0, 0x0, 0x0, 0xcb, 0xaf, 0x0, 0x0,
    0x0, 0x0, 0x0, 0x0, 0x0, 0x0, 0x18, 0xff,
    0x50, 0x0, 0x0, 0x0, 0x0, 0x84, 0xf0, 0x7,
    0x0, 0x5, 0x15, 0x0, 0x0, 0x0, 0x0, 0x18,
    0xff, 0x50, 0x0, 0x0, 0x0, 0x0, 0x37, 0xff,
    0x50, 0x0, 0x2a, 0xf9, 0x1f, 0x0, 0x0, 0x0,
    0x1f, 0xff, 0x90, 0x82, 0xaf, 0xd9, 0x1, 0x0,
    0xd5, 0xb7, 0x0, 0x50, 0xfc, 0x8, 0x4e, 0xbb,
    0xe2, 0xfe, 0xff, 0xff, 0xf9, 0xc8, 0x8f, 0x8,
    0x0, 0x6b, 0xff, 0x42, 0x93, 0xd4, 0x0, 0x59,
    0xe2, 0xba, 0x92, 0x69, 0x3b, 0x8, 0x0, 0x0,
    0x0, 0x0, 0x6, 0xd9, 0xf7, 0xfd, 0x8d, 0x0,
    0x0, 0x0, 0x0, 0x0, 0x0, 0x0, 0x0, 0x0,
    0x0, 0x0, 0x0, 0x0, 0x2a, 0xd9, 0xcc, 0x15,
    0x0,

    /* U+5F69 "彩" */
    0x0, 0x0, 0x0, 0x0, 0x0, 0x0, 0x0, 0x0,
    0x3, 0xb, 0x0, 0x0, 0x0, 0x0, 0x0, 0x1,
    0x0, 0x0, 0x0, 0x1c, 0x3a, 0x49, 0x59, 0x6f,
    0x9c, 0xcb, 0xf7, 0xb3, 0x0, 0x0, 0x0, 0x0,
    0x75, 0xc9, 0xf, 0x0, 0x0, 0x70, 0xff, 0xfd,
    0xed, 0xd6, 0xbc, 0x9b, 0x75, 0x46, 0x1, 0x0,
    0x0, 0x55, 0xfc, 0xa0, 0x0, 0x0, 0x0, 0x5,
    0xe, 0x1, 0x6, 0x35, 0x0, 0x0, 0x4b, 0xa0,
    0x1, 0x0, 0x66, 0xfb, 0xc6, 0xa, 0x0, 0x0,
    0x0, 0x4a, 0xc7, 0x7, 0x68, 0xef, 0x11, 0x0,
    0xa5, 0xbf, 0xb, 0x9b, 0xff, 0xc4, 0x11, 0x0,
    0x0, 0x0, 0x0, 0x1a, 0xf6, 0x7c, 0x6, 0xe4,
    0x87, 0x10, 0xf3, 0x6b, 0x9d, 0xff, 0x98, 0x6,
    0x0, 0x26, 0x0, 0x0, 0x0, 0x0, 0x94, 0xee,
    0xe, 0x5b, 0x39, 0x76, 0xf3, 0x10, 0x18, 0x43,
    0x0, 0x0, 0x70, 0xfe, 0x54, 0x0, 0x0, 0x0,
    0x25, 0x57, 0x3, 0x9e, 0x78, 0x3e, 0x6a, 0x0,
    0x0, 0x0, 0x0, 0x6c, 0xfe, 0xc0, 0x4, 0x0,
    0x0, 0xf, 0x28, 0x28, 0x28, 0xc3, 0x9e, 0x28,
    0x28, 0x28, 0x0, 0x8, 0x98, 0xff, 0xc3, 0xd,
    0x0, 0x0, 0x0, 0x60, 0xff, 0xff, 0xff, 0xff,
    0xff, 0xff, 0xff, 0xff, 0x30, 0xdb, 0xff, 0x98,
    0x7, 0x0, 0x0, 0x0, 0x0, 0x0, 0x0, 0x0,
    0xa4, 0xff, 0xa2, 0x0, 0x0, 0x0, 0x11, 0xb9,
    0x47, 0x0, 0x0, 0x64, 0xaa, 0x13, 0x0, 0x0,
    0x0, 0x23, 0xf9, 0xf7, 0xff, 0xb7, 0x1e, 0x0,
    0x0, 0x0, 0x0, 0x0, 0x38, 0xf7, 0xc4, 0x4,
    0x0, 0x0, 0x4, 0xc0, 0xca, 0xb9, 0xc5, 0xee,
    0xee, 0x49, 0x0, 0x0, 0x0, 0x35, 0xf0, 0xe6,
    0x1c, 0x0, 0x0, 0x4, 0xa4, 0xf7, 0x2d, 0xb8,
    0x8c, 0x23, 0xd3, 0xb1, 0x0, 0x0, 0x52, 0xf3,
    0xe9, 0x28, 0x0, 0x0, 0x1, 0xbd, 0xfd, 0x5a,
    0x0, 0xb8, 0x8c, 0x0, 0xb, 0x10, 0x7, 0x8a,
    0xfe, 0xd7, 0x26, 0x0, 0x0, 0x0, 0x0, 0x8c,
    0x57, 0x0, 0x0, 0xb8, 0x8c, 0x0, 0x0, 0x1d,
    0xd6, 0xff, 0xab, 0xe, 0x0, 0x0, 0x0, 0x0,
    0x0, 0x0, 0x0, 0x0, 0x0, 0xb8, 0x8c, 0x0,
    0x0, 0x3, 0xa7, 0x53, 0x0, 0x0, 0x0, 0x0,
    0x0, 0x0,

    /* U+610F "意" */
    0x0, 0x0, 0x0, 0x0, 0x0, 0x0, 0x0, 0x4,
    0x42, 0x35, 0x0, 0x0, 0x0, 0x0, 0x0, 0x0,
    0x0, 0x0, 0x0, 0x0, 0x21, 0x28, 0x28, 0x28,
    0x28, 0x2f, 0xed, 0xe1, 0x28, 0x28, 0x28, 0x28,
    0x28, 0x23, 0x0, 0x0, 0x0, 0x0, 0xd8, 0xff,
    0xff, 0xff, 0xff, 0xff, 0xff, 0xff, 0xff, 0xff,
    0xff, 0xff, 0xff, 0xe0, 0x0, 0x0, 0x0, 0x0,
    0x0, 0x0, 0x59, 0xff, 0x50, 0x0, 0x0, 0x0,
    0x0, 0x5b, 0xff, 0x54, 0x0, 0x0, 0x0, 0x0,
    0x0, 0x21, 0x28, 0x28, 0x2a, 0xe4, 0xbf, 0x28,
    0x28, 0x28, 0x28, 0xcf, 0xe0, 0x29, 0x28, 0x28,
    0x28, 0x0, 0x0, 0xd4, 0xff, 0xff, 0xff, 0xff,
    0xff, 0xff, 0xff, 0xff, 0xff, 0xff, 0xff, 0xff,
    0xff, 0xff, 0xff, 0x0, 0x0, 0x0, 0x0, 0x28,
    0x28, 0x28, 0x28, 0x28, 0x28, 0x28, 0x28, 0x28,
    0x28, 0x28, 0x23, 0x0, 0x0, 0x0, 0x0, 0x0,
    0x0, 0xff, 0xff, 0xff, 0xff, 0xff, 0xff, 0xff,
    0xff, 0xff, 0xff, 0xff, 0xe4, 0x0, 0x0, 0x0,
    0x0, 0x0, 0x0, 0xff, 0x68, 0x0, 0x0, 0x0,
    0x0, 0x0, 0x0, 0x0, 0x0, 0x84, 0xe4, 0x0,
    0x0, 0x0, 0x0, 0x0, 0x0, 0xff, 0xf4, 0xec,
    0xec, 0xec, 0xec, 0xec, 0xec, 0xec, 0xec, 0xf6,
    0xe4, 0x0, 0x0, 0x0, 0x0, 0x0, 0x0, 0xff,
    0x7b, 0x20, 0x20, 0x20, 0x20, 0x20, 0x20, 0x20,
    0x20, 0x93, 0xe4, 0x0, 0x0, 0x0, 0x0, 0x0,
    0x0, 0xff, 0xff, 0xff, 0xff, 0xff, 0xff, 0xff,
    0xff, 0xff, 0xff, 0xff, 0xe4, 0x0, 0x0, 0x0,
    0x0, 0x0, 0x2a, 0x98, 0x19, 0xa0, 0x32, 0x0,
    0x9d, 0x82, 0x0, 0x0, 0x0, 0x0, 0x88, 0x98,
    0x0, 0x0, 0x0, 0x4, 0xc5, 0xc3, 0x19, 0xff,
    0x50, 0x0, 0x6e, 0xe2, 0x3, 0x0, 0x5d, 0x56,
    0x5e, 0xff, 0x49, 0x0, 0x0, 0x95, 0xf5, 0x2a,
    0x12, 0xff, 0x8e, 0x2f, 0x31, 0x32, 0x37, 0x4a,
    0xc6, 0xdc, 0x0, 0xcb, 0xcf, 0x1, 0x0, 0x76,
    0x54, 0x0, 0x0, 0xa9, 0xeb, 0xfa, 0xff, 0xff,
    0xfb, 0xf3, 0xe0, 0x62, 0x0, 0x4c, 0x8b, 0xb,

    /* U+611F "感" */
    0x0, 0x0, 0x0, 0x0, 0x0, 0x0, 0x0, 0x0,
    0x0, 0x0, 0x0, 0x0, 0x0, 0x0, 0x5, 0x0,
    0x0, 0x0, 0x0, 0x0, 0x0, 0x0, 0x0, 0x0,
    0x0, 0x0, 0x0, 0x0, 0x8e, 0xe6, 0x0, 0x81,
    0xc4, 0x10, 0x0, 0x0, 0x0, 0x0, 0x78, 0x78,
    0x78, 0x78, 0x78, 0x78, 0x78, 0x78, 0xbd, 0xf7,
    0x78, 0x88, 0xfb, 0xc9, 0x1c, 0x0, 0x0, 0x0,
    0xff, 0xde, 0xd8, 0xd8, 0xd8, 0xd8, 0xd8, 0xd8,
    0xe5, 0xff, 0xdc, 0xd8, 0xd8, 0xd8, 0x32, 0x0,
    0x0, 0x0, 0xff, 0x28, 0x0, 0x0, 0x0, 0x0,
    0x0, 0x0, 0x42, 0xff, 0x2e, 0x0, 0x5, 0x1e,
    0x0, 0x0, 0x0, 0x0, 0xff, 0x7c, 0xff, 0xff,
    0xff, 0xff, 0xff, 0xff, 0x97, 0xff, 0x54, 0x0,
    0x58, 0xce, 0x0, 0x0, 0x0, 0x1, 0xff, 0x35,
    0x28, 0x28, 0x28, 0x28, 0x28, 0x28, 0x14, 0xdf,
    0x84, 0x0, 0xc3, 0x62, 0x0, 0x0, 0x0, 0x10,
    0xff, 0x23, 0x28, 0x28, 0x28, 0x28, 0x28, 0x28,
    0x0, 0x99, 0xc0, 0x46, 0xeb, 0x9, 0x0, 0x0,
    0x0, 0x36, 0xff, 0x13, 0xff, 0xff, 0xff, 0xff,
    0xff, 0xff, 0x0, 0x43, 0xfb, 0xd5, 0x72, 0x4,
    0x4, 0x0, 0x0, 0x75, 0xed, 0x0, 0xff, 0x28,
    0x0, 0x0, 0x28, 0xff, 0x0, 0x1, 0xe5, 0xe9,
    0x7, 0x2f, 0xf1, 0x1, 0x1, 0xd2, 0xad, 0x0,
    0xff, 0xda, 0xd4, 0xd4, 0xda, 0xff, 0x1, 0x90,
    0xf7, 0xfb, 0x72, 0x5e, 0xe6, 0x0, 0x17, 0xdc,
    0x50, 0x0, 0x38, 0x38, 0x38, 0x38, 0x38, 0x38,
    0x94, 0xfc, 0x50, 0x67, 0xfe, 0xff, 0x99, 0x0,
    0x0, 0x8, 0x29, 0x3, 0x50, 0x6f, 0x0, 0x1a,
    0xc8, 0x56, 0x1a, 0x50, 0x0, 0x8, 0xac, 0x6a,
    0x7, 0x0, 0x0, 0x6, 0xe0, 0x8a, 0x9c, 0xd8,
    0x0, 0xe, 0x97, 0xff, 0x94, 0x0, 0x0, 0x3c,
    0xfa, 0xa7, 0x2, 0x0, 0x0, 0x7f, 0xfd, 0x2c,
    0x9c, 0xd8, 0x0, 0x0, 0x0, 0x59, 0x2f, 0x0,
    0x56, 0xad, 0x67, 0xff, 0x89, 0x0, 0x2c, 0xfd,
    0x95, 0x0, 0x98, 0xf3, 0x71, 0x5c, 0x58, 0x59,
    0x5e, 0x71, 0xd8, 0xe4, 0x0, 0x93, 0xd3, 0xf,
    0x0, 0x5e, 0xa, 0x0, 0x34, 0xc9, 0xed, 0xfb,
    0xff, 0xfd, 0xf6, 0xe5, 0xc1, 0x46, 0x0, 0x6,
    0x7, 0x0,

    /* U+6210 "成" */
    0x0, 0x0, 0x0, 0x0, 0x0, 0x0, 0x0, 0x0,
    0x0, 0x7b, 0xfa, 0x0, 0x7b, 0x90, 0x0, 0x0,
    0x0, 0x0, 0x0, 0x0, 0x0, 0x0, 0x0, 0x0,
    0x0, 0x0, 0x6f, 0xff, 0x1, 0x4d, 0xff, 0x42,
    0x0, 0x0, 0x0, 0x0, 0x0, 0x0, 0x0, 0x0,
    0x0, 0x0, 0x0, 0x62, 0xff, 0x8, 0x0, 0x64,
    0xf, 0x0, 0x0, 0x0, 0x0, 0xff, 0xff, 0xff,
    0xff, 0xff, 0xff, 0xff, 0xff, 0xff, 0xff, 0xff,
    0xff, 0xff, 0xac, 0x0, 0x0, 0x0, 0xff, 0x49,
    0x28, 0x28, 0x28, 0x28, 0x28, 0x60, 0xff, 0x43,
    0x28, 0x28, 0x28, 0x1a, 0x0, 0x0, 0x0, 0xff,
    0x28, 0x0, 0x0, 0x0, 0x0, 0x0, 0x30, 0xff,
    0x32, 0x0, 0xf, 0xc, 0x0, 0x0, 0x0, 0x0,
    0xff, 0x28, 0x0, 0x0, 0x0, 0x0, 0x0, 0x1a,
    0xff, 0x4c, 0x0, 0x6a, 0xf2, 0xb, 0x0, 0x0,
    0x0, 0xff, 0xff, 0xff, 0xff, 0xff, 0xff, 0x4,
    0x1, 0xf6, 0x6e, 0x0, 0xad, 0xd7, 0x0, 0x0,
    0x0, 0x0, 0xff, 0x49, 0x28, 0x28, 0x8b, 0xfe,
    0x0, 0x0, 0xd2, 0x9a, 0x5, 0xee, 0x93, 0x0,
    0x0, 0x0, 0x8, 0xff, 0x21, 0x0, 0x0, 0x81,
    0xf7, 0x0, 0x0, 0xa0, 0xcf, 0x52, 0xff, 0x44,
    0x0, 0x0, 0x0, 0x13, 0xff, 0x15, 0x0, 0x0,
    0x8e, 0xea, 0x0, 0x0, 0x67, 0xfe, 0xc6, 0xe4,
    0x3, 0x0, 0x0, 0x0, 0x32, 0xfb, 0x4, 0x0,
    0x0, 0x9c, 0xd9, 0x0, 0x0, 0x1e, 0xff, 0xff,
    0x7e, 0x0, 0x0, 0x0, 0x0, 0x5f, 0xdb, 0x0,
    0x0, 0x0, 0xac, 0xbe, 0x0, 0x0, 0x1, 0xe2,
    0xf4, 0x10, 0x0, 0x0, 0x0, 0x0, 0xa7, 0xac,
    0x0, 0x68, 0x71, 0xe2, 0x8b, 0x0, 0x0, 0x89,
    0xff, 0xfd, 0x23, 0x0, 0x88, 0x3b, 0xc, 0xf2,
    0x6c, 0x0, 0x98, 0xf5, 0xdc, 0x1f, 0x0, 0x7b,
    0xff, 0x9e, 0xe0, 0x9f, 0x2, 0xec, 0x65, 0x69,
    0xfe, 0x1e, 0x0, 0x0, 0x0, 0x0, 0x0, 0x8d,
    0xff, 0xb6, 0x4, 0x54, 0xfe, 0xb1, 0xfa, 0x19,
    0x20, 0x7c, 0x0, 0x0, 0x0, 0x0, 0x0, 0x0,
    0x51, 0x92, 0x4, 0x0, 0x0, 0x79, 0xed, 0x75,
    0x0,

    /* U+6216 "或" */
    0x0, 0x0, 0x0, 0x0, 0x0, 0x0, 0x0, 0x0,
    0x0, 0xe4, 0x86, 0x0, 0x40, 0xc0, 0x11, 0x0,
    0x0, 0x0, 0x0, 0x0, 0x0, 0x0, 0x0, 0x0,
    0x0, 0x0, 0xe4, 0x8b, 0x0, 0x19, 0xf4, 0x9b,
    0x0, 0x0, 0x0, 0x0, 0x0, 0x0, 0x0, 0x0,
    0x0, 0x0, 0x0, 0xe4, 0x91, 0x0, 0x0, 0x7a,
    0x58, 0x0, 0x0, 0xe4, 0xff, 0xff, 0xff, 0xff,
    0xff, 0xff, 0xff, 0xff, 0xff, 0xff, 0xff, 0xff,
    0xff, 0xff, 0xff, 0x0, 0x23, 0x28, 0x28, 0x28,
    0x28, 0x28, 0x28, 0x28, 0x28, 0xd1, 0xbe, 0x28,
    0x28, 0x28, 0x28, 0x28, 0x0, 0x0, 0xd, 0x14,
    0x14, 0x14, 0x14, 0x14, 0x7, 0x0, 0xaf, 0xc8,
    0x0, 0x0, 0x0, 0x0, 0x0, 0x0, 0x0, 0xb0,
    0xff, 0xff, 0xff, 0xff, 0xff, 0x5c, 0x0, 0x8f,
    0xe7, 0x0, 0x0, 0x71, 0x62, 0x0, 0x0, 0x0,
    0xb0, 0xcb, 0x44, 0x44, 0x4c, 0xff, 0x5c, 0x0,
    0x63, 0xff, 0xd, 0x5, 0xe8, 0x9c, 0x0, 0x0,
    0x0, 0xb0, 0xb8, 0x0, 0x0, 0xc, 0xff, 0x5c,
    0x0, 0x32, 0xff, 0x3c, 0x58, 0xff, 0x3d, 0x0,
    0x0, 0x0, 0xb0, 0xc2, 0x24, 0x24, 0x2e, 0xff,
    0x5c, 0x0, 0x3, 0xf1, 0x77, 0xd4, 0xd5, 0x0,
    0x0, 0x0, 0x0, 0xb0, 0xff, 0xff, 0xff, 0xff,
    0xff, 0x5c, 0x0, 0x0, 0xb0, 0xee, 0xff, 0x60,
    0x0, 0x0, 0x0, 0x0, 0x23, 0x34, 0x34, 0x34,
    0x34, 0x34, 0x12, 0x0, 0x0, 0x5c, 0xff, 0xd8,
    0x4, 0x0, 0x0, 0x0, 0x0, 0x0, 0x0, 0x0,
    0x0, 0x0, 0x0, 0x2c, 0xe, 0x0, 0xa4, 0xff,
    0x8f, 0x0, 0x0, 0x45, 0x1d, 0x0, 0x0, 0x7,
    0x36, 0x6b, 0xa6, 0xe4, 0xff, 0x44, 0x78, 0xff,
    0xea, 0xed, 0xf, 0x0, 0xc2, 0x8f, 0x7b, 0xd6,
    0xfb, 0xff, 0xff, 0xd2, 0x87, 0x3c, 0x80, 0xff,
    0xb3, 0x19, 0xef, 0x9e, 0x0, 0xe0, 0x67, 0x7f,
    0xbc, 0x86, 0x50, 0x19, 0x0, 0x0, 0x8f, 0xff,
    0xb3, 0x8, 0x0, 0x50, 0xfd, 0xb9, 0xff, 0x26,
    0x0, 0x0, 0x0, 0x0, 0x0, 0x0, 0x0, 0x67,
    0x7e, 0x1, 0x0, 0x0, 0x0, 0x54, 0xe6, 0x98,
    0x0,

    /* U+624B "手" */
    0x0, 0x0, 0x0, 0x0, 0x0, 0x0, 0x0, 0x0,
    0x0, 0x0, 0x0, 0x0, 0x1b, 0x4c, 0x7d, 0x3a,
    0x0, 0x0, 0x0, 0xb, 0x2d, 0x33, 0x3a, 0x47,
    0x5c, 0x71, 0x88, 0xa9, 0xcc, 0xef, 0xff, 0xff,
    0xec, 0x8c, 0x0, 0x0, 0x0, 0x17, 0xfd, 0xff,
    0xff, 0xff, 0xff, 0xf9, 0xf4, 0xf9, 0x9a, 0x74,
    0x4d, 0x20, 0x0, 0x0, 0x0, 0x0, 0x0, 0x0,
    0x44, 0x42, 0x34, 0x24, 0x10, 0x0, 0x7c, 0xec,
    0x0, 0x0, 0x0, 0x0, 0x0, 0x0, 0x0, 0x0,
    0x0, 0x0, 0x0, 0x0, 0x0, 0x0, 0x0, 0x0,
    0x7c, 0xec, 0x0, 0x0, 0x0, 0x0, 0x0, 0x0,
    0x0, 0x0, 0x0, 0x0, 0x5b, 0x68, 0x68, 0x68,
    0x68, 0x68, 0xb1, 0xf4, 0x68, 0x68, 0x68, 0x68,
    0x68, 0x5e, 0x0, 0x0, 0x0, 0x0, 0xe0, 0xff,
    0xff, 0xff, 0xff, 0xff, 0xff, 0xff, 0xff, 0xff,
    0xff, 0xff, 0xff, 0xe8, 0x0, 0x0, 0x0, 0x0,
    0x0, 0x0, 0x0, 0x0, 0x0, 0x0, 0x7c, 0xec,
    0x0, 0x0, 0x0, 0x0, 0x0, 0x0, 0x0, 0x0,
    0x0, 0x0, 0x0, 0x0, 0x0, 0x0, 0x0, 0x0,
    0x7c, 0xec, 0x0, 0x0, 0x0, 0x0, 0x0, 0x0,
    0x0, 0x0, 0x8, 0x68, 0x68, 0x68, 0x68, 0x68,
    0x68, 0x68, 0xb1, 0xf4, 0x68, 0x68, 0x68, 0x68,
    0x68, 0x68, 0x68, 0x9, 0x14, 0xff, 0xff, 0xff,
    0xff, 0xff, 0xff, 0xff, 0xff, 0xff, 0xff, 0xff,
    0xff, 0xff, 0xff, 0xff, 0xff, 0x18, 0x0, 0x0,
    0x0, 0x0, 0x0, 0x0, 0x0, 0x0, 0x7c, 0xec,
    0x0, 0x0, 0x0, 0x0, 0x0, 0x0, 0x0, 0x0,
    0x0, 0x0, 0x0, 0x0, 0x0, 0x0, 0x0, 0x0,
    0x7c, 0xec, 0x0, 0x0, 0x0, 0x0, 0x0, 0x0,
    0x0, 0x0, 0x0, 0x0, 0x0, 0x0, 0x0, 0x0,
    0x0, 0x0, 0x7c, 0xec, 0x0, 0x0, 0x0, 0x0,
    0x0, 0x0, 0x0, 0x0, 0x0, 0x0, 0x0, 0x0,
    0x0, 0x0, 0x0, 0x0, 0x7d, 0xeb, 0x0, 0x0,
    0x0, 0x0, 0x0, 0x0, 0x0, 0x0, 0x0, 0x0,
    0x0, 0x0, 0x0, 0x55, 0x82, 0x6f, 0xcf, 0xdd,
    0x0, 0x0, 0x0, 0x0, 0x0, 0x0, 0x0, 0x0,
    0x0, 0x0, 0x0, 0x0, 0x0, 0x4c, 0xde, 0xf5,
    0xef, 0x71, 0x0, 0x0, 0x0, 0x0, 0x0, 0x0,
    0x0, 0x0,

    /* U+626B "扫" */
    0x0, 0x0, 0x0, 0x78, 0xf0, 0x0, 0x0, 0x0,
    0x0, 0x0, 0x0, 0x0, 0x0, 0x0, 0x0, 0x0,
    0x0, 0x0, 0x0, 0x0, 0x78, 0xf0, 0x0, 0x0,
    0x0, 0x0, 0x0, 0x0, 0x0, 0x0, 0x0, 0x0,
    0x0, 0x0, 0x0, 0x0, 0x0, 0x78, 0xf0, 0x0,
    0x0, 0x3d, 0xbc, 0xbc, 0xbc, 0xbc, 0xbc, 0xbc,
    0xbc, 0xbc, 0x55, 0x6, 0x58, 0x58, 0xa6, 0xf5,
    0x58, 0x58, 0x53, 0xe0, 0xe0, 0xe0, 0xe0, 0xe0,
    0xe0, 0xe0, 0xff, 0x74, 0x14, 0xff, 0xff, 0xff,
    0xff, 0xff, 0xff, 0x1c, 0x0, 0x0, 0x0, 0x0,
    0x0, 0x0, 0x4, 0xff, 0x74, 0x0, 0x0, 0x0,
    0x78, 0xf0, 0x0, 0x0, 0x0, 0x0, 0x0, 0x0,
    0x0, 0x0, 0x0, 0x4, 0xff, 0x74, 0x0, 0x0,
    0x0, 0x78, 0xf0, 0x0, 0x0, 0x0, 0x0, 0x0,
    0x0, 0x0, 0x0, 0x0, 0x4, 0xff, 0x74, 0x0,
    0x0, 0x0, 0x78, 0xf0, 0x0, 0xc, 0xc, 0x28,
    0x28, 0x28, 0x28, 0x28, 0x28, 0x2b, 0xff, 0x74,
    0x0, 0x0, 0x0, 0x78, 0xf6, 0xa1, 0xf4, 0x66,
    0xff, 0xff, 0xff, 0xff, 0xff, 0xff, 0xff, 0xff,
    0x74, 0x6, 0x4d, 0xa5, 0xf3, 0xff, 0xc7, 0x4d,
    0x1, 0x0, 0x0, 0x0, 0x0, 0x0, 0x0, 0x4,
    0xff, 0x74, 0x21, 0xff, 0xf8, 0xdd, 0xf0, 0x0,
    0x0, 0x0, 0x0, 0x0, 0x0, 0x0, 0x0, 0x0,
    0x4, 0xff, 0x74, 0x0, 0x58, 0x11, 0x78, 0xf0,
    0x0, 0x0, 0x0, 0x0, 0x0, 0x0, 0x0, 0x0,
    0x0, 0x4, 0xff, 0x74, 0x0, 0x0, 0x0, 0x78,
    0xf0, 0x0, 0x0, 0x0, 0x0, 0x0, 0x0, 0x0,
    0x0, 0x0, 0x4, 0xff, 0x74, 0x0, 0x0, 0x0,
    0x78, 0xf0, 0x0, 0x0, 0x1b, 0x28, 0x28, 0x28,
    0x28, 0x28, 0x28, 0x2b, 0xff, 0x74, 0x0, 0x0,
    0x0, 0x79, 0xf0, 0x0, 0x0, 0xb0, 0xff, 0xff,
    0xff, 0xff, 0xff, 0xff, 0xff, 0xff, 0x74, 0x0,
    0x9a, 0x77, 0xc1, 0xe4, 0x0, 0x0, 0x0, 0x0,
    0x0, 0x0, 0x0, 0x0, 0x0, 0x3, 0xfc, 0x72,
    0x0, 0xa2, 0xe7, 0xf7, 0x84, 0x0, 0x0, 0x0,
    0x0, 0x0, 0x0, 0x0, 0x0, 0x0, 0x0, 0x0,
    0x0,

    /* U+6309 "按" */
    0x0, 0x0, 0x0, 0xac, 0xbc, 0x0, 0x0, 0x0,
    0x0, 0x0, 0x14, 0xb4, 0x47, 0x0, 0x0, 0x0,
    0x0, 0x0, 0x0, 0x0, 0x0, 0xac, 0xbc, 0x0,
    0x0, 0x0, 0x0, 0x0, 0x3, 0xf0, 0x9f, 0x0,
    0x0, 0x0, 0x0, 0x0, 0x0, 0x0, 0x0, 0xac,
    0xbc, 0x0, 0x0, 0x9, 0xc, 0xc, 0xc, 0xb4,
    0xdd, 0xc, 0xc, 0xc, 0xc, 0x0, 0x0, 0x58,
    0x58, 0xc8, 0xd3, 0x58, 0x3d, 0xc8, 0xff, 0xff,
    0xff, 0xff, 0xff, 0xff, 0xff, 0xff, 0xff, 0x0,
    0x0, 0xff, 0xff, 0xff, 0xff, 0xff, 0xb4, 0xc8,
    0xbd, 0x5c, 0x5f, 0x64, 0x5c, 0x5c, 0x5c, 0x94,
    0xff, 0x0, 0x0, 0x0, 0x0, 0xac, 0xbc, 0x0,
    0x0, 0x9c, 0x76, 0x0, 0x59, 0xff, 0x2a, 0x0,
    0x0, 0x44, 0xc8, 0x0, 0x0, 0x0, 0x0, 0xac,
    0xbc, 0x0, 0x0, 0x0, 0x0, 0x0, 0xab, 0xe0,
    0x0, 0x0, 0x0, 0x0, 0x0, 0x0, 0x0, 0x0,
    0x0, 0xac, 0xbc, 0x48, 0x70, 0x25, 0x28, 0x2b,
    0xf3, 0xa4, 0x28, 0x28, 0x28, 0x28, 0x28, 0x5,
    0x0, 0x0, 0x17, 0xc7, 0xfd, 0xf9, 0x79, 0xf0,
    0xff, 0xff, 0xff, 0xff, 0xff, 0xff, 0xff, 0xff,
    0xff, 0x24, 0x34, 0xb0, 0xfb, 0xff, 0xd9, 0x1f,
    0x0, 0x0, 0x3, 0xe1, 0xb8, 0x0, 0x0, 0x39,
    0xff, 0x51, 0x0, 0x0, 0x4e, 0xf0, 0x91, 0xc4,
    0xbc, 0x0, 0x0, 0x0, 0x55, 0xff, 0x48, 0x0,
    0x0, 0x7a, 0xfc, 0x14, 0x0, 0x0, 0x5, 0xb,
    0x0, 0xac, 0xbc, 0x0, 0x0, 0x0, 0xba, 0xfd,
    0x76, 0x8, 0x4, 0xd8, 0xba, 0x0, 0x0, 0x0,
    0x0, 0x0, 0x0, 0xac, 0xbc, 0x0, 0x0, 0x0,
    0x15, 0x95, 0xfb, 0xe3, 0xa3, 0xff, 0x45, 0x0,
    0x0, 0x0, 0x0, 0x0, 0x0, 0xac, 0xbc, 0x0,
    0x0, 0x0, 0x0, 0x0, 0x27, 0xe1, 0xff, 0xef,
    0x27, 0x0, 0x0, 0x0, 0x0, 0x0, 0x0, 0xad,
    0xbc, 0x0, 0x0, 0x0, 0x0, 0x37, 0xba, 0xff,
    0xc2, 0xe6, 0xf6, 0x6d, 0x1, 0x0, 0x0, 0x7e,
    0x70, 0xe0, 0xb0, 0x0, 0x25, 0x84, 0xd3, 0xff,
    0xe9, 0x6b, 0x1, 0x11, 0xa0, 0xff, 0xbb, 0x11,
    0x0, 0x95, 0xeb, 0xf2, 0x56, 0x0, 0x25, 0xef,
    0xb3, 0x5d, 0x9, 0x0, 0x0, 0x0, 0x0, 0x61,
    0xb9, 0x3, 0x0, 0x0, 0x0, 0x0, 0x0, 0x0,
    0x0, 0x2, 0x0, 0x0, 0x0, 0x0, 0x0, 0x0,
    0x0, 0x0, 0x1, 0x0,

    /* U+6362 "换" */
    0x0, 0x0, 0x0, 0x0, 0x0, 0x0, 0x0, 0x0,
    0x0, 0x0, 0x0, 0x0, 0x0, 0x0, 0x0, 0x0,
    0x0, 0x0, 0x0, 0x0, 0x0, 0xff, 0x68, 0x0,
    0x0, 0x0, 0x0, 0xae, 0xa4, 0x0, 0x0, 0x0,
    0x0, 0x0, 0x0, 0x0, 0x0, 0x0, 0x0, 0xff,
    0x68, 0x0, 0x0, 0x0, 0x2b, 0xfe, 0x86, 0x14,
    0x14, 0x14, 0x0, 0x0, 0x0, 0x0, 0x0, 0x0,
    0x0, 0xff, 0x68, 0x0, 0x0, 0x0, 0xad, 0xff,
    0xff, 0xff, 0xff, 0xff, 0xc, 0x0, 0x0, 0x0,
    0x10, 0x58, 0x58, 0xff, 0x9c, 0x47, 0x0, 0x75,
    0xff, 0xb3, 0x7c, 0x7c, 0xcf, 0xed, 0x4, 0x0,
    0x0, 0x0, 0x30, 0xff, 0xff, 0xff, 0xff, 0xd0,
    0x15, 0xf8, 0xc5, 0x7, 0x0, 0x11, 0xf1, 0x89,
    0x0, 0x0, 0x0, 0x0, 0x0, 0x0, 0x0, 0xff,
    0x68, 0x0, 0x0, 0x70, 0x35, 0x28, 0x28, 0x8e,
    0xfb, 0x3e, 0x28, 0x28, 0x3, 0x0, 0x0, 0x0,
    0x0, 0xff, 0x68, 0x0, 0x0, 0xfc, 0xff, 0xff,
    0xff, 0xff, 0xff, 0xff, 0xff, 0xff, 0x18, 0x0,
    0x0, 0x0, 0x0, 0xff, 0x68, 0x2b, 0x7, 0xfc,
    0x6c, 0x0, 0x30, 0xff, 0x3d, 0x0, 0x50, 0xff,
    0x18, 0x0, 0x0, 0x0, 0x13, 0xff, 0xe7, 0xfa,
    0x2e, 0xfc, 0x6c, 0x0, 0x58, 0xff, 0x20, 0x0,
    0x50, 0xff, 0x18, 0x0, 0x21, 0xbe, 0xfc, 0xff,
    0xb1, 0x1f, 0x0, 0xfc, 0x6c, 0x0, 0x8f, 0xf4,
    0x1, 0x0, 0x50, 0xff, 0x18, 0x0, 0x5, 0xbc,
    0x6b, 0xff, 0x68, 0x0, 0xd4, 0xff, 0xff, 0xff,
    0xff, 0xff, 0xff, 0xff, 0xff, 0xff, 0xff, 0x0,
    0x0, 0x0, 0x0, 0xff, 0x68, 0x0, 0x48, 0x58,
    0x58, 0x76, 0xff, 0xe5, 0xfa, 0x60, 0x58, 0x58,
    0x58, 0x0, 0x0, 0x0, 0x0, 0xff, 0x68, 0x0,
    0x0, 0x0, 0x0, 0x95, 0xfa, 0x34, 0xfb, 0x72,
    0x0, 0x0, 0x0, 0x0, 0x0, 0x0, 0x0, 0xff,
    0x68, 0x0, 0x0, 0x0, 0x46, 0xfe, 0x8a, 0x0,
    0x99, 0xf7, 0x37, 0x0, 0x0, 0x0, 0x0, 0x0,
    0x1, 0xff, 0x67, 0x0, 0x0, 0x46, 0xf4, 0xc8,
    0x8, 0x0, 0xc, 0xda, 0xf3, 0x56, 0x0, 0x0,
    0x14, 0x89, 0x82, 0xff, 0x59, 0x2, 0x87, 0xfc,
    0xc5, 0xf, 0x0, 0x0, 0x0, 0x1d, 0xd7, 0xff,
    0xbe, 0x1, 0x1, 0xcf, 0xf9, 0xd4, 0x16, 0x0,
    0x69, 0x84, 0x4, 0x0, 0x0, 0x0, 0x0, 0x0,
    0xf, 0x8d, 0x88, 0x0,

    /* U+63A7 "控" */
    0x0, 0x0, 0x0, 0xff, 0x68, 0x0, 0x0, 0x0,
    0x0, 0x0, 0x40, 0xd8, 0x23, 0x0, 0x0, 0x0,
    0x0, 0x0, 0x0, 0x0, 0xff, 0x68, 0x0, 0x0,
    0x0, 0x0, 0x0, 0x2c, 0xff, 0x66, 0x0, 0x0,
    0x0, 0x0, 0x0, 0x0, 0x0, 0xff, 0x68, 0x0,
    0x1b, 0x90, 0x90, 0x90, 0x90, 0xfc, 0xd1, 0x90,
    0x90, 0x90, 0x7b, 0x10, 0x58, 0x58, 0xff, 0x9c,
    0x47, 0x30, 0xff, 0xf3, 0xf0, 0xf0, 0xf0, 0xf0,
    0xf0, 0xf0, 0xf8, 0xdc, 0x30, 0xff, 0xff, 0xff,
    0xff, 0xd0, 0x30, 0xff, 0x38, 0x0, 0x0, 0x0,
    0x0, 0x0, 0x0, 0x8c, 0xdc, 0x0, 0x0, 0x0,
    0xff, 0x68, 0x0, 0x29, 0xdc, 0x30, 0x4c, 0x90,
    0xa, 0x2a, 0xc6, 0x2f, 0x59, 0x8c, 0x0, 0x0,
    0x0, 0xff, 0x68, 0x0, 0x0, 0x0, 0x37, 0xf2,
    0xbf, 0x2, 0x1f, 0xd0, 0xf5, 0x49, 0x0, 0x0,
    0x0, 0x0, 0xff, 0x6b, 0x56, 0x18, 0x5c, 0xf5,
    0xcf, 0x11, 0x0, 0x0, 0xb, 0xbf, 0xf8, 0x3c,
    0x0, 0x0, 0x18, 0xff, 0xf7, 0xfc, 0x44, 0xb1,
    0xaa, 0xd, 0x0, 0x0, 0x0, 0x0, 0xe, 0xa6,
    0xe, 0x1f, 0xb8, 0xfc, 0xff, 0xbd, 0x28, 0x0,
    0x6, 0x0, 0x0, 0x0, 0x0, 0x0, 0x0, 0x0,
    0x0, 0x0, 0x8, 0xcb, 0x83, 0xff, 0x68, 0x0,
    0x0, 0x7c, 0xff, 0xff, 0xff, 0xff, 0xff, 0xff,
    0xff, 0xff, 0x18, 0x0, 0x0, 0x0, 0xff, 0x68,
    0x0, 0x0, 0x13, 0x28, 0x28, 0x28, 0xeb, 0x94,
    0x28, 0x28, 0x28, 0x3, 0x0, 0x0, 0x0, 0xff,
    0x68, 0x0, 0x0, 0x0, 0x0, 0x0, 0x0, 0xe8,
    0x80, 0x0, 0x0, 0x0, 0x0, 0x0, 0x0, 0x0,
    0xff, 0x68, 0x0, 0x0, 0x0, 0x0, 0x0, 0x0,
    0xe8, 0x80, 0x0, 0x0, 0x0, 0x0, 0x0, 0x0,
    0x1, 0xff, 0x67, 0x0, 0xd, 0x28, 0x28, 0x28,
    0x28, 0xeb, 0x94, 0x28, 0x28, 0x28, 0x28, 0x17,
    0x9b, 0x83, 0xff, 0x59, 0x0, 0x54, 0xff, 0xff,
    0xff, 0xff, 0xff, 0xff, 0xff, 0xff, 0xff, 0xff,
    0x0, 0xca, 0xf9, 0xd6, 0x17, 0x0, 0x0, 0x0,
    0x0, 0x0, 0x0, 0x0, 0x0, 0x0, 0x0, 0x0,
    0x0,

    /* U+6587 "文" */
    0x0, 0x0, 0x0, 0x0, 0x0, 0x0, 0x0, 0x3,
    0x9, 0x0, 0x0, 0x0, 0x0, 0x0, 0x0, 0x0,
    0x0, 0x0, 0x0, 0x0, 0x0, 0x0, 0x0, 0x2,
    0xc2, 0xa1, 0x0, 0x0, 0x0, 0x0, 0x0, 0x0,
    0x0, 0x0, 0x0, 0x0, 0x0, 0x0, 0x0, 0x0,
    0x0, 0x84, 0xff, 0x4a, 0x0, 0x0, 0x0, 0x0,
    0x0, 0x0, 0x0, 0x0, 0x58, 0x58, 0x58, 0x58,
    0x58, 0x58, 0x5e, 0xf4, 0xd6, 0x58, 0x58, 0x58,
    0x58, 0x58, 0x58, 0x42, 0x0, 0xff, 0xff, 0xff,
    0xff, 0xff, 0xff, 0xff, 0xff, 0xff, 0xff, 0xff,
    0xff, 0xff, 0xff, 0xff, 0xc0, 0x0, 0x0, 0x0,
    0x39, 0xff, 0x57, 0x0, 0x0, 0x0, 0x0, 0x0,
    0x0, 0xb0, 0xde, 0x0, 0x0, 0x0, 0x0, 0x0,
    0x0, 0x0, 0xe0, 0xb8, 0x0, 0x0, 0x0, 0x0,
    0x0, 0x9, 0xf5, 0x93, 0x0, 0x0, 0x0, 0x0,
    0x0, 0x0, 0x0, 0x78, 0xff, 0x34, 0x0, 0x0,
    0x0, 0x0, 0x6b, 0xff, 0x41, 0x0, 0x0, 0x0,
    0x0, 0x0, 0x0, 0x0, 0xd, 0xed, 0xc2, 0x2,
    0x0, 0x0, 0xb, 0xe1, 0xc8, 0x0, 0x0, 0x0,
    0x0, 0x0, 0x0, 0x0, 0x0, 0x0, 0x63, 0xff,
    0x79, 0x0, 0x0, 0x97, 0xff, 0x47, 0x0, 0x0,
    0x0, 0x0, 0x0, 0x0, 0x0, 0x0, 0x0, 0x0,
    0xb2, 0xfd, 0x5d, 0x74, 0xff, 0xa2, 0x0, 0x0,
    0x0, 0x0, 0x0, 0x0, 0x0, 0x0, 0x0, 0x0,
    0x0, 0xc, 0xcc, 0xfd, 0xff, 0xc5, 0xb, 0x0,
    0x0, 0x0, 0x0, 0x0, 0x0, 0x0, 0x0, 0x0,
    0x0, 0x0, 0x2a, 0xc9, 0xff, 0xff, 0xac, 0x13,
    0x0, 0x0, 0x0, 0x0, 0x0, 0x0, 0x0, 0x0,
    0x0, 0x13, 0x8f, 0xf9, 0xf4, 0x6c, 0x9d, 0xff,
    0xeb, 0x6d, 0x5, 0x0, 0x0, 0x0, 0x0, 0x0,
    0x20, 0x8f, 0xf3, 0xff, 0xac, 0x20, 0x0, 0x0,
    0x53, 0xe5, 0xff, 0xe3, 0x71, 0x10, 0x0, 0x23,
    0xba, 0xfd, 0xff, 0xb6, 0x3a, 0x0, 0x0, 0x0,
    0x0, 0x0, 0xd, 0x84, 0xf1, 0xff, 0xf7, 0x7c,
    0x3, 0xb3, 0x94, 0x2c, 0x0, 0x0, 0x0, 0x0,
    0x0, 0x0, 0x0, 0x0, 0x0, 0x11, 0x74, 0xd7,
    0x45, 0x0, 0x0, 0x0, 0x0, 0x0, 0x0, 0x0,
    0x0, 0x0, 0x0, 0x0, 0x0, 0x0, 0x0, 0x0,
    0x0, 0x0,

    /* U+65B0 "新" */
    0x0, 0x0, 0x0, 0xf, 0x8a, 0x25, 0x0, 0x0,
    0x0, 0x0, 0x0, 0x0, 0x0, 0x0, 0x0, 0x11,
    0x16, 0x0, 0x0, 0x0, 0x0, 0x0, 0xc2, 0xb5,
    0x0, 0x0, 0x0, 0x0, 0x3c, 0x5b, 0x7d, 0xa4,
    0xd5, 0xfd, 0xbd, 0x0, 0x0, 0x94, 0xff, 0xff,
    0xff, 0xff, 0xff, 0xff, 0xff, 0x28, 0xf0, 0xe9,
    0xbe, 0x9c, 0x75, 0x42, 0xd, 0x0, 0x0, 0x17,
    0x7a, 0xf1, 0x29, 0x28, 0x5b, 0xff, 0x58, 0x6,
    0xf0, 0x68, 0x0, 0x0, 0x0, 0x0, 0x0, 0x0,
    0x0, 0x0, 0x18, 0xfd, 0x37, 0x0, 0x95, 0xd9,
    0x1, 0x0, 0xf0, 0x68, 0x0, 0x0, 0x0, 0x0,
    0x0, 0x0, 0x0, 0x0, 0x0, 0xc5, 0x85, 0x6,
    0xed, 0x5f, 0x0, 0x0, 0xf0, 0x68, 0x0, 0x0,
    0x0, 0x0, 0x0, 0x0, 0x0, 0xff, 0xff, 0xff,
    0xff, 0xff, 0xff, 0xff, 0xff, 0x4c, 0xf2, 0xf4,
    0xec, 0xec, 0xec, 0xec, 0xec, 0x16, 0x0, 0x28,
    0x28, 0x28, 0x9e, 0xe1, 0x28, 0x28, 0x28, 0xb,
    0xf5, 0x86, 0x38, 0x38, 0xff, 0x57, 0x38, 0x5,
    0x0, 0x0, 0x0, 0x0, 0x8c, 0xdc, 0x0, 0x0,
    0x0, 0x0, 0xfa, 0x5e, 0x0, 0x0, 0xff, 0x28,
    0x0, 0x0, 0x0, 0xa4, 0xff, 0xff, 0xff, 0xff,
    0xff, 0xff, 0xd0, 0x4, 0xff, 0x54, 0x0, 0x0,
    0xff, 0x28, 0x0, 0x0, 0x0, 0x19, 0x28, 0x28,
    0x9e, 0xe1, 0x28, 0x28, 0x20, 0x12, 0xff, 0x45,
    0x0, 0x0, 0xff, 0x28, 0x0, 0x0, 0x0, 0x0,
    0x7c, 0x6d, 0x8c, 0xdc, 0x48, 0x7d, 0x0, 0x29,
    0xff, 0x30, 0x0, 0x0, 0xff, 0x28, 0x0, 0x0,
    0x0, 0x18, 0xf5, 0x6c, 0x8c, 0xdc, 0x3f, 0xfd,
    0x44, 0x4d, 0xff, 0x11, 0x0, 0x0, 0xff, 0x28,
    0x0, 0x0, 0x1, 0xb6, 0xe2, 0x8, 0x8c, 0xdc,
    0x0, 0xa2, 0xbf, 0x8e, 0xdf, 0x0, 0x0, 0x0,
    0xff, 0x28, 0x0, 0x0, 0x22, 0xf0, 0x48, 0x0,
    0x8c, 0xdc, 0x0, 0x1d, 0x18, 0xdd, 0x91, 0x0,
    0x0, 0x0, 0xff, 0x28, 0x0, 0x0, 0x0, 0x15,
    0x28, 0x39, 0xae, 0xd3, 0x0, 0x0, 0x5c, 0xff,
    0x33, 0x0, 0x0, 0x0, 0xff, 0x28, 0x0, 0x0,
    0x0, 0x0, 0x36, 0xe8, 0xf4, 0x79, 0x0, 0x0,
    0x3b, 0x92, 0x0, 0x0, 0x0, 0x0, 0xc8, 0x1f,
    0x0, 0x0,

    /* U+65B9 "方" */
    0x0, 0x0, 0x0, 0x0, 0x0, 0x0, 0x0, 0x5,
    0x0, 0x0, 0x0, 0x0, 0x0, 0x0, 0x0, 0x0,
    0x0, 0x0, 0x0, 0x0, 0x0, 0x0, 0x76, 0xe6,
    0xe, 0x0, 0x0, 0x0, 0x0, 0x0, 0x0, 0x0,
    0x0, 0x0, 0x0, 0x0, 0x0, 0x0, 0x2c, 0xff,
    0x7d, 0x0, 0x0, 0x0, 0x0, 0x0, 0x0, 0x0,
    0x28, 0x28, 0x28, 0x28, 0x28, 0x28, 0x28, 0xd4,
    0xe2, 0x28, 0x28, 0x28, 0x28, 0x28, 0x28, 0x1b,
    0xff, 0xff, 0xff, 0xff, 0xff, 0xff, 0xff, 0xff,
    0xff, 0xff, 0xff, 0xff, 0xff, 0xff, 0xff, 0xb0,
    0x0, 0x0, 0x0, 0x0, 0x48, 0xff, 0x2a, 0x0,
    0x0, 0x0, 0x0, 0x0, 0x0, 0x0, 0x0, 0x0,
    0x0, 0x0, 0x0, 0x0, 0x4e, 0xff, 0x26, 0x0,
    0x0, 0x0, 0x0, 0x0, 0x0, 0x0, 0x0, 0x0,
    0x0, 0x0, 0x0, 0x0, 0x5a, 0xff, 0x6c, 0x58,
    0x58, 0x58, 0x58, 0x58, 0x58, 0x53, 0x0, 0x0,
    0x0, 0x0, 0x0, 0x0, 0x72, 0xff, 0xff, 0xff,
    0xff, 0xff, 0xff, 0xff, 0xff, 0xf2, 0x0, 0x0,
    0x0, 0x0, 0x0, 0x0, 0x91, 0xe8, 0x0, 0x0,
    0x0, 0x0, 0x0, 0x0, 0x75, 0xef, 0x0, 0x0,
    0x0, 0x0, 0x0, 0x0, 0xc2, 0xc4, 0x0, 0x0,
    0x0, 0x0, 0x0, 0x0, 0x7d, 0xeb, 0x0, 0x0,
    0x0, 0x0, 0x0, 0x12, 0xfa, 0x87, 0x0, 0x0,
    0x0, 0x0, 0x0, 0x0, 0x89, 0xe3, 0x0, 0x0,
    0x0, 0x0, 0x0, 0x7c, 0xff, 0x2d, 0x0, 0x0,
    0x0, 0x0, 0x0, 0x0, 0x98, 0xd7, 0x0, 0x0,
    0x0, 0x0, 0x2c, 0xf5, 0xae, 0x0, 0x0, 0x0,
    0x0, 0x0, 0x0, 0x0, 0xae, 0xc5, 0x0, 0x0,
    0x0, 0x29, 0xe1, 0xe8, 0x19, 0x0, 0x0, 0x0,
    0x0, 0x0, 0x0, 0x0, 0xd7, 0xa8, 0x0, 0x0,
    0x5f, 0xf2, 0xe6, 0x2e, 0x0, 0x0, 0x0, 0x0,
    0x1c, 0x7b, 0x6b, 0x9e, 0xff, 0x6f, 0x0, 0x0,
    0x4f, 0xb2, 0x19, 0x0, 0x0, 0x0, 0x0, 0x0,
    0x18, 0xe9, 0xfa, 0xf6, 0xa8, 0x9, 0x0, 0x0,

    /* U+662F "是" */
    0x0, 0x0, 0x0, 0x64, 0xff, 0xff, 0xff, 0xff,
    0xff, 0xff, 0xff, 0xff, 0xff, 0xff, 0x94, 0x0,
    0x0, 0x0, 0x0, 0x0, 0x0, 0x64, 0xef, 0x28,
    0x28, 0x28, 0x28, 0x28, 0x28, 0x28, 0x28, 0xca,
    0x94, 0x0, 0x0, 0x0, 0x0, 0x0, 0x0, 0x64,
    0xff, 0xff, 0xff, 0xff, 0xff, 0xff, 0xff, 0xff,
    0xff, 0xff, 0x94, 0x0, 0x0, 0x0, 0x0, 0x0,
    0x0, 0x64, 0xee, 0x20, 0x20, 0x20, 0x20, 0x20,
    0x20, 0x20, 0x20, 0xc8, 0x94, 0x0, 0x0, 0x0,
    0x0, 0x0, 0x0, 0x64, 0xf3, 0x64, 0x64, 0x64,
    0x64, 0x64, 0x64, 0x64, 0x64, 0xd9, 0x94, 0x0,
    0x0, 0x0, 0x0, 0x0, 0x0, 0x5f, 0xf4, 0xf4,
    0xf4, 0xf4, 0xf4, 0xf4, 0xf4, 0xf4, 0xf4, 0xf4,
    0x8d, 0x0, 0x0, 0x0, 0x0, 0x0, 0x0, 0x0,
    0x0, 0x0, 0x0, 0x0, 0x0, 0x0, 0x0, 0x0,
    0x0, 0x0, 0x0, 0x0, 0x0, 0x0, 0x0, 0x9c,
    0xff, 0xff, 0xff, 0xff, 0xff, 0xff, 0xff, 0xff,
    0xff, 0xff, 0xff, 0xff, 0xff, 0xff, 0xff, 0x0,
    0x0, 0x18, 0x28, 0x28, 0x62, 0x56, 0x28, 0x28,
    0x9a, 0xe1, 0x28, 0x28, 0x28, 0x28, 0x28, 0x28,
    0x28, 0x0, 0x0, 0x0, 0x0, 0x0, 0xd4, 0xa8,
    0x0, 0x0, 0x88, 0xdc, 0x0, 0x0, 0x0, 0x0,
    0x0, 0x0, 0x0, 0x0, 0x0, 0x0, 0x0, 0x36,
    0xff, 0x74, 0x0, 0x0, 0x88, 0xff, 0xff, 0xff,
    0xff, 0xff, 0xff, 0xe4, 0x0, 0x0, 0x0, 0x0,
    0x2, 0xc1, 0xfe, 0xf2, 0x41, 0x0, 0x88, 0xe1,
    0x28, 0x28, 0x28, 0x28, 0x28, 0x23, 0x0, 0x0,
    0x0, 0x0, 0x87, 0xff, 0x53, 0xa1, 0xfb, 0xa0,
    0xa8, 0xdc, 0x0, 0x0, 0x0, 0x0, 0x0, 0x0,
    0x0, 0x0, 0x0, 0x88, 0xff, 0x97, 0x0, 0x0,
    0x55, 0xd8, 0xff, 0xf6, 0xa7, 0x8a, 0x78, 0x6d,
    0x69, 0x68, 0x68, 0x1b, 0x1, 0x9e, 0xa5, 0x3,
    0x0, 0x0, 0x0, 0x1, 0x3c, 0x83, 0xb2, 0xd4,
    0xea, 0xf7, 0xfd, 0xff, 0xf5, 0xd, 0x0, 0x2,
    0x3, 0x0, 0x0, 0x0, 0x0, 0x0, 0x0, 0x0,
    0x0, 0x0, 0x0, 0x0, 0x0, 0x0, 0x0, 0x0,

    /* U+663E "显" */
    0x0, 0x0, 0x0, 0xf8, 0xff, 0xff, 0xff, 0xff,
    0xff, 0xff, 0xff, 0xff, 0xff, 0xff, 0xfc, 0x0,
    0x0, 0x0, 0x0, 0x0, 0x0, 0xf8, 0x86, 0x28,
    0x28, 0x28, 0x28, 0x28, 0x28, 0x28, 0x28, 0x83,
    0xfc, 0x0, 0x0, 0x0, 0x0, 0x0, 0x0, 0xf8,
    0x70, 0x0, 0x0, 0x0, 0x0, 0x0, 0x0, 0x0,
    0x0, 0x6c, 0xfc, 0x0, 0x0, 0x0, 0x0, 0x0,
    0x0, 0xf8, 0xff, 0xff, 0xff, 0xff, 0xff, 0xff,
    0xff, 0xff, 0xff, 0xff, 0xfc, 0x0, 0x0, 0x0,
    0x0, 0x0, 0x0, 0xf8, 0x86, 0x28, 0x28, 0x28,
    0x28, 0x28, 0x28, 0x28, 0x28, 0x83, 0xfc, 0x0,
    0x0, 0x0, 0x0, 0x0, 0x0, 0xf8, 0x70, 0x0,
    0x0, 0x0, 0x0, 0x0, 0x0, 0x0, 0x0, 0x6c,
    0xfc, 0x0, 0x0, 0x0, 0x0, 0x0, 0x0, 0xf8,
    0xff, 0xff, 0xff, 0xff, 0xff, 0xff, 0xff, 0xff,
    0xff, 0xff, 0xfc, 0x0, 0x0, 0x0, 0x0, 0x0,
    0x0, 0x26, 0x28, 0x28, 0x28, 0x28, 0x28, 0x28,
    0x28, 0x28, 0x28, 0x28, 0x27, 0x0, 0x0, 0x0,
    0x0, 0x0, 0x1, 0x30, 0x0, 0x0, 0x46, 0xb4,
    0x2, 0x0, 0x9d, 0x5f, 0x0, 0x0, 0x17, 0x0,
    0x0, 0x0, 0x0, 0x0, 0x71, 0xf6, 0x24, 0x0,
    0x64, 0xff, 0x4, 0x0, 0xe0, 0x88, 0x0, 0x15,
    0xf0, 0x6c, 0x0, 0x0, 0x0, 0x0, 0xc, 0xe2,
    0xb8, 0x0, 0x64, 0xff, 0x4, 0x0, 0xe0, 0x88,
    0x0, 0x9e, 0xee, 0x16, 0x0, 0x0, 0x0, 0x0,
    0x0, 0x59, 0xff, 0x3a, 0x64, 0xff, 0x4, 0x0,
    0xe0, 0x88, 0x52, 0xff, 0x59, 0x0, 0x0, 0x0,
    0x0, 0x0, 0x0, 0x3, 0xbe, 0x46, 0x64, 0xff,
    0x4, 0x0, 0xe0, 0x88, 0x40, 0x86, 0x0, 0x0,
    0x0, 0x0, 0x0, 0x28, 0x28, 0x28, 0x28, 0x28,
    0x7c, 0xff, 0x2b, 0x28, 0xe5, 0x9a, 0x28, 0x28,
    0x28, 0x28, 0x28, 0x0, 0x4, 0xff, 0xff, 0xff,
    0xff, 0xff, 0xff, 0xff, 0xff, 0xff, 0xff, 0xff,
    0xff, 0xff, 0xff, 0xff, 0xff, 0x4,

    /* U+673A "机" */
    0x0, 0x0, 0x0, 0x64, 0xff, 0x4, 0x0, 0x0,
    0x0, 0x0, 0x0, 0x0, 0x0, 0x0, 0x0, 0x0,
    0x0, 0x0, 0x0, 0x0, 0x0, 0x64, 0xff, 0x4,
    0x0, 0x0, 0x68, 0xff, 0xff, 0xff, 0xff, 0xff,
    0x68, 0x0, 0x0, 0x0, 0x0, 0x0, 0x0, 0x64,
    0xff, 0x4, 0x0, 0x0, 0x68, 0xff, 0x68, 0x68,
    0x68, 0xff, 0x68, 0x0, 0x0, 0x0, 0x0, 0x54,
    0x54, 0x97, 0xff, 0x56, 0x54, 0x27, 0x68, 0xff,
    0x0, 0x0, 0x0, 0xff, 0x68, 0x0, 0x0, 0x0,
    0x0, 0xff, 0xff, 0xff, 0xff, 0xff, 0xff, 0x78,
    0x68, 0xff, 0x0, 0x0, 0x0, 0xff, 0x68, 0x0,
    0x0, 0x0, 0x0, 0x4, 0x4, 0xac, 0xff, 0x12,
    0x4, 0x1, 0x68, 0xff, 0x0, 0x0, 0x0, 0xff,
    0x68, 0x0, 0x0, 0x0, 0x0, 0x0, 0x3, 0xee,
    0xff, 0xb6, 0x4, 0x0, 0x68, 0xff, 0x0, 0x0,
    0x0, 0xff, 0x68, 0x0, 0x0, 0x0, 0x0, 0x0,
    0x4c, 0xff, 0xff, 0xef, 0x9a, 0x0, 0x76, 0xff,
    0x0, 0x0, 0x0, 0xff, 0x68, 0x0, 0x0, 0x0,
    0x0, 0x0, 0xb6, 0xf6, 0xff, 0x5c, 0xff, 0x63,
    0x89, 0xf7, 0x0, 0x0, 0x0, 0xff, 0x68, 0x0,
    0x0, 0x0, 0x0, 0x3d, 0xff, 0x95, 0xff, 0x4,
    0xb3, 0x52, 0xa1, 0xe9, 0x0, 0x0, 0x0, 0xff,
    0x68, 0x0, 0x0, 0x0, 0x7, 0xd0, 0xba, 0x64,
    0xff, 0x4, 0xa, 0x0, 0xdd, 0xcc, 0x0, 0x0,
    0x0, 0xff, 0x68, 0x0, 0x0, 0x0, 0x7b, 0xf4,
    0x24, 0x64, 0xff, 0x4, 0x0, 0x1f, 0xff, 0x9d,
    0x0, 0x0, 0x0, 0xff, 0x68, 0x0, 0x0, 0x0,
    0x12, 0x4c, 0x0, 0x64, 0xff, 0x4, 0x0, 0x90,
    0xff, 0x57, 0x0, 0x0, 0x0, 0xff, 0x68, 0xe,
    0x4, 0x0, 0x0, 0x0, 0x0, 0x64, 0xff, 0x4,
    0x20, 0xf7, 0xea, 0x9, 0x0, 0x0, 0x0, 0xff,
    0x68, 0x6c, 0xf1, 0x10, 0x0, 0x0, 0x0, 0x64,
    0xff, 0x17, 0xd7, 0xff, 0x6b, 0x0, 0x0, 0x0,
    0x0, 0xfa, 0xc1, 0xc7, 0xf3, 0x1, 0x0, 0x0,
    0x0, 0x64, 0xff, 0x4a, 0xff, 0xb5, 0x2, 0x0,
    0x0, 0x0, 0x0, 0xb1, 0xf8, 0xec, 0x77, 0x0,
    0x0, 0x0, 0x0, 0x64, 0xff, 0x4, 0x7e, 0xc,
    0x0, 0x0, 0x0, 0x0, 0x0, 0x0, 0x0, 0x0,
    0x0, 0x0,

    /* U+67E5 "查" */
    0x0, 0x0, 0x0, 0x0, 0x0, 0x0, 0x0, 0x0,
    0xd4, 0x94, 0x0, 0x0, 0x0, 0x0, 0x0, 0x0,
    0x0, 0x0, 0x0, 0x28, 0x28, 0x28, 0x28, 0x28,
    0x28, 0xda, 0xa4, 0x28, 0x28, 0x28, 0x28, 0x28,
    0x1e, 0x0, 0x0, 0x4, 0xff, 0xff, 0xff, 0xff,
    0xff, 0xff, 0xff, 0xff, 0xff, 0xff, 0xff, 0xff,
    0xff, 0xc4, 0x0, 0x0, 0x0, 0x0, 0x0, 0x0,
    0xa, 0xa1, 0xeb, 0xea, 0xd8, 0xef, 0x60, 0x0,
    0x0, 0x0, 0x0, 0x0, 0x0, 0x0, 0x0, 0x1,
    0x55, 0xe0, 0xe4, 0x2a, 0xd4, 0x94, 0x4c, 0xf2,
    0xbf, 0x3a, 0x0, 0x0, 0x0, 0x0, 0x18, 0x6e,
    0xd9, 0xff, 0xb9, 0x15, 0x0, 0xd4, 0x94, 0x0,
    0x23, 0xc5, 0xff, 0xcf, 0x75, 0x29, 0x1, 0xd1,
    0xff, 0xe5, 0x5b, 0x0, 0x0, 0x0, 0xac, 0x78,
    0x0, 0x0, 0x1, 0x5a, 0xdb, 0xff, 0x93, 0x0,
    0x3e, 0x66, 0x2d, 0x28, 0x28, 0x28, 0x28, 0x28,
    0x28, 0x28, 0x28, 0x28, 0x28, 0x1e, 0x49, 0x21,
    0x0, 0x0, 0x0, 0xf4, 0xff, 0xff, 0xff, 0xff,
    0xff, 0xff, 0xff, 0xff, 0xff, 0xff, 0xb8, 0x0,
    0x0, 0x0, 0x0, 0x0, 0xf4, 0x74, 0x0, 0x0,
    0x0, 0x0, 0x0, 0x0, 0x0, 0x0, 0xb0, 0xb8,
    0x0, 0x0, 0x0, 0x0, 0x0, 0xf4, 0xff, 0xff,
    0xff, 0xff, 0xff, 0xff, 0xff, 0xff, 0xff, 0xff,
    0xb8, 0x0, 0x0, 0x0, 0x0, 0x0, 0xf4, 0x89,
    0x28, 0x28, 0x28, 0x28, 0x28, 0x28, 0x28, 0x28,
    0xbc, 0xb8, 0x0, 0x0, 0x0, 0x0, 0x0, 0xf4,
    0x89, 0x28, 0x28, 0x28, 0x28, 0x28, 0x28, 0x28,
    0x28, 0xbc, 0xb8, 0x0, 0x0, 0x0, 0x0, 0x0,
    0xf4, 0xff, 0xff, 0xff, 0xff, 0xff, 0xff, 0xff,
    0xff, 0xff, 0xff, 0xb8, 0x0, 0x0, 0x0, 0x58,
    0x58, 0x58, 0x58, 0x58, 0x58, 0x58, 0x58, 0x58,
    0x58, 0x58, 0x58, 0x58, 0x58, 0x58, 0x3c, 0x0,
    0xff, 0xff, 0xff, 0xff, 0xff, 0xff, 0xff, 0xff,
    0xff, 0xff, 0xff, 0xff, 0xff, 0xff, 0xff, 0xb0,

    /* U+68C0 "检" */
    0x0, 0x0, 0x0, 0x70, 0xe4, 0x0, 0x0, 0x0,
    0x0, 0x0, 0x0, 0xa4, 0xa8, 0x0, 0x0, 0x0,
    0x0, 0x0, 0x0, 0x0, 0x0, 0x70, 0xe4, 0x0,
    0x0, 0x0, 0x0, 0x0, 0x40, 0xff, 0xe5, 0x17,
    0x0, 0x0, 0x0, 0x0, 0x0, 0x0, 0x0, 0x70,
    0xe4, 0x0, 0x0, 0x0, 0x0, 0x11, 0xe2, 0xc6,
    0xdf, 0xcc, 0xf, 0x0, 0x0, 0x0, 0x0, 0x70,
    0xa4, 0xcc, 0xf5, 0xa4, 0xa4, 0x0, 0x7, 0xbe,
    0xe8, 0x19, 0x2b, 0xf0, 0xcb, 0x15, 0x0, 0x0,
    0x0, 0x84, 0xc0, 0xe6, 0xf9, 0xc0, 0xc0, 0x7,
    0xb0, 0xfb, 0x3e, 0x0, 0x0, 0x38, 0xf2, 0xdf,
    0x32, 0x0, 0x0, 0x0, 0x0, 0xbe, 0xec, 0x5,
    0xa, 0xbf, 0xf7, 0x4e, 0x0, 0x0, 0x0, 0x0,
    0x32, 0xe7, 0xfa, 0x3b, 0x0, 0x0, 0x4, 0xf2,
    0xff, 0x95, 0x2, 0xb2, 0x3d, 0xa0, 0xff, 0xff,
    0xff, 0xff, 0xff, 0x19, 0x93, 0x4, 0x0, 0x0,
    0x45, 0xff, 0xf3, 0xf7, 0x57, 0x0, 0x0, 0x19,
    0x28, 0x28, 0x28, 0x28, 0x28, 0x0, 0x0, 0x0,
    0x0, 0x0, 0x9e, 0xfb, 0xe4, 0x86, 0xee, 0x19,
    0x33, 0x0, 0x83, 0xbe, 0x0, 0x0, 0x79, 0x58,
    0x0, 0x0, 0x0, 0x16, 0xf7, 0xaf, 0xe4, 0x11,
    0xab, 0x4e, 0xff, 0x36, 0x67, 0xfb, 0xe, 0x2,
    0xef, 0xae, 0x0, 0x0, 0x0, 0x90, 0xdb, 0x71,
    0xe4, 0x0, 0x2, 0x5, 0xed, 0x98, 0x2c, 0xff,
    0x46, 0x34, 0xff, 0x5a, 0x0, 0x0, 0x16, 0xfb,
    0x60, 0x70, 0xe4, 0x0, 0x0, 0x0, 0xa4, 0xe1,
    0x5, 0xfb, 0x73, 0x7a, 0xf8, 0xe, 0x0, 0x0,
    0x0, 0x58, 0x2, 0x70, 0xe4, 0x0, 0x0, 0x0,
    0x6e, 0xff, 0x19, 0x9e, 0x49, 0xd3, 0xa5, 0x0,
    0x0, 0x0, 0x0, 0x0, 0x0, 0x70, 0xe4, 0x0,
    0x0, 0x0, 0x1f, 0x44, 0x4, 0x0, 0x2f, 0xff,
    0x39, 0x0, 0x0, 0x0, 0x0, 0x0, 0x0, 0x70,
    0xe4, 0x0, 0x0, 0x3d, 0x58, 0x58, 0x58, 0x58,
    0xa8, 0xea, 0x58, 0x58, 0x58, 0x4, 0x0, 0x0,
    0x0, 0x70, 0xe4, 0x0, 0x0, 0xb4, 0xff, 0xff,
    0xff, 0xff, 0xff, 0xff, 0xff, 0xff, 0xff, 0xc,
    0x0, 0x0, 0x0, 0x70, 0xe4, 0x0, 0x0, 0x0,
    0x0, 0x0, 0x0, 0x0, 0x0, 0x0, 0x0, 0x0,
    0x0, 0x0,

    /* U+6B63 "正" */
    0x0, 0x3c, 0xff, 0xff, 0xff, 0xff, 0xff, 0xff,
    0xff, 0xff, 0xff, 0xff, 0xff, 0xff, 0xff, 0xff,
    0x88, 0x0, 0x0, 0x9, 0x28, 0x28, 0x28, 0x28,
    0x28, 0x28, 0x53, 0xff, 0x53, 0x28, 0x28, 0x28,
    0x28, 0x28, 0x15, 0x0, 0x0, 0x0, 0x0, 0x0,
    0x0, 0x0, 0x0, 0x0, 0x34, 0xff, 0x34, 0x0,
    0x0, 0x0, 0x0, 0x0, 0x0, 0x0, 0x0, 0x0,
    0x0, 0x0, 0x0, 0x0, 0x0, 0x0, 0x34, 0xff,
    0x34, 0x0, 0x0, 0x0, 0x0, 0x0, 0x0, 0x0,
    0x0, 0x0, 0x0, 0x32, 0x7c, 0x0, 0x0, 0x0,
    0x34, 0xff, 0x34, 0x0, 0x0, 0x0, 0x0, 0x0,
    0x0, 0x0, 0x0, 0x0, 0x0, 0x68, 0xff, 0x0,
    0x0, 0x0, 0x34, 0xff, 0x34, 0x0, 0x0, 0x0,
    0x0, 0x0, 0x0, 0x0, 0x0, 0x0, 0x0, 0x68,
    0xff, 0x0, 0x0, 0x0, 0x34, 0xff, 0x53, 0x28,
    0x28, 0x28, 0x28, 0x28, 0x1, 0x0, 0x0, 0x0,
    0x0, 0x68, 0xff, 0x0, 0x0, 0x0, 0x34, 0xff,
    0xff, 0xff, 0xff, 0xff, 0xff, 0xff, 0x8, 0x0,
    0x0, 0x0, 0x0, 0x68, 0xff, 0x0, 0x0, 0x0,
    0x34, 0xff, 0x34, 0x0, 0x0, 0x0, 0x0, 0x0,
    0x0, 0x0, 0x0, 0x0, 0x0, 0x68, 0xff, 0x0,
    0x0, 0x0, 0x34, 0xff, 0x34, 0x0, 0x0, 0x0,
    0x0, 0x0, 0x0, 0x0, 0x0, 0x0, 0x0, 0x68,
    0xff, 0x0, 0x0, 0x0, 0x34, 0xff, 0x34, 0x0,
    0x0, 0x0, 0x0, 0x0, 0x0, 0x0, 0x0, 0x0,
    0x0, 0x68, 0xff, 0x0, 0x0, 0x0, 0x34, 0xff,
    0x34, 0x0, 0x0, 0x0, 0x0, 0x0, 0x0, 0x0,
    0x0, 0x0, 0x0, 0x68, 0xff, 0x0, 0x0, 0x0,
    0x34, 0xff, 0x34, 0x0, 0x0, 0x0, 0x0, 0x0,
    0x0, 0x0, 0x6, 0x58, 0x58, 0x9c, 0xff, 0x58,
    0x58, 0x58, 0x7a, 0xff, 0x7a, 0x58, 0x58, 0x58,
    0x58, 0x58, 0x58, 0x8, 0x14, 0xff, 0xff, 0xff,
    0xff, 0xff, 0xff, 0xff, 0xff, 0xff, 0xff, 0xff,
    0xff, 0xff, 0xff, 0xff, 0xff, 0x18,

    /* U+6C1B "氛" */
    0x0, 0x0, 0x21, 0x79, 0x11, 0x0, 0x0, 0x0,
    0x0, 0x0, 0x0, 0x0, 0x0, 0x0, 0x0, 0x0,
    0x0, 0x0, 0x0, 0xa3, 0xef, 0x25, 0x20, 0x20,
    0x20, 0x20, 0x20, 0x20, 0x20, 0x20, 0x20, 0x20,
    0x7, 0x0, 0x0, 0x38, 0xfd, 0xff, 0xff, 0xff,
    0xff, 0xff, 0xff, 0xff, 0xff, 0xff, 0xff, 0xff,
    0xff, 0x3c, 0x0, 0x26, 0xeb, 0xc4, 0x23, 0x20,
    0x20, 0x20, 0x20, 0x20, 0x20, 0x20, 0x20, 0x20,
    0x20, 0x1, 0x0, 0x0, 0x57, 0xde, 0x1b, 0xff,
    0xff, 0xff, 0xff, 0xff, 0xff, 0xff, 0xff, 0xff,
    0xff, 0xff, 0xc, 0x0, 0x0, 0x0, 0x13, 0xc,
    0xc, 0xc, 0xc, 0xc, 0xc, 0xc, 0xc, 0xc,
    0xc, 0xc, 0x5, 0x0, 0x0, 0x0, 0x0, 0xc0,
    0xff, 0xff, 0xff, 0xff, 0xff, 0xff, 0xff, 0xff,
    0xff, 0xff, 0xff, 0x7c, 0x0, 0x0, 0x0, 0x0,
    0x15, 0x1c, 0x49, 0x1c, 0x1c, 0x1c, 0x1c, 0x42,
    0x1c, 0x1c, 0x1c, 0xdb, 0x7c, 0x0, 0x0, 0x0,
    0x0, 0x0, 0x45, 0xf9, 0x37, 0x0, 0x0, 0x5a,
    0xfd, 0x54, 0x0, 0x0, 0xd2, 0x7e, 0x0, 0x0,
    0x0, 0x0, 0x4e, 0xf2, 0x81, 0x0, 0x0, 0x0,
    0x0, 0x9f, 0xf9, 0x56, 0x0, 0xcb, 0x82, 0x0,
    0x0, 0x0, 0x67, 0xfe, 0x8f, 0x1, 0x0, 0x0,
    0x0, 0x0, 0x3, 0x9c, 0xff, 0x8a, 0xc2, 0x88,
    0x0, 0x0, 0x0, 0x15, 0x53, 0x34, 0xff, 0xff,
    0xff, 0xff, 0xff, 0xff, 0x42, 0x66, 0x2f, 0xb5,
    0x90, 0x0, 0x0, 0x0, 0x0, 0x0, 0x8, 0x4a,
    0xff, 0x53, 0x28, 0x4a, 0xff, 0x38, 0x0, 0x0,
    0xa3, 0x9c, 0x2, 0x2, 0x0, 0x0, 0x0, 0x0,
    0x89, 0xee, 0x3, 0x0, 0x33, 0xff, 0x26, 0x0,
    0x0, 0x8b, 0xaf, 0x24, 0xe3, 0x0, 0x0, 0x0,
    0x49, 0xfa, 0x7c, 0x0, 0x0, 0x48, 0xfe, 0xa,
    0x0, 0x0, 0x65, 0xdc, 0x35, 0xd4, 0x0, 0x0,
    0x89, 0xfb, 0xbd, 0x7, 0x22, 0x64, 0xae, 0xcf,
    0x0, 0x0, 0x0, 0x21, 0xfd, 0xb2, 0x9a, 0x0,
    0x0, 0x65, 0x92, 0xa, 0x0, 0x23, 0xdd, 0xda,
    0x40, 0x0, 0x0, 0x0, 0x0, 0x7e, 0xea, 0x2f,
    0x0,

    /* U+6DFB "添" */
    0x0, 0x0, 0x17, 0x0, 0x0, 0x0, 0x0, 0x0,
    0x0, 0x0, 0x0, 0x0, 0x0, 0x0, 0x0, 0x0,
    0x0, 0x0, 0x0, 0x67, 0xf3, 0x4f, 0x0, 0x28,
    0xff, 0xff, 0xff, 0xff, 0xff, 0xff, 0xff, 0xff,
    0xff, 0xb0, 0x0, 0x0, 0x0, 0x2, 0x95, 0xfc,
    0x48, 0x6, 0x28, 0x28, 0x28, 0x8b, 0xea, 0x28,
    0x28, 0x28, 0x28, 0x1b, 0x0, 0x0, 0x0, 0x0,
    0x1, 0x6a, 0x7, 0x0, 0x0, 0x0, 0x1, 0xd8,
    0x97, 0x0, 0x0, 0x0, 0x0, 0x0, 0x0, 0x0,
    0x0, 0x15, 0x1, 0x0, 0x0, 0xff, 0xff, 0xff,
    0xff, 0xff, 0xff, 0xff, 0xff, 0xff, 0xff, 0xff,
    0x9c, 0x0, 0x5, 0xdb, 0xb3, 0xc, 0x0, 0x28,
    0x28, 0x49, 0xfa, 0x9e, 0x28, 0x28, 0xcb, 0xca,
    0x28, 0x28, 0x18, 0x0, 0x0, 0x53, 0xfc, 0xb7,
    0x4, 0x0, 0x6, 0xc8, 0xeb, 0x14, 0x0, 0x0,
    0x2c, 0xf6, 0x83, 0x0, 0x0, 0x0, 0x0, 0x0,
    0x74, 0xdc, 0xc, 0x2, 0xa3, 0xfd, 0x47, 0x5,
    0x13, 0x0, 0x0, 0x5a, 0xff, 0x82, 0x0, 0x0,
    0x0, 0x0, 0x0, 0x1f, 0xf, 0xb5, 0xfe, 0x64,
    0x0, 0x48, 0xfc, 0x0, 0x0, 0x0, 0x73, 0xff,
    0xa7, 0xb, 0x0, 0x0, 0x0, 0x0, 0x62, 0xf8,
    0x5d, 0x0, 0x0, 0x48, 0xfc, 0x0, 0x0, 0x0,
    0x26, 0x6e, 0xd1, 0xc, 0x0, 0x0, 0x7, 0xb0,
    0x15, 0x1b, 0x0, 0x9f, 0x64, 0x48, 0xfc, 0x52,
    0xa2, 0x19, 0xfb, 0x43, 0x7, 0x0, 0x0, 0x0,
    0x4c, 0xfe, 0x17, 0x0, 0x2f, 0xff, 0x4a, 0x48,
    0xfc, 0x40, 0xfd, 0x1d, 0xa6, 0xc4, 0x0, 0x0,
    0x0, 0x0, 0x9d, 0xca, 0x0, 0x0, 0xaf, 0xd6,
    0x1, 0x48, 0xfc, 0x2, 0xe5, 0x7a, 0x2c, 0xff,
    0x3d, 0x0, 0x0, 0xa, 0xee, 0x7e, 0x0, 0x50,
    0xff, 0x56, 0x0, 0x48, 0xfc, 0x0, 0x9b, 0xc5,
    0x0, 0xcc, 0xa3, 0x0, 0x0, 0x69, 0xfe, 0x23,
    0x1, 0xd1, 0xbb, 0x0, 0x0, 0x48, 0xfc, 0x0,
    0x59, 0xfc, 0x10, 0x76, 0xf6, 0x10, 0x1, 0xd8,
    0xb5, 0x0, 0x0, 0x10, 0x1b, 0x5f, 0x67, 0x99,
    0xf4, 0x0, 0x16, 0x6a, 0x7, 0x1c, 0x54, 0x3,
    0x6, 0xa5, 0x48, 0x0, 0x0, 0x0, 0x0, 0x71,
    0xe7, 0xf7, 0x9a, 0x0, 0x0, 0x0, 0x0, 0x0,
    0x0, 0x0, 0x0, 0x0, 0x0, 0x0, 0x0, 0x0,
    0x0, 0x0, 0x0, 0x0, 0x0, 0x0, 0x0, 0x0,
    0x0, 0x0, 0x0, 0x0,

    /* U+6E29 "温" */
    0x0, 0x3, 0x66, 0xc, 0x0, 0x0, 0x0, 0x0,
    0x0, 0x0, 0x0, 0x0, 0x0, 0x0, 0x0, 0x0,
    0x0, 0x0, 0x3e, 0xf7, 0xe3, 0x3c, 0x0, 0x68,
    0xff, 0xff, 0xff, 0xff, 0xff, 0xff, 0xff, 0xff,
    0x1c, 0x0, 0x0, 0x0, 0x2b, 0xdc, 0xf5, 0x13,
    0x68, 0xff, 0x28, 0x28, 0x28, 0x28, 0x28, 0x68,
    0xff, 0x1c, 0x0, 0x0, 0x0, 0x0, 0x15, 0x5a,
    0x0, 0x68, 0xff, 0x0, 0x0, 0x0, 0x0, 0x0,
    0x4c, 0xff, 0x1c, 0x0, 0x0, 0x10, 0x0, 0x0,
    0x0, 0x0, 0x68, 0xff, 0xff, 0xff, 0xff, 0xff,
    0xff, 0xff, 0xff, 0x1c, 0x0, 0xd, 0xde, 0xb4,
    0x18, 0x0, 0x0, 0x68, 0xff, 0x28, 0x28, 0x28,
    0x28, 0x28, 0x68, 0xff, 0x1c, 0x0, 0x0, 0x3e,
    0xe0, 0xeb, 0x1b, 0x0, 0x68, 0xff, 0x0, 0x0,
    0x0, 0x0, 0x0, 0x4c, 0xff, 0x1c, 0x0, 0x0,
    0x0, 0x17, 0x69, 0x0, 0x0, 0x68, 0xff, 0xff,
    0xff, 0xff, 0xff, 0xff, 0xff, 0xff, 0x1c, 0x0,
    0x0, 0x0, 0x0, 0x0, 0x0, 0x0, 0x10, 0x28,
    0x28, 0x28, 0x28, 0x28, 0x28, 0x28, 0x28, 0x4,
    0x0, 0x0, 0x0, 0x0, 0x35, 0x0, 0x6, 0x28,
    0x28, 0x28, 0x28, 0x28, 0x28, 0x28, 0x28, 0x28,
    0x23, 0x0, 0x0, 0x0, 0xb, 0xf3, 0x67, 0x2c,
    0xff, 0xff, 0xff, 0xff, 0xff, 0xff, 0xff, 0xff,
    0xff, 0xe0, 0x0, 0x0, 0x0, 0x60, 0xff, 0x2e,
    0x2c, 0xff, 0x28, 0x38, 0xff, 0xc, 0x58, 0xec,
    0x0, 0x74, 0xe0, 0x0, 0x0, 0x0, 0xc3, 0xd8,
    0x0, 0x2c, 0xff, 0x28, 0x38, 0xff, 0xc, 0x58,
    0xec, 0x0, 0x74, 0xe0, 0x0, 0x0, 0x41, 0xff,
    0x7e, 0x0, 0x2c, 0xff, 0x28, 0x38, 0xff, 0xc,
    0x58, 0xec, 0x0, 0x74, 0xe0, 0x0, 0x0, 0xc5,
    0xf5, 0x14, 0x25, 0x4d, 0xff, 0x49, 0x57, 0xff,
    0x32, 0x72, 0xef, 0x28, 0x89, 0xe5, 0x28, 0x20,
    0xf5, 0x90, 0x0, 0xf0, 0xff, 0xff, 0xff, 0xff,
    0xff, 0xff, 0xff, 0xff, 0xff, 0xff, 0xff, 0xff,
    0x0, 0x24, 0x1a, 0x0, 0x0, 0x0, 0x0, 0x0,
    0x0, 0x0, 0x0, 0x0, 0x0, 0x0, 0x0, 0x0,
    0x0,

    /* U+6ED1 "滑" */
    0x0, 0x4, 0x52, 0x1, 0x0, 0x0, 0x0, 0x0,
    0x0, 0x0, 0x0, 0x0, 0x0, 0x0, 0x0, 0x0,
    0x0, 0x0, 0x55, 0xfd, 0xc6, 0x1f, 0x0, 0x90,
    0xff, 0xff, 0xff, 0xff, 0xff, 0xff, 0xff, 0xff,
    0x0, 0x0, 0x0, 0x0, 0x35, 0xdc, 0xda, 0x3,
    0x90, 0xe1, 0x28, 0x28, 0x28, 0x28, 0x28, 0x72,
    0xff, 0x0, 0x0, 0x0, 0x0, 0x0, 0xf, 0x31,
    0x0, 0x90, 0xff, 0xff, 0xff, 0xff, 0x28, 0x0,
    0x58, 0xff, 0x0, 0x0, 0x0, 0x0, 0x0, 0x0,
    0x0, 0x0, 0x90, 0xe0, 0x20, 0x20, 0xff, 0x28,
    0x0, 0x58, 0xff, 0x0, 0x0, 0x1, 0x81, 0x32,
    0x0, 0x0, 0x28, 0xa1, 0xe1, 0x28, 0x28, 0xff,
    0x49, 0x28, 0x72, 0xff, 0x28, 0x18, 0x19, 0xc4,
    0xfc, 0x89, 0x7, 0xff, 0xff, 0xff, 0xff, 0xff,
    0xff, 0xff, 0xff, 0xff, 0xff, 0xff, 0x9c, 0x0,
    0x1, 0x80, 0xbe, 0x5, 0xff, 0x28, 0x0, 0x0,
    0x0, 0x0, 0x0, 0x0, 0x0, 0x0, 0xa8, 0x9c,
    0x0, 0x0, 0x0, 0x4, 0x0, 0x20, 0x36, 0xf4,
    0xf4, 0xf4, 0xf4, 0xf4, 0xf4, 0xf4, 0xbe, 0x15,
    0x13, 0x0, 0x0, 0x0, 0x9b, 0x18, 0x0, 0x34,
    0xff, 0x28, 0x0, 0x0, 0x0, 0x0, 0x8c, 0xc8,
    0x0, 0x0, 0x0, 0x0, 0x34, 0xff, 0x46, 0x0,
    0x34, 0xff, 0xff, 0xff, 0xff, 0xff, 0xff, 0xff,
    0xc8, 0x0, 0x0, 0x0, 0x0, 0x86, 0xf5, 0x7,
    0x0, 0x34, 0xff, 0x49, 0x28, 0x28, 0x28, 0x28,
    0x9e, 0xc8, 0x0, 0x0, 0x0, 0x0, 0xd9, 0xb4,
    0x0, 0x0, 0x34, 0xff, 0x49, 0x28, 0x28, 0x28,
    0x28, 0x9e, 0xc8, 0x0, 0x0, 0x0, 0x42, 0xff,
    0x68, 0x0, 0x0, 0x34, 0xff, 0xff, 0xff, 0xff,
    0xff, 0xff, 0xff, 0xc8, 0x0, 0x0, 0x0, 0xb1,
    0xf5, 0xf, 0x0, 0x0, 0x34, 0xff, 0x28, 0x0,
    0x0, 0x0, 0x0, 0x8c, 0xc8, 0x0, 0x0, 0x22,
    0xfd, 0x9e, 0x0, 0x0, 0x0, 0x34, 0xff, 0x28,
    0x0, 0x9, 0x28, 0x22, 0xb4, 0xbe, 0x0, 0x0,
    0x20, 0xc4, 0x37, 0x0, 0x0, 0x0, 0x34, 0xff,
    0x28, 0x0, 0xe, 0xe7, 0xfb, 0xeb, 0x56, 0x0,
    0x0, 0x0, 0x1, 0x0, 0x0, 0x0, 0x0, 0x4,
    0x14, 0x3, 0x0, 0x0, 0x0, 0x0, 0x0, 0x0,
    0x0, 0x0,

    /* U+706F "灯" */
    0x0, 0x0, 0x0, 0x0, 0xff, 0x58, 0x0, 0x0,
    0x0, 0x0, 0x0, 0x0, 0x0, 0x0, 0x0, 0x0,
    0x0, 0x0, 0x0, 0x0, 0x0, 0x0, 0xff, 0x58,
    0x0, 0x10, 0xff, 0xff, 0xff, 0xff, 0xff, 0xff,
    0xff, 0xff, 0xff, 0x4, 0x0, 0x0, 0x0, 0x0,
    0xff, 0x58, 0x0, 0x39, 0x28, 0x28, 0x28, 0x28,
    0x72, 0xff, 0x35, 0x28, 0x28, 0x0, 0x0, 0x28,
    0x8f, 0xd, 0xff, 0x58, 0x54, 0xff, 0x40, 0x0,
    0x0, 0x0, 0x58, 0xff, 0x10, 0x0, 0x0, 0x0,
    0x0, 0x5f, 0xfc, 0x6, 0xff, 0x9a, 0xf7, 0xa1,
    0x0, 0x0, 0x0, 0x0, 0x58, 0xff, 0x10, 0x0,
    0x0, 0x0, 0x0, 0x8a, 0xdc, 0x0, 0xff, 0xff,
    0xaa, 0x7, 0x0, 0x0, 0x0, 0x0, 0x58, 0xff,
    0x10, 0x0, 0x0, 0x0, 0x0, 0xc6, 0xb3, 0x0,
    0xff, 0x97, 0x1, 0x0, 0x0, 0x0, 0x0, 0x0,
    0x58, 0xff, 0x10, 0x0, 0x0, 0x0, 0x1b, 0xfe,
    0x6b, 0x0, 0xff, 0x57, 0x0, 0x0, 0x0, 0x0,
    0x0, 0x0, 0x58, 0xff, 0x10, 0x0, 0x0, 0x0,
    0x40, 0xf8, 0x1b, 0x12, 0xff, 0x4b, 0x0, 0x0,
    0x0, 0x0, 0x0, 0x0, 0x58, 0xff, 0x10, 0x0,
    0x0, 0x0, 0x0, 0x1e, 0x0, 0x28, 0xff, 0x3c,
    0x0, 0x0, 0x0, 0x0, 0x0, 0x0, 0x58, 0xff,
    0x10, 0x0, 0x0, 0x0, 0x0, 0x0, 0x0, 0x54,
    0xff, 0x96, 0x0, 0x0, 0x0, 0x0, 0x0, 0x0,
    0x58, 0xff, 0x10, 0x0, 0x0, 0x0, 0x0, 0x0,
    0x0, 0x9f, 0xff, 0xff, 0x70, 0x0, 0x0, 0x0,
    0x0, 0x0, 0x58, 0xff, 0x10, 0x0, 0x0, 0x0,
    0x0, 0x0, 0xc, 0xec, 0x9a, 0xc3, 0xfc, 0x3f,
    0x0, 0x0, 0x0, 0x0, 0x58, 0xff, 0x10, 0x0,
    0x0, 0x0, 0x0, 0x0, 0x7e, 0xff, 0x3a, 0x1a,
    0xeb, 0xe6, 0x8, 0x0, 0x0, 0x0, 0x58, 0xff,
    0x10, 0x0, 0x0, 0x0, 0x0, 0x26, 0xf2, 0xbd,
    0x0, 0x0, 0x53, 0xa3, 0x0, 0x0, 0x0, 0x0,
    0x58, 0xff, 0x10, 0x0, 0x0, 0x0, 0xf, 0xd7,
    0xf5, 0x25, 0x0, 0x0, 0x0, 0x8, 0x0, 0x0,
    0x6c, 0x70, 0xbd, 0xfd, 0x5, 0x0, 0x0, 0x0,
    0x14, 0xb8, 0x4c, 0x0, 0x0, 0x0, 0x0, 0x0,
    0x0, 0x0, 0x99, 0xf6, 0xf0, 0x8b, 0x0, 0x0,
    0x0, 0x0,

    /* U+7528 "用" */
    0x0, 0x0, 0x54, 0xff, 0xff, 0xff, 0xff, 0xff,
    0xff, 0xff, 0xff, 0xff, 0xff, 0xff, 0xff, 0xec,
    0x0, 0x0, 0x54, 0xff, 0x65, 0x58, 0x58, 0x58,
    0x9c, 0xff, 0x58, 0x58, 0x58, 0x58, 0xa9, 0xec,
    0x0, 0x0, 0x54, 0xff, 0x14, 0x0, 0x0, 0x0,
    0x68, 0xff, 0x0, 0x0, 0x0, 0x0, 0x7c, 0xec,
    0x0, 0x0, 0x54, 0xff, 0x14, 0x0, 0x0, 0x0,
    0x68, 0xff, 0x0, 0x0, 0x0, 0x0, 0x7c, 0xec,
    0x0, 0x0, 0x54, 0xff, 0x65, 0x58, 0x58, 0x58,
    0x9c, 0xff, 0x58, 0x58, 0x58, 0x58, 0xa9, 0xec,
    0x0, 0x0, 0x54, 0xff, 0xff, 0xff, 0xff, 0xff,
    0xff, 0xff, 0xff, 0xff, 0xff, 0xff, 0xff, 0xec,
    0x0, 0x0, 0x55, 0xff, 0x14, 0x0, 0x0, 0x0,
    0x68, 0xff, 0x0, 0x0, 0x0, 0x0, 0x7c, 0xec,
    0x0, 0x0, 0x60, 0xff, 0x11, 0x0, 0x0, 0x0,
    0x68, 0xff, 0x0, 0x0, 0x0, 0x0, 0x7c, 0xec,
    0x0, 0x0, 0x6c, 0xff, 0x4d, 0x48, 0x48, 0x48,
    0x92, 0xff, 0x48, 0x48, 0x48, 0x48, 0xa1, 0xec,
    0x0, 0x0, 0x8e, 0xff, 0xff, 0xff, 0xff, 0xff,
    0xff, 0xff, 0xff, 0xff, 0xff, 0xff, 0xff, 0xec,
    0x0, 0x0, 0xbb, 0xcc, 0x10, 0x10, 0x10, 0x10,
    0x71, 0xff, 0x10, 0x10, 0x10, 0x10, 0x84, 0xec,
    0x0, 0xc, 0xf7, 0x96, 0x0, 0x0, 0x0, 0x0,
    0x68, 0xff, 0x0, 0x0, 0x0, 0x0, 0x7c, 0xec,
    0x0, 0x5a, 0xff, 0x4c, 0x0, 0x0, 0x0, 0x0,
    0x68, 0xff, 0x0, 0x0, 0x0, 0x0, 0x7e, 0xec,
    0x0, 0xc7, 0xe7, 0x5, 0x0, 0x0, 0x0, 0x0,
    0x68, 0xff, 0x0, 0x9, 0x7b, 0x6c, 0xce, 0xdd,
    0x10, 0xd7, 0x72, 0x0, 0x0, 0x0, 0x0, 0x0,
    0x34, 0x80, 0x0, 0x0, 0xd5, 0xf8, 0xf3, 0x69,
    0x0, 0x2, 0x4, 0x0, 0x0, 0x0, 0x0, 0x0,
    0x0, 0x0, 0x0, 0x0, 0x0, 0x0, 0x0, 0x0,

    /* U+767D "白" */
    0x0, 0x0, 0x0, 0x0, 0x0, 0x11, 0x69, 0x22,
    0x0, 0x0, 0x0, 0x0, 0x0, 0x0, 0x0, 0x0,
    0x0, 0x0, 0x0, 0x57, 0xff, 0x49, 0x0, 0x0,
    0x0, 0x0, 0x0, 0x0, 0xe, 0x24, 0x24, 0x24,
    0x24, 0xc3, 0xe7, 0x25, 0x24, 0x24, 0x24, 0x24,
    0x24, 0x24, 0x68, 0xff, 0xff, 0xff, 0xff, 0xff,
    0xff, 0xff, 0xff, 0xff, 0xff, 0xff, 0xff, 0xff,
    0x68, 0xff, 0x4, 0x4, 0x4, 0x4, 0x4, 0x4,
    0x4, 0x4, 0x4, 0x4, 0x6a, 0xff, 0x68, 0xff,
    0x0, 0x0, 0x0, 0x0, 0x0, 0x0, 0x0, 0x0,
    0x0, 0x0, 0x68, 0xff, 0x68, 0xff, 0x0, 0x0,
    0x0, 0x0, 0x0, 0x0, 0x0, 0x0, 0x0, 0x0,
    0x68, 0xff, 0x68, 0xff, 0x0, 0x0, 0x0, 0x0,
    0x0, 0x0, 0x0, 0x0, 0x0, 0x0, 0x68, 0xff,
    0x68, 0xff, 0xff, 0xff, 0xff, 0xff, 0xff, 0xff,
    0xff, 0xff, 0xff, 0xff, 0xff, 0xff, 0x68, 0xff,
    0x58, 0x58, 0x58, 0x58, 0x58, 0x58, 0x58, 0x58,
    0x58, 0x58, 0x9c, 0xff, 0x68, 0xff, 0x0, 0x0,
    0x0, 0x0, 0x0, 0x0, 0x0, 0x0, 0x0, 0x0,
    0x68, 0xff, 0x68, 0xff, 0x0, 0x0, 0x0, 0x0,
    0x0, 0x0, 0x0, 0x0, 0x0, 0x0, 0x68, 0xff,
    0x68, 0xff, 0x0, 0x0, 0x0, 0x0, 0x0, 0x0,
    0x0, 0x0, 0x0, 0x0, 0x68, 0xff, 0x68, 0xff,
    0x20, 0x20, 0x20, 0x20, 0x20, 0x20, 0x20, 0x20,
    0x20, 0x20, 0x7b, 0xff, 0x68, 0xff, 0xff, 0xff,
    0xff, 0xff, 0xff, 0xff, 0xff, 0xff, 0xff, 0xff,
    0xff, 0xff, 0x68, 0xff, 0x38, 0x38, 0x38, 0x38,
    0x38, 0x38, 0x38, 0x38, 0x38, 0x38, 0x89, 0xff,
    0x61, 0xf0, 0x0, 0x0, 0x0, 0x0, 0x0, 0x0,
    0x0, 0x0, 0x0, 0x0, 0x68, 0xff,

    /* U+7801 "码" */
    0x0, 0x58, 0x58, 0x58, 0x58, 0x58, 0x58, 0x29,
    0xf8, 0xff, 0xff, 0xff, 0xff, 0xff, 0xff, 0x51,
    0x0, 0x0, 0xff, 0xff, 0xff, 0xff, 0xff, 0xff,
    0x78, 0x26, 0x28, 0x28, 0x28, 0x28, 0x46, 0xff,
    0x2e, 0x0, 0x0, 0x0, 0x2, 0xee, 0x73, 0x0,
    0x0, 0x0, 0x0, 0x39, 0x16, 0x0, 0x0, 0x48,
    0xff, 0xc, 0x0, 0x0, 0x0, 0x33, 0xff, 0x2b,
    0x0, 0x0, 0x0, 0xc, 0xff, 0x6a, 0x0, 0x0,
    0x6e, 0xe8, 0x0, 0x0, 0x0, 0x0, 0x81, 0xde,
    0x0, 0x0, 0x0, 0x0, 0x34, 0xff, 0x3d, 0x0,
    0x0, 0x94, 0xc5, 0x0, 0x0, 0x0, 0x0, 0xd6,
    0x86, 0x0, 0x0, 0x0, 0x0, 0x5c, 0xff, 0x11,
    0x0, 0x0, 0xba, 0xa2, 0x0, 0x0, 0x0, 0x40,
    0xff, 0xca, 0xb4, 0xb4, 0x89, 0x0, 0x84, 0xe3,
    0x0, 0x0, 0x0, 0xe0, 0x7f, 0x0, 0x0, 0x0,
    0xb6, 0xff, 0xeb, 0x94, 0xd0, 0xc4, 0x0, 0xac,
    0xd5, 0x58, 0x58, 0x59, 0xfd, 0x98, 0x58, 0x33,
    0x3b, 0xff, 0xba, 0xd0, 0x0, 0x90, 0xc4, 0x0,
    0xd4, 0xff, 0xff, 0xff, 0xff, 0xff, 0xff, 0xff,
    0x8b, 0x9, 0x78, 0x74, 0xd0, 0x0, 0x90, 0xc4,
    0x0, 0x0, 0x0, 0x0, 0x0, 0x0, 0x0, 0x0,
    0xf9, 0x7c, 0x0, 0x0, 0x74, 0xd0, 0x0, 0x90,
    0xc4, 0x25, 0x50, 0x50, 0x50, 0x50, 0x50, 0x49,
    0x3, 0xff, 0x6a, 0x0, 0x0, 0x74, 0xd0, 0x0,
    0x90, 0xc4, 0x69, 0xe0, 0xe0, 0xe0, 0xe0, 0xe0,
    0xce, 0x13, 0xff, 0x53, 0x0, 0x0, 0x74, 0xff,
    0xff, 0xff, 0xc4, 0x0, 0x0, 0x0, 0x0, 0x0,
    0x0, 0x0, 0x2b, 0xff, 0x37, 0x0, 0x0, 0x74,
    0xd7, 0x28, 0xa1, 0xc4, 0x0, 0x0, 0x0, 0x0,
    0x0, 0x0, 0x0, 0x55, 0xff, 0x11, 0x0, 0x0,
    0x74, 0xd0, 0x0, 0x14, 0x1b, 0x0, 0x0, 0x0,
    0x0, 0x36, 0x68, 0x6d, 0xcb, 0xd0, 0x0, 0x0,
    0x0, 0x0, 0x0, 0x0, 0x0, 0x0, 0x0, 0x0,
    0x0, 0x0, 0x59, 0xff, 0xff, 0xda, 0x36, 0x0,

    /* U+793A "示" */
    0x0, 0x10, 0xff, 0xff, 0xff, 0xff, 0xff, 0xff,
    0xff, 0xff, 0xff, 0xff, 0xff, 0xff, 0xbc, 0x0,
    0x0, 0x0, 0x5, 0x58, 0x58, 0x58, 0x58, 0x58,
    0x58, 0x58, 0x58, 0x58, 0x58, 0x58, 0x58, 0x40,
    0x0, 0x0, 0x0, 0x0, 0x0, 0x0, 0x0, 0x0,
    0x0, 0x0, 0x0, 0x0, 0x0, 0x0, 0x0, 0x0,
    0x0, 0x0, 0x0, 0x0, 0x0, 0x0, 0x0, 0x0,
    0x0, 0x0, 0x0, 0x0, 0x0, 0x0, 0x0, 0x0,
    0x0, 0x0, 0x0, 0x0, 0x6, 0x14, 0x14, 0x14,
    0x14, 0x14, 0x14, 0x14, 0x14, 0x14, 0x14, 0x14,
    0x14, 0x14, 0x14, 0x14, 0x0, 0x54, 0xff, 0xff,
    0xff, 0xff, 0xff, 0xff, 0xff, 0xff, 0xff, 0xff,
    0xff, 0xff, 0xff, 0xff, 0xff, 0x0, 0x16, 0x44,
    0x44, 0x44, 0x44, 0x44, 0x44, 0x7b, 0xff, 0x58,
    0x44, 0x44, 0x44, 0x44, 0x44, 0x44, 0x0, 0x0,
    0x0, 0x0, 0x0, 0x0, 0x0, 0x0, 0x4c, 0xff,
    0x1c, 0x0, 0x0, 0x0, 0x0, 0x0, 0x0, 0x0,
    0x0, 0x0, 0x0, 0x8, 0x8e, 0x17, 0x0, 0x4c,
    0xff, 0x1c, 0x0, 0x65, 0x5f, 0x0, 0x0, 0x0,
    0x0, 0x0, 0x0, 0x0, 0x7e, 0xff, 0x40, 0x0,
    0x4c, 0xff, 0x1c, 0x1, 0xb1, 0xfa, 0x44, 0x0,
    0x0, 0x0, 0x0, 0x0, 0x1f, 0xf6, 0xb6, 0x0,
    0x0, 0x4c, 0xff, 0x1c, 0x0, 0xc, 0xd1, 0xf1,
    0x2d, 0x0, 0x0, 0x0, 0x2, 0xb9, 0xf9, 0x26,
    0x0, 0x0, 0x4c, 0xff, 0x1c, 0x0, 0x0, 0x1f,
    0xea, 0xd7, 0x9, 0x0, 0x0, 0x85, 0xff, 0x7e,
    0x0, 0x0, 0x0, 0x4c, 0xff, 0x1c, 0x0, 0x0,
    0x0, 0x52, 0xff, 0x94, 0x0, 0x4f, 0xfe, 0xc7,
    0x4, 0x0, 0x0, 0x0, 0x4c, 0xff, 0x1c, 0x0,
    0x0, 0x0, 0x0, 0xab, 0xff, 0x34, 0x4d, 0xdc,
    0x1b, 0x0, 0x7, 0x70, 0x5f, 0xad, 0xff, 0x10,
    0x0, 0x0, 0x0, 0x0, 0x16, 0x8b, 0x1, 0x0,
    0x6, 0x0, 0x0, 0x0, 0xdd, 0xfb, 0xf2, 0x9d,
    0x0, 0x0, 0x0, 0x0, 0x0, 0x0, 0x0, 0x0,

    /* U+7A7A "空" */
    0x0, 0x0, 0x0, 0x0, 0x0, 0x0, 0x1, 0x6c,
    0x5a, 0x0, 0x0, 0x0, 0x0, 0x0, 0x0, 0x0,
    0x0, 0x0, 0x0, 0x0, 0x0, 0x0, 0x0, 0x0,
    0xa7, 0xe8, 0x8, 0x0, 0x0, 0x0, 0x0, 0x0,
    0x0, 0x0, 0x68, 0xff, 0xff, 0xff, 0xff, 0xff,
    0xff, 0xff, 0xff, 0xff, 0xff, 0xff, 0xff, 0xff,
    0xff, 0xff, 0x0, 0x68, 0xff, 0x28, 0x28, 0x28,
    0x28, 0x28, 0x28, 0x28, 0x28, 0x28, 0x28, 0x28,
    0x28, 0x7f, 0xff, 0x0, 0x68, 0xff, 0x0, 0x0,
    0x0, 0x3e, 0x7a, 0x0, 0x0, 0x6, 0x82, 0x1e,
    0x0, 0x0, 0x68, 0xff, 0x0, 0xd, 0x20, 0x0,
    0x1, 0x6f, 0xf8, 0xc2, 0x4, 0x0, 0x3e, 0xf0,
    0xf7, 0x8a, 0xf, 0xd, 0x20, 0x0, 0x0, 0x0,
    0x3c, 0xc8, 0xff, 0xa9, 0xa, 0x0, 0x0, 0x0,
    0x15, 0x99, 0xfd, 0xe2, 0x40, 0x0, 0x0, 0x9,
    0xc2, 0xff, 0xe8, 0x60, 0x0, 0x0, 0x0, 0x0,
    0x0, 0x0, 0x0, 0x3c, 0xe5, 0xfd, 0x7e, 0x0,
    0x0, 0x87, 0x72, 0xd, 0x0, 0x0, 0x0, 0x0,
    0x0, 0x0, 0x0, 0x0, 0x0, 0x16, 0xb7, 0x49,
    0x0, 0x0, 0xe, 0x68, 0x68, 0x68, 0x68, 0x68,
    0x68, 0x68, 0x68, 0x68, 0x68, 0x68, 0x68, 0x68,
    0x9, 0x0, 0x0, 0x24, 0xff, 0xff, 0xff, 0xff,
    0xff, 0xff, 0xff, 0xff, 0xff, 0xff, 0xff, 0xff,
    0xff, 0x18, 0x0, 0x0, 0x0, 0x0, 0x0, 0x0,
    0x0, 0x0, 0x50, 0xff, 0x18, 0x0, 0x0, 0x0,
    0x0, 0x0, 0x0, 0x0, 0x0, 0x0, 0x0, 0x0,
    0x0, 0x0, 0x0, 0x50, 0xff, 0x18, 0x0, 0x0,
    0x0, 0x0, 0x0, 0x0, 0x0, 0x0, 0x0, 0x0,
    0x0, 0x0, 0x0, 0x0, 0x50, 0xff, 0x18, 0x0,
    0x0, 0x0, 0x0, 0x0, 0x0, 0x0, 0xb, 0x58,
    0x58, 0x58, 0x58, 0x58, 0x58, 0x8c, 0xff, 0x67,
    0x58, 0x58, 0x58, 0x58, 0x58, 0x58, 0xc, 0x20,
    0xff, 0xff, 0xff, 0xff, 0xff, 0xff, 0xff, 0xff,
    0xff, 0xff, 0xff, 0xff, 0xff, 0xff, 0xff, 0x24,

    /* U+7EA2 "红" */
    0x0, 0x0, 0x0, 0x60, 0xbd, 0x4, 0x0, 0x0,
    0x0, 0x0, 0x0, 0x0, 0x0, 0x0, 0x0, 0x0,
    0x0, 0x0, 0x0, 0x0, 0xbd, 0xb8, 0x0, 0x0,
    0x38, 0xff, 0xff, 0xff, 0xff, 0xff, 0xff, 0xff,
    0xff, 0xa4, 0x0, 0x0, 0x29, 0xfe, 0x4d, 0x4,
    0x2, 0x13, 0x58, 0x58, 0x58, 0xb6, 0xe5, 0x58,
    0x58, 0x58, 0x38, 0x0, 0x0, 0xa4, 0xd0, 0x1,
    0x72, 0xdc, 0x7, 0x0, 0x0, 0x0, 0x90, 0xd8,
    0x0, 0x0, 0x0, 0x0, 0x0, 0x3b, 0xfd, 0x3f,
    0xd, 0xea, 0x96, 0x0, 0x0, 0x0, 0x0, 0x90,
    0xd8, 0x0, 0x0, 0x0, 0x0, 0x0, 0xc9, 0xec,
    0xb7, 0xdc, 0xf5, 0x1b, 0x0, 0x0, 0x0, 0x0,
    0x90, 0xd8, 0x0, 0x0, 0x0, 0x0, 0x0, 0x8b,
    0xa3, 0xa3, 0xff, 0x7d, 0x0, 0x0, 0x0, 0x0,
    0x0, 0x90, 0xd8, 0x0, 0x0, 0x0, 0x0, 0x0,
    0x0, 0x5, 0xcf, 0xd3, 0x6, 0x0, 0x0, 0x0,
    0x0, 0x0, 0x90, 0xd8, 0x0, 0x0, 0x0, 0x0,
    0x0, 0x0, 0x88, 0xf7, 0x31, 0x0, 0x8, 0x0,
    0x0, 0x0, 0x0, 0x90, 0xd8, 0x0, 0x0, 0x0,
    0x0, 0x0, 0x63, 0xff, 0xa9, 0x90, 0xdd, 0x92,
    0x0, 0x0, 0x0, 0x0, 0x90, 0xd8, 0x0, 0x0,
    0x0, 0x0, 0x0, 0xe8, 0xff, 0xf9, 0xbf, 0x6c,
    0x19, 0x0, 0x0, 0x0, 0x0, 0x90, 0xd8, 0x0,
    0x0, 0x0, 0x0, 0x0, 0x48, 0x3a, 0x7, 0x0,
    0x0, 0x0, 0x0, 0x0, 0x0, 0x0, 0x90, 0xd8,
    0x0, 0x0, 0x0, 0x0, 0x0, 0x0, 0x0, 0x7,
    0x3f, 0x83, 0x9f, 0x0, 0x0, 0x0, 0x0, 0x90,
    0xd8, 0x0, 0x0, 0x0, 0x0, 0xb, 0x94, 0xca,
    0xf9, 0xff, 0xe9, 0x94, 0x0, 0x0, 0x0, 0x0,
    0x90, 0xd8, 0x0, 0x0, 0x0, 0x0, 0x0, 0xd0,
    0xca, 0x87, 0x40, 0x3, 0x0, 0x51, 0x58, 0x58,
    0x58, 0xb6, 0xe5, 0x58, 0x58, 0x58, 0x58, 0x0,
    0x3, 0x0, 0x0, 0x0, 0x0, 0x0, 0xec, 0xff,
    0xff, 0xff, 0xff, 0xff, 0xff, 0xff, 0xff, 0xff,

    /* U+7EAF "纯" */
    0x0, 0x0, 0x2b, 0xcf, 0x23, 0x0, 0x0, 0x0,
    0x0, 0x0, 0x8c, 0xdc, 0x0, 0x0, 0x0, 0x0,
    0x0, 0x0, 0x0, 0x82, 0xf1, 0x8, 0x0, 0x0,
    0x0, 0x0, 0x0, 0x8c, 0xdc, 0x0, 0x0, 0x0,
    0x0, 0x0, 0x0, 0x4, 0xe5, 0x94, 0x0, 0x0,
    0x5, 0x50, 0x50, 0x50, 0xb0, 0xe7, 0x50, 0x50,
    0x50, 0x50, 0x0, 0x0, 0x60, 0xfb, 0x24, 0x16,
    0x94, 0x2a, 0xff, 0xff, 0xff, 0xff, 0xff, 0xff,
    0xff, 0xff, 0xff, 0x0, 0xb, 0xe1, 0x95, 0x0,
    0x97, 0xed, 0xf, 0x8, 0x8, 0x8, 0x8f, 0xdd,
    0x8, 0x8, 0x8, 0x8, 0x0, 0x87, 0xfd, 0x82,
    0x8f, 0xfb, 0x74, 0x0, 0x56, 0x9b, 0x0, 0x8c,
    0xdc, 0x0, 0x43, 0xa3, 0x0, 0x0, 0x7d, 0xde,
    0xb7, 0xfc, 0xd6, 0x5, 0x0, 0x80, 0xe8, 0x0,
    0x8c, 0xdc, 0x0, 0x64, 0xf4, 0x0, 0x0, 0x0,
    0x0, 0x7f, 0xfc, 0x3a, 0x0, 0x0, 0x80, 0xe8,
    0x0, 0x8c, 0xdc, 0x0, 0x64, 0xf4, 0x0, 0x0,
    0x0, 0x39, 0xfb, 0x7e, 0x0, 0x0, 0x0, 0x80,
    0xe8, 0x0, 0x8c, 0xdc, 0x0, 0x64, 0xf4, 0x0,
    0x0, 0x27, 0xeb, 0xce, 0x68, 0xae, 0xb6, 0x0,
    0x80, 0xee, 0x40, 0xa9, 0xe5, 0x40, 0x8b, 0xf4,
    0x0, 0x0, 0xaf, 0xff, 0xff, 0xe1, 0x92, 0x3f,
    0x0, 0x7a, 0xf4, 0xf4, 0xfa, 0xfe, 0xf4, 0xf8,
    0xf4, 0x0, 0x0, 0x3b, 0x53, 0x1d, 0x0, 0x0,
    0x0, 0x0, 0x0, 0x0, 0x0, 0x8c, 0xdc, 0x0,
    0x64, 0xf4, 0x0, 0x0, 0x0, 0x0, 0x16, 0x51,
    0x95, 0xd7, 0x10, 0x0, 0x0, 0x0, 0x8c, 0xdc,
    0x0, 0x0, 0x0, 0x0, 0x0, 0x93, 0xe1, 0xff,
    0xff, 0xd0, 0x84, 0x11, 0x0, 0x0, 0x0, 0x8c,
    0xdc, 0x0, 0x0, 0xe, 0xd3, 0x32, 0x6a, 0x93,
    0x57, 0x19, 0x0, 0x0, 0x0, 0x0, 0x0, 0x0,
    0x8a, 0xf0, 0x35, 0x2c, 0x79, 0xff, 0x25, 0x0,
    0x0, 0x0, 0x0, 0x0, 0x0, 0x0, 0x0, 0x0,
    0x0, 0x47, 0xe6, 0xfc, 0xfd, 0xed, 0x94, 0x0,

    /* U+7EC4 "组" */
    0x0, 0x0, 0x0, 0x36, 0x67, 0x3, 0x0, 0x0,
    0x0, 0x0, 0x0, 0x0, 0x0, 0x0, 0x0, 0x0,
    0x0, 0x0, 0x0, 0x0, 0x0, 0xa0, 0xd6, 0x0,
    0x0, 0x0, 0x74, 0xff, 0xff, 0xff, 0xff, 0xff,
    0xff, 0xcc, 0x0, 0x0, 0x0, 0x0, 0xf, 0xf3,
    0x76, 0x0, 0x0, 0x0, 0x74, 0xe8, 0x28, 0x28,
    0x28, 0x28, 0x9e, 0xcc, 0x0, 0x0, 0x0, 0x0,
    0x75, 0xf3, 0x12, 0x40, 0x8c, 0x5, 0x74, 0xe4,
    0x0, 0x0, 0x0, 0x0, 0x8c, 0xcc, 0x0, 0x0,
    0x0, 0x11, 0xed, 0x81, 0x0, 0xc3, 0xba, 0x0,
    0x74, 0xe4, 0x0, 0x0, 0x0, 0x0, 0x8c, 0xcc,
    0x0, 0x0, 0x0, 0xa5, 0xe8, 0x42, 0x71, 0xfe,
    0x34, 0x0, 0x74, 0xe9, 0x34, 0x34, 0x34, 0x34,
    0xa3, 0xcc, 0x0, 0x0, 0x0, 0xc7, 0xff, 0xf1,
    0xff, 0x9a, 0x0, 0x0, 0x74, 0xff, 0xff, 0xff,
    0xff, 0xff, 0xff, 0xcc, 0x0, 0x0, 0x0, 0x22,
    0x13, 0x95, 0xe3, 0x11, 0x0, 0x0, 0x74, 0xe4,
    0x0, 0x0, 0x0, 0x0, 0x8c, 0xcc, 0x0, 0x0,
    0x0, 0x0, 0x59, 0xfc, 0x41, 0x0, 0x0, 0x0,
    0x74, 0xe4, 0x0, 0x0, 0x0, 0x0, 0x8c, 0xcc,
    0x0, 0x0, 0x0, 0x4c, 0xf9, 0xa4, 0x73, 0xb6,
    0x7c, 0x0, 0x74, 0xe4, 0x0, 0x0, 0x0, 0x0,
    0x8c, 0xcc, 0x0, 0x0, 0x1, 0xe8, 0xff, 0xf3,
    0xba, 0x6e, 0x1f, 0x0, 0x74, 0xff, 0xff, 0xff,
    0xff, 0xff, 0xff, 0xcc, 0x0, 0x0, 0x0, 0x3c,
    0x2a, 0x2, 0x0, 0x0, 0x0, 0x0, 0x74, 0xe8,
    0x28, 0x28, 0x28, 0x28, 0x9e, 0xcc, 0x0, 0x0,
    0x0, 0x0, 0x0, 0x5, 0x3b, 0x7f, 0x99, 0x0,
    0x74, 0xe4, 0x0, 0x0, 0x0, 0x0, 0x8c, 0xcc,
    0x0, 0x0, 0xc, 0x8d, 0xc5, 0xf7, 0xff, 0xed,
    0x96, 0x0, 0x74, 0xe4, 0x0, 0x0, 0x0, 0x0,
    0x8c, 0xcc, 0x0, 0x0, 0x0, 0xdc, 0xda, 0x94,
    0x4a, 0x5, 0x0, 0x58, 0xa4, 0xed, 0x58, 0x58,
    0x58, 0x58, 0xb3, 0xdd, 0x58, 0xb, 0x0, 0xc,
    0x0, 0x0, 0x0, 0x0, 0x0, 0xff, 0xff, 0xff,
    0xff, 0xff, 0xff, 0xff, 0xff, 0xff, 0xff, 0x20,

    /* U+7F51 "网" */
    0x3c, 0xff, 0xff, 0xff, 0xff, 0xff, 0xff, 0xff,
    0xff, 0xff, 0xff, 0xff, 0xff, 0xff, 0xff, 0x50,
    0x3c, 0xff, 0x74, 0x58, 0x58, 0x58, 0x58, 0x58,
    0x58, 0x58, 0x58, 0x58, 0x58, 0x67, 0xff, 0x50,
    0x3c, 0xff, 0x2c, 0x0, 0x0, 0x2, 0xad, 0x3b,
    0x0, 0x0, 0x0, 0x6e, 0x7f, 0x18, 0xff, 0x50,
    0x3c, 0xff, 0x2c, 0x3e, 0x20, 0x18, 0xff, 0x50,
    0x69, 0x8, 0x0, 0xbf, 0xb2, 0x18, 0xff, 0x50,
    0x3c, 0xff, 0x2f, 0xc8, 0xc8, 0x3e, 0xff, 0x4f,
    0xf8, 0x88, 0x0, 0xe9, 0x8a, 0x18, 0xff, 0x50,
    0x3c, 0xff, 0x2c, 0x21, 0xf2, 0xd6, 0xf8, 0x7,
    0x7e, 0xfb, 0x55, 0xff, 0x5a, 0x18, 0xff, 0x50,
    0x3c, 0xff, 0x2c, 0x0, 0x72, 0xff, 0xc6, 0x0,
    0x6, 0xd6, 0xf7, 0xfd, 0x15, 0x18, 0xff, 0x50,
    0x3c, 0xff, 0x2c, 0x0, 0x7, 0xf7, 0xb9, 0x0,
    0x0, 0x3d, 0xfe, 0xc9, 0x0, 0x18, 0xff, 0x50,
    0x3c, 0xff, 0x2c, 0x0, 0x50, 0xff, 0xff, 0x31,
    0x0, 0x28, 0xfc, 0xe3, 0x7, 0x18, 0xff, 0x50,
    0x3c, 0xff, 0x2c, 0x0, 0xba, 0xd7, 0xd3, 0xb1,
    0x0, 0xb1, 0xf3, 0xfc, 0x69, 0x18, 0xff, 0x50,
    0x3c, 0xff, 0x2c, 0x41, 0xfe, 0x5c, 0x6a, 0xdf,
    0x5b, 0xff, 0x70, 0xa7, 0xe2, 0x1e, 0xff, 0x50,
    0x3c, 0xff, 0x37, 0xde, 0xd5, 0x3, 0x7, 0x27,
    0xef, 0xd0, 0x4, 0x30, 0xff, 0x6a, 0xff, 0x50,
    0x3c, 0xff, 0x8b, 0xf7, 0x2e, 0x0, 0x0, 0x92,
    0xe6, 0x1f, 0x0, 0x0, 0x73, 0x1c, 0xff, 0x50,
    0x3c, 0xff, 0x30, 0x48, 0x0, 0x0, 0x0, 0x13,
    0x2e, 0x0, 0x0, 0x0, 0x0, 0x18, 0xff, 0x50,
    0x3c, 0xff, 0x2c, 0x0, 0x0, 0x0, 0x0, 0x0,
    0x0, 0x0, 0x0, 0x51, 0x71, 0x96, 0xff, 0x41,
    0x3c, 0xff, 0x2c, 0x0, 0x0, 0x0, 0x0, 0x0,
    0x0, 0x0, 0x0, 0x64, 0xef, 0xf6, 0xa9, 0x4,
    0x4, 0x14, 0x3, 0x0, 0x0, 0x0, 0x0, 0x0,
    0x0, 0x0, 0x0, 0x0, 0x0, 0x0, 0x0, 0x0,

    /* U+7F6E "置" */
    0x0, 0xa0, 0xff, 0xff, 0xff, 0xff, 0xff, 0xff,
    0xff, 0xff, 0xff, 0xff, 0xff, 0xff, 0x74, 0x0,
    0x0, 0xa0, 0xc1, 0x20, 0x20, 0xa8, 0xb3, 0x20,
    0x20, 0xc8, 0x93, 0x20, 0x20, 0xd6, 0x74, 0x0,
    0x0, 0xa0, 0xea, 0xb4, 0xb4, 0xe2, 0xe5, 0xb4,
    0xb4, 0xed, 0xdb, 0xb4, 0xb4, 0xf1, 0x74, 0x0,
    0x0, 0x78, 0xc0, 0xc0, 0xc0, 0xc0, 0xc0, 0xff,
    0xff, 0xc0, 0xc0, 0xc0, 0xc0, 0xc0, 0x57, 0x0,
    0xf, 0x28, 0x28, 0x28, 0x28, 0x28, 0x28, 0xcd,
    0xb1, 0x28, 0x28, 0x28, 0x28, 0x28, 0x28, 0x9,
    0x64, 0xff, 0xff, 0xff, 0xff, 0xff, 0xff, 0xff,
    0xff, 0xff, 0xff, 0xff, 0xff, 0xff, 0xff, 0x3c,
    0x0, 0x0, 0x34, 0x68, 0x68, 0x68, 0x68, 0xf5,
    0xab, 0x68, 0x68, 0x68, 0x68, 0x3f, 0x0, 0x0,
    0x0, 0x0, 0x80, 0xea, 0x74, 0x74, 0x74, 0x74,
    0x74, 0x74, 0x74, 0x74, 0xcf, 0x9c, 0x0, 0x0,
    0x0, 0x0, 0x80, 0xff, 0xff, 0xff, 0xff, 0xff,
    0xff, 0xff, 0xff, 0xff, 0xff, 0x9c, 0x0, 0x0,
    0x0, 0x0, 0x80, 0xdd, 0x20, 0x20, 0x20, 0x20,
    0x20, 0x20, 0x20, 0x20, 0xb3, 0x9c, 0x0, 0x0,
    0x0, 0x0, 0x80, 0xff, 0xff, 0xff, 0xff, 0xff,
    0xff, 0xff, 0xff, 0xff, 0xff, 0x9c, 0x0, 0x0,
    0x0, 0x0, 0x80, 0xdd, 0x20, 0x20, 0x20, 0x20,
    0x20, 0x20, 0x20, 0x20, 0xb3, 0x9c, 0x0, 0x0,
    0x0, 0x0, 0x80, 0xff, 0xff, 0xff, 0xff, 0xff,
    0xff, 0xff, 0xff, 0xff, 0xff, 0x9c, 0x0, 0x0,
    0x26, 0x28, 0x94, 0xe0, 0x38, 0x38, 0x38, 0x38,
    0x38, 0x38, 0x38, 0x38, 0xbb, 0xab, 0x28, 0x28,
    0xf4, 0xff, 0xff, 0xff, 0xff, 0xff, 0xff, 0xff,
    0xff, 0xff, 0xff, 0xff, 0xff, 0xff, 0xff, 0xff,

    /* U+8272 "色" */
    0x0, 0x0, 0x0, 0x0, 0x0, 0xf, 0x6f, 0x1e,
    0x0, 0x0, 0x0, 0x0, 0x0, 0x0, 0x0, 0x0,
    0x0, 0x0, 0x0, 0x0, 0x0, 0x0, 0xa0, 0xf8,
    0x2c, 0x4, 0x4, 0x4, 0x4, 0x2, 0x0, 0x0,
    0x0, 0x0, 0x0, 0x0, 0x0, 0x0, 0x76, 0xff,
    0xff, 0xff, 0xff, 0xff, 0xff, 0xff, 0x90, 0x0,
    0x0, 0x0, 0x0, 0x0, 0x0, 0x0, 0x78, 0xfe,
    0x7b, 0x24, 0x24, 0x24, 0x24, 0x59, 0xff, 0x42,
    0x0, 0x0, 0x0, 0x0, 0x0, 0xb, 0xa0, 0xff,
    0x7a, 0x0, 0x0, 0x0, 0x0, 0x6, 0xcb, 0xa0,
    0x0, 0x0, 0x0, 0x0, 0x0, 0x1, 0xd1, 0xfa,
    0xff, 0xff, 0xff, 0xff, 0xff, 0xff, 0xff, 0xff,
    0xff, 0xff, 0xff, 0xff, 0x28, 0x0, 0x0, 0x66,
    0x45, 0xff, 0x68, 0x28, 0x28, 0x28, 0x49, 0xff,
    0x28, 0x28, 0x28, 0x28, 0xff, 0x28, 0x0, 0x0,
    0x0, 0x1c, 0xff, 0x4c, 0x0, 0x0, 0x0, 0x28,
    0xff, 0x0, 0x0, 0x0, 0x0, 0xff, 0x28, 0x0,
    0x0, 0x0, 0x1c, 0xff, 0x4c, 0x0, 0x0, 0x0,
    0x28, 0xff, 0x0, 0x0, 0x0, 0x0, 0xff, 0x28,
    0x0, 0x0, 0x0, 0x1c, 0xff, 0x5a, 0x14, 0x14,
    0x14, 0x38, 0xff, 0x14, 0x14, 0x14, 0x14, 0xff,
    0x28, 0x0, 0x0, 0x0, 0x1c, 0xff, 0xff, 0xff,
    0xff, 0xff, 0xff, 0xff, 0xff, 0xff, 0xff, 0xff,
    0xff, 0x28, 0x0, 0x0, 0x0, 0x1c, 0xff, 0x5a,
    0x14, 0x14, 0x14, 0x14, 0x14, 0x14, 0x14, 0x14,
    0x14, 0x14, 0x3, 0x0, 0x0, 0x0, 0x1c, 0xff,
    0x4c, 0x0, 0x0, 0x0, 0x0, 0x0, 0x0, 0x0,
    0x0, 0x0, 0x0, 0x5e, 0x2a, 0x0, 0x0, 0x1c,
    0xff, 0x4c, 0x0, 0x0, 0x0, 0x0, 0x0, 0x0,
    0x0, 0x0, 0x0, 0x0, 0xca, 0xac, 0x0, 0x0,
    0x10, 0xfe, 0xba, 0x6a, 0x5e, 0x5a, 0x58, 0x58,
    0x59, 0x5d, 0x65, 0x73, 0x95, 0xfe, 0x61, 0x0,
    0x0, 0x0, 0x7b, 0xd4, 0xea, 0xf6, 0xfc, 0xff,
    0xff, 0xff, 0xfb, 0xf4, 0xe9, 0xd6, 0x9e, 0x5,

    /* U+8679 "虹" */
    0x0, 0x0, 0x0, 0x68, 0xff, 0x0, 0x0, 0x0,
    0x0, 0x0, 0x0, 0x0, 0x0, 0x0, 0x0, 0x0,
    0x0, 0x0, 0x0, 0x0, 0x68, 0xff, 0x0, 0x0,
    0x0, 0xff, 0xff, 0xff, 0xff, 0xff, 0xff, 0xff,
    0xff, 0x84, 0x0, 0x0, 0x0, 0x68, 0xff, 0x0,
    0x0, 0x0, 0x58, 0x58, 0x58, 0xa9, 0xff, 0x58,
    0x58, 0x58, 0x2d, 0x0, 0x28, 0x28, 0x7f, 0xff,
    0x28, 0x28, 0xd, 0x0, 0x0, 0x0, 0x7c, 0xff,
    0x0, 0x0, 0x0, 0x0, 0x0, 0xff, 0xff, 0xff,
    0xff, 0xff, 0xff, 0x58, 0x0, 0x0, 0x0, 0x7c,
    0xff, 0x0, 0x0, 0x0, 0x0, 0x0, 0xff, 0x58,
    0x68, 0xff, 0x0, 0xff, 0x58, 0x0, 0x0, 0x0,
    0x7c, 0xff, 0x0, 0x0, 0x0, 0x0, 0x0, 0xff,
    0x58, 0x68, 0xff, 0x0, 0xff, 0x58, 0x0, 0x0,
    0x0, 0x7c, 0xff, 0x0, 0x0, 0x0, 0x0, 0x0,
    0xff, 0x58, 0x68, 0xff, 0x0, 0xff, 0x58, 0x0,
    0x0, 0x0, 0x7c, 0xff, 0x0, 0x0, 0x0, 0x0,
    0x0, 0xff, 0x58, 0x68, 0xff, 0x0, 0xff, 0x58,
    0x0, 0x0, 0x0, 0x7c, 0xff, 0x0, 0x0, 0x0,
    0x0, 0x0, 0xff, 0xff, 0xff, 0xff, 0xff, 0xff,
    0x58, 0x0, 0x0, 0x0, 0x7c, 0xff, 0x0, 0x0,
    0x0, 0x0, 0x0, 0x28, 0x28, 0x7f, 0xff, 0x28,
    0x28, 0xd, 0x0, 0x0, 0x0, 0x7c, 0xff, 0x0,
    0x0, 0x0, 0x0, 0x0, 0x0, 0x0, 0x68, 0xff,
    0x13, 0x53, 0x0, 0x0, 0x0, 0x0, 0x7c, 0xff,
    0x0, 0x0, 0x0, 0x0, 0x0, 0x0, 0x0, 0x68,
    0xff, 0x26, 0xff, 0x2d, 0x0, 0x0, 0x0, 0x7c,
    0xff, 0x0, 0x0, 0x0, 0x0, 0x0, 0x0, 0x0,
    0x68, 0xff, 0x72, 0xf7, 0x87, 0x0, 0x0, 0x0,
    0x7c, 0xff, 0x0, 0x0, 0x0, 0x0, 0xc, 0x96,
    0xc4, 0xf6, 0xff, 0xe7, 0xd9, 0xfe, 0x58, 0x58,
    0x58, 0xa9, 0xff, 0x58, 0x58, 0x58, 0x52, 0x3,
    0xc2, 0x95, 0x62, 0x29, 0x0, 0x2f, 0xe9, 0xff,
    0xff, 0xff, 0xff, 0xff, 0xff, 0xff, 0xff, 0xf0,

    /* U+8BBE "设" */
    0x0, 0x0, 0x50, 0xe, 0x0, 0x0, 0x0, 0x0,
    0x0, 0x0, 0x0, 0x0, 0x0, 0x0, 0x0, 0x0,
    0x0, 0x27, 0xfb, 0xa9, 0x0, 0x0, 0x0, 0x0,
    0xce, 0xff, 0xff, 0xff, 0xff, 0xfc, 0x0, 0x0,
    0x0, 0x0, 0x7c, 0xff, 0x4c, 0x0, 0x0, 0x0,
    0xdc, 0xa5, 0x58, 0x58, 0x9e, 0xfc, 0x0, 0x0,
    0x0, 0x0, 0x7, 0xe1, 0x8b, 0x0, 0x0, 0x1,
    0xf4, 0x67, 0x0, 0x0, 0x6c, 0xfc, 0x0, 0x0,
    0x0, 0x0, 0x0, 0x15, 0x0, 0x0, 0x0, 0x26,
    0xff, 0x42, 0x0, 0x0, 0x6c, 0xfc, 0x0, 0x0,
    0x1f, 0x28, 0x28, 0x28, 0x0, 0x0, 0x0, 0xa1,
    0xf0, 0xa, 0x0, 0x0, 0x6b, 0xfe, 0x6, 0x0,
    0xcc, 0xff, 0xff, 0xff, 0x0, 0x0, 0x86, 0xff,
    0x5b, 0x0, 0x0, 0x0, 0x41, 0xff, 0xdf, 0xac,
    0x0, 0x0, 0x58, 0xff, 0x0, 0x0, 0x38, 0x50,
    0x0, 0x0, 0x0, 0x0, 0x0, 0x25, 0x3f, 0x34,
    0x0, 0x0, 0x58, 0xff, 0x0, 0x0, 0x20, 0xff,
    0xff, 0xff, 0xff, 0xff, 0xff, 0xff, 0xff, 0x7,
    0x0, 0x0, 0x58, 0xff, 0x0, 0x0, 0x5, 0x36,
    0xfa, 0x7a, 0x28, 0x28, 0x30, 0xee, 0xc1, 0x0,
    0x0, 0x0, 0x58, 0xff, 0x0, 0x0, 0x0, 0x0,
    0xa8, 0xcf, 0x1, 0x0, 0x7d, 0xff, 0x41, 0x0,
    0x0, 0x0, 0x58, 0xff, 0x0, 0x0, 0x0, 0x0,
    0x30, 0xfa, 0x7c, 0x47, 0xfb, 0xa2, 0x0, 0x0,
    0x0, 0x0, 0x58, 0xff, 0x16, 0xb3, 0x1b, 0x0,
    0x0, 0x76, 0xfd, 0xf4, 0xcd, 0xc, 0x0, 0x0,
    0x0, 0x0, 0x58, 0xff, 0xcd, 0xcf, 0xc, 0x0,
    0x1f, 0xa6, 0xff, 0xff, 0xb0, 0x18, 0x0, 0x0,
    0x0, 0x0, 0x45, 0xff, 0xd0, 0x1c, 0x47, 0xa0,
    0xf8, 0xfa, 0x86, 0x6f, 0xf5, 0xf0, 0x84, 0x1a,
    0x0, 0x0, 0x0, 0x4e, 0xe, 0x49, 0xff, 0xf8,
    0xaa, 0x29, 0x0, 0x0, 0x23, 0xac, 0xfd, 0xb1,
    0x0, 0x0, 0x0, 0x0, 0x0, 0x0, 0x53, 0x10,
    0x0, 0x0, 0x0, 0x0, 0x0, 0x0, 0x22, 0x2b,

    /* U+8BF7 "请" */
    0x0, 0x0, 0xa, 0x2b, 0x0, 0x0, 0x0, 0x0,
    0x0, 0x0, 0x9c, 0xcc, 0x0, 0x0, 0x0, 0x0,
    0x0, 0x0, 0x0, 0xbb, 0xe8, 0x16, 0x0, 0x23,
    0x28, 0x28, 0x28, 0xab, 0xd4, 0x28, 0x28, 0x28,
    0x28, 0x14, 0x0, 0x0, 0x33, 0xfb, 0xa2, 0x0,
    0xe4, 0xff, 0xff, 0xff, 0xff, 0xff, 0xff, 0xff,
    0xff, 0xff, 0x84, 0x0, 0x0, 0x0, 0x9e, 0xe7,
    0x10, 0x0, 0x4, 0x4, 0x4, 0x9d, 0xcc, 0x4,
    0x4, 0x4, 0x3, 0x0, 0x0, 0x0, 0x0, 0x12,
    0x9, 0x0, 0x30, 0xff, 0xff, 0xff, 0xff, 0xff,
    0xff, 0xff, 0xff, 0xf4, 0x0, 0x21, 0x6c, 0x6c,
    0x6c, 0x25, 0x0, 0x0, 0x4, 0x4, 0x4, 0x9d,
    0xcc, 0x4, 0x4, 0x4, 0x3, 0x0, 0x3c, 0xc0,
    0xc0, 0xff, 0x58, 0x88, 0xff, 0xff, 0xff, 0xff,
    0xff, 0xff, 0xff, 0xff, 0xff, 0xff, 0xff, 0x0,
    0x0, 0x0, 0xff, 0x58, 0x15, 0x28, 0x28, 0x28,
    0x28, 0x28, 0x28, 0x28, 0x28, 0x28, 0x28, 0x28,
    0x0, 0x0, 0x0, 0xff, 0x58, 0x0, 0x8, 0x20,
    0x20, 0x20, 0x20, 0x20, 0x20, 0x20, 0x20, 0x15,
    0x0, 0x0, 0x0, 0x0, 0xff, 0x58, 0x0, 0x44,
    0xff, 0xff, 0xff, 0xff, 0xff, 0xff, 0xff, 0xff,
    0xac, 0x0, 0x0, 0x0, 0x0, 0xff, 0x58, 0x0,
    0x44, 0xff, 0x3f, 0x20, 0x20, 0x20, 0x20, 0x20,
    0xc4, 0xac, 0x0, 0x0, 0x0, 0x0, 0xff, 0x58,
    0x0, 0x44, 0xff, 0xff, 0xff, 0xff, 0xff, 0xff,
    0xff, 0xff, 0xac, 0x0, 0x0, 0x0, 0x0, 0xff,
    0x65, 0x8a, 0x50, 0xff, 0x2e, 0xc, 0xc, 0xc,
    0xc, 0xc, 0xbf, 0xac, 0x0, 0x0, 0x0, 0x0,
    0xff, 0xef, 0xdc, 0x4b, 0xff, 0xff, 0xff, 0xff,
    0xff, 0xff, 0xff, 0xff, 0xac, 0x0, 0x0, 0x0,
    0x0, 0xff, 0xfe, 0x48, 0x44, 0xff, 0x35, 0x14,
    0x14, 0x14, 0x14, 0x14, 0xc3, 0xac, 0x0, 0x0,
    0x0, 0x0, 0x82, 0x84, 0x0, 0x44, 0xff, 0x24,
    0x0, 0x0, 0x0, 0x6a, 0x62, 0xec, 0xa1, 0x0,
    0x0, 0x0, 0x0, 0x0, 0x1, 0x0, 0x44, 0xff,
    0x24, 0x0, 0x0, 0x0, 0xa7, 0xf7, 0xde, 0x39,
    0x0,

    /* U+8C03 "调" */
    0x0, 0x0, 0x59, 0xe, 0x0, 0x0, 0x0, 0x0,
    0x0, 0x0, 0x0, 0x0, 0x0, 0x0, 0x0, 0x0,
    0x0, 0x29, 0xfb, 0xa8, 0x0, 0x0, 0x0, 0xff,
    0xff, 0xff, 0xff, 0xff, 0xff, 0xff, 0xff, 0xff,
    0x0, 0x0, 0x85, 0xff, 0x49, 0x0, 0x0, 0xff,
    0x49, 0x28, 0x37, 0x50, 0x29, 0x28, 0x72, 0xff,
    0x0, 0x0, 0xc, 0xed, 0x8d, 0x0, 0x0, 0xff,
    0x28, 0x0, 0x60, 0xff, 0xc, 0x0, 0x58, 0xff,
    0x0, 0x0, 0x0, 0x30, 0x0, 0x0, 0x0, 0xff,
    0x2b, 0x28, 0x79, 0xff, 0x32, 0x1e, 0x58, 0xff,
    0x0, 0x0, 0x0, 0x0, 0x0, 0x0, 0x0, 0xff,
    0x40, 0xff, 0xff, 0xff, 0xff, 0xc4, 0x58, 0xff,
    0xaf, 0xdc, 0xe8, 0xff, 0x0, 0x0, 0x0, 0xff,
    0x28, 0x0, 0x60, 0xff, 0xc, 0x0, 0x58, 0xff,
    0x0, 0x0, 0x58, 0xff, 0x0, 0x0, 0x0, 0xff,
    0x68, 0xff, 0xff, 0xff, 0xff, 0xff, 0x68, 0xff,
    0x0, 0x0, 0x58, 0xff, 0x0, 0x0, 0x8, 0xff,
    0x2f, 0x28, 0x28, 0x28, 0x28, 0x28, 0x5a, 0xff,
    0x0, 0x0, 0x58, 0xff, 0x0, 0x0, 0x16, 0xff,
    0x1f, 0x26, 0x28, 0x28, 0x28, 0x1c, 0x58, 0xff,
    0x0, 0x0, 0x58, 0xff, 0x0, 0x0, 0x24, 0xff,
    0x18, 0xf4, 0xff, 0xff, 0xff, 0xb4, 0x58, 0xff,
    0x0, 0x0, 0x58, 0xff, 0x0, 0x0, 0x31, 0xff,
    0x7, 0xf4, 0x64, 0x0, 0xa8, 0xb4, 0x58, 0xff,
    0x0, 0x0, 0x58, 0xff, 0x0, 0x3f, 0x44, 0xf3,
    0x0, 0xf4, 0x7c, 0x28, 0xb5, 0xb4, 0x58, 0xff,
    0x0, 0x0, 0x58, 0xff, 0x79, 0xf8, 0x8b, 0xd6,
    0x0, 0xf4, 0xff, 0xff, 0xff, 0xb4, 0x58, 0xff,
    0x0, 0x0, 0x58, 0xff, 0xff, 0x63, 0x9d, 0xb1,
    0x0, 0x0, 0x0, 0x0, 0x0, 0x0, 0x58, 0xff,
    0x0, 0x0, 0x24, 0xe6, 0x74, 0x0, 0xca, 0x85,
    0x0, 0x0, 0x0, 0x0, 0x3f, 0x2f, 0x92, 0xf4,
    0x0, 0x0, 0x0, 0xe, 0x0, 0x0, 0xa6, 0x4e,
    0x0, 0x0, 0x0, 0x0, 0xb0, 0xf6, 0xf7, 0x82,
    0x0, 0x0, 0x0, 0x0, 0x0, 0x0, 0x0, 0x1,
    0x0, 0x0, 0x0, 0x0, 0x0, 0x0, 0x0, 0x0,

    /* U+8D25 "败" */
    0x0, 0x0, 0x0, 0x0, 0x0, 0x0, 0x0, 0x0,
    0x0, 0x0, 0x0, 0x21, 0x5, 0x0, 0x0, 0x0,
    0x0, 0x0, 0x0, 0xa, 0x3c, 0x3c, 0x3c, 0x3c,
    0x3c, 0x3c, 0x1c, 0x0, 0x0, 0xc7, 0xa5, 0x0,
    0x0, 0x0, 0x0, 0x0, 0x0, 0x2c, 0xff, 0xff,
    0xff, 0xff, 0xff, 0xff, 0x78, 0x0, 0x8, 0xf9,
    0x6f, 0x0, 0x0, 0x0, 0x0, 0x0, 0x0, 0x2c,
    0xff, 0x3f, 0x18, 0x18, 0x18, 0xdb, 0x78, 0x0,
    0x3e, 0xff, 0x7f, 0x58, 0x58, 0x58, 0x40, 0x0,
    0x0, 0x2c, 0xff, 0x2c, 0x17, 0x8f, 0x0, 0xd8,
    0x78, 0x0, 0x79, 0xff, 0xff, 0xff, 0xff, 0xff,
    0xbc, 0x0, 0x0, 0x2c, 0xff, 0x2c, 0x2b, 0xfd,
    0x0, 0xd8, 0x78, 0x0, 0xca, 0xaa, 0x0, 0x0,
    0x75, 0xeb, 0x0, 0x0, 0x0, 0x2c, 0xff, 0x2c,
    0x2d, 0xfb, 0x0, 0xd8, 0x78, 0x2b, 0xff, 0x6a,
    0x0, 0x0, 0x9b, 0xcc, 0x0, 0x0, 0x0, 0x2c,
    0xff, 0x2c, 0x34, 0xf6, 0x0, 0xd8, 0x78, 0x8e,
    0xff, 0xb1, 0x0, 0x0, 0xd0, 0xa6, 0x0, 0x0,
    0x0, 0x2c, 0xff, 0x2c, 0x3d, 0xee, 0x0, 0xd8,
    0x78, 0xe5, 0xdd, 0xfb, 0x19, 0xa, 0xfb, 0x71,
    0x0, 0x0, 0x0, 0x2c, 0xff, 0x2c, 0x4e, 0xe0,
    0x0, 0xd8, 0x78, 0x39, 0x25, 0xea, 0x8b, 0x5a,
    0xff, 0x30, 0x0, 0x0, 0x0, 0x2c, 0xff, 0x2c,
    0x6e, 0xcb, 0x0, 0xd8, 0x78, 0x0, 0x0, 0x7d,
    0xf5, 0xc8, 0xda, 0x0, 0x0, 0x0, 0x0, 0x2c,
    0xff, 0x2c, 0xb8, 0x9f, 0x0, 0xd8, 0x78, 0x0,
    0x0, 0xc, 0xea, 0xff, 0x68, 0x0, 0x0, 0x0,
    0x0, 0xe, 0x54, 0x3e, 0xfc, 0x4f, 0x4e, 0x37,
    0x1e, 0x0, 0x0, 0x15, 0xe2, 0xff, 0x5b, 0x0,
    0x0, 0x0, 0x0, 0x0, 0x11, 0xd1, 0xc7, 0x29,
    0xf8, 0x94, 0x0, 0x0, 0x6, 0xc4, 0xf8, 0xc6,
    0xf8, 0x3e, 0x0, 0x0, 0x0, 0x29, 0xd0, 0xe9,
    0x26, 0x0, 0x62, 0xff, 0x64, 0x19, 0xc3, 0xff,
    0x5a, 0xd, 0xd3, 0xf6, 0x56, 0x0, 0x6, 0xe0,
    0xd7, 0x2b, 0x0, 0x0, 0x0, 0x76, 0x19, 0xce,
    0xfa, 0x65, 0x0, 0x0, 0x1d, 0xdc, 0xed, 0xf,
    0x0, 0x28, 0x7, 0x0, 0x0, 0x0, 0x0, 0x0,
    0x0, 0x3d, 0x3b, 0x0, 0x0, 0x0, 0x0, 0x1a,
    0x40, 0x0,

    /* U+8F93 "输" */
    0x0, 0x0, 0x0, 0x23, 0x11, 0x0, 0x0, 0x0,
    0x0, 0x0, 0x0, 0x1b, 0x0, 0x0, 0x0, 0x0,
    0x0, 0x0, 0x0, 0x0, 0x0, 0xbe, 0x9c, 0x0,
    0x0, 0x0, 0x0, 0x0, 0x5c, 0xff, 0x62, 0x0,
    0x0, 0x0, 0x0, 0x0, 0x0, 0x0, 0x6, 0xf6,
    0x66, 0x0, 0x0, 0x0, 0x0, 0x37, 0xf4, 0xcc,
    0xf8, 0x61, 0x0, 0x0, 0x0, 0x0, 0x13, 0xfc,
    0xfc, 0xff, 0xfd, 0xfc, 0x52, 0x0, 0x3c, 0xee,
    0xb8, 0x3, 0x76, 0xfe, 0x98, 0x10, 0x0, 0x0,
    0x7, 0x5c, 0xba, 0xe6, 0x5c, 0x5c, 0x1e, 0x61,
    0xf8, 0xd6, 0x31, 0x28, 0x28, 0x7d, 0xfc, 0xed,
    0x70, 0x6, 0x0, 0x2, 0xe1, 0x90, 0x0, 0x0,
    0x91, 0xfe, 0x94, 0xff, 0xff, 0xff, 0xff, 0xff,
    0xca, 0xba, 0xf8, 0x20, 0x0, 0x4a, 0xff, 0x6c,
    0xd8, 0x0, 0x47, 0x43, 0x0, 0x0, 0x0, 0x0,
    0x0, 0x0, 0x1, 0xc, 0x2d, 0x0, 0x0, 0xc4,
    0xbe, 0x44, 0xff, 0x0, 0x0, 0xc9, 0xf8, 0xf8,
    0xf8, 0xb6, 0x18, 0x6e, 0x18, 0xff, 0x2c, 0x0,
    0x4, 0xf6, 0xf3, 0xee, 0xff, 0xe8, 0x5e, 0xd0,
    0x79, 0x18, 0x81, 0xbc, 0x34, 0xec, 0x18, 0xff,
    0x2c, 0x0, 0x0, 0x3b, 0x48, 0x78, 0xff, 0x48,
    0x1d, 0xd0, 0xb6, 0x80, 0xba, 0xbc, 0x34, 0xec,
    0x18, 0xff, 0x2c, 0x0, 0x0, 0x0, 0x0, 0x44,
    0xff, 0x0, 0x0, 0xd0, 0xd1, 0xb0, 0xd4, 0xbc,
    0x34, 0xec, 0x18, 0xff, 0x2c, 0x0, 0x0, 0x4,
    0x28, 0x80, 0xff, 0xca, 0x40, 0xd0, 0x6c, 0x0,
    0x74, 0xbc, 0x34, 0xec, 0x18, 0xff, 0x2c, 0x0,
    0x4, 0xf5, 0xff, 0xff, 0xff, 0x96, 0x24, 0xd0,
    0xfb, 0xf8, 0xfb, 0xbc, 0x34, 0xec, 0x18, 0xff,
    0x2c, 0x0, 0x0, 0x7a, 0x5a, 0x62, 0xff, 0x0,
    0x0, 0xd0, 0x8c, 0x38, 0x92, 0xbc, 0x34, 0xec,
    0x18, 0xff, 0x2c, 0x0, 0x0, 0x0, 0x0, 0x44,
    0xff, 0x0, 0x0, 0xd0, 0x6c, 0x0, 0x74, 0xbc,
    0x0, 0x0, 0x18, 0xff, 0x2c, 0x0, 0x0, 0x0,
    0x0, 0x44, 0xff, 0x0, 0x0, 0xd0, 0x6c, 0x17,
    0x98, 0xb5, 0x7, 0x45, 0x55, 0xff, 0x25, 0x0,
    0x0, 0x0, 0x0, 0x44, 0xff, 0x0, 0x0, 0xd0,
    0x6c, 0xab, 0xf1, 0x5a, 0x1, 0xd7, 0xf8, 0xca,
    0x5, 0x0, 0x0, 0x0, 0x0, 0x0, 0x0, 0x0,
    0x0, 0x10, 0x8, 0x0, 0x0, 0x0, 0x0, 0x0,
    0x0, 0x0, 0x0, 0x0,

    /* U+9065 "遥" */
    0x0, 0x14, 0x38, 0x0, 0x0, 0x0, 0x7, 0x11,
    0x1a, 0x24, 0x32, 0x4f, 0x6c, 0x8a, 0xa5, 0x15,
    0x0, 0x0, 0xa2, 0xfb, 0x69, 0x0, 0x19, 0xfc,
    0xff, 0xff, 0xff, 0xff, 0xf3, 0xdb, 0xc1, 0x9f,
    0x3b, 0x0, 0x0, 0xe, 0xbd, 0xff, 0x5b, 0x0,
    0x3d, 0x5c, 0x26, 0x25, 0x39, 0x0, 0x0, 0x12,
    0xc2, 0x30, 0x0, 0x0, 0x0, 0xc, 0xbd, 0x20,
    0x0, 0x8a, 0xe7, 0x17, 0x71, 0xf2, 0x22, 0x2,
    0xb2, 0xe6, 0x12, 0x0, 0x0, 0x0, 0x0, 0x0,
    0x0, 0x0, 0xb, 0x98, 0x26, 0x3, 0xd1, 0x54,
    0x4a, 0xfb, 0x43, 0x0, 0x0, 0x0, 0x0, 0x0,
    0x0, 0x0, 0x0, 0x0, 0x92, 0xe5, 0x30, 0x37,
    0x30, 0x30, 0x5b, 0x30, 0x18, 0x0, 0x4, 0x28,
    0x28, 0x28, 0x10, 0x0, 0x41, 0xfb, 0xff, 0xff,
    0xff, 0xff, 0xff, 0xff, 0xff, 0x80, 0x0, 0x1c,
    0xff, 0xff, 0xff, 0x68, 0x2, 0xbf, 0xbd, 0x1b,
    0x18, 0xff, 0x3c, 0x18, 0x18, 0x18, 0xc, 0x0,
    0x0, 0x0, 0x0, 0xff, 0x68, 0x6c, 0x95, 0x9a,
    0x94, 0x94, 0xff, 0xa4, 0x94, 0x94, 0x94, 0x94,
    0x53, 0x0, 0x0, 0x0, 0xff, 0x68, 0x75, 0xa0,
    0xa0, 0xa0, 0xa0, 0xff, 0xaf, 0xa0, 0xa0, 0xa0,
    0xa0, 0x5a, 0x0, 0x0, 0x0, 0xff, 0x68, 0x0,
    0x46, 0xcc, 0x0, 0x0, 0xff, 0x28, 0x0, 0x0,
    0xbc, 0x1d, 0x0, 0x0, 0x0, 0x0, 0xff, 0x68,
    0x0, 0x58, 0xff, 0x0, 0x0, 0xff, 0x28, 0x0,
    0x0, 0xff, 0x28, 0x0, 0x0, 0x0, 0x0, 0xff,
    0x68, 0x0, 0x58, 0xff, 0xb0, 0xb0, 0xff, 0xbc,
    0xb0, 0xb0, 0xff, 0x28, 0x0, 0x0, 0x0, 0x1f,
    0xff, 0xa7, 0x15, 0x2c, 0x80, 0x80, 0x80, 0x80,
    0x80, 0x80, 0x80, 0xff, 0x28, 0x0, 0x8, 0x90,
    0xf9, 0xa5, 0xbe, 0xfd, 0xd0, 0xae, 0x9f, 0x97,
    0x92, 0x90, 0x90, 0x90, 0x90, 0x90, 0x70, 0x0,
    0xb6, 0x9a, 0x1, 0x1, 0x4a, 0xa5, 0xd4, 0xed,
    0xfa, 0xff, 0xff, 0xff, 0xff, 0xff, 0xff, 0x6d,
    0x0, 0x10, 0x1, 0x0, 0x0, 0x0, 0x0, 0x0,
    0x0, 0x0, 0x0, 0x0, 0x0, 0x0, 0x0, 0x0,
    0x0,

    /* U+914D "配" */
    0xff, 0xff, 0xff, 0xff, 0xff, 0xff, 0xff, 0xe0,
    0xc7, 0xdc, 0xdc, 0xdc, 0xdc, 0xdc, 0xdc, 0x48,
    0x0, 0x28, 0x28, 0x9a, 0xa8, 0xbf, 0x72, 0x28,
    0x23, 0x53, 0x5c, 0x5c, 0x5c, 0x5c, 0x68, 0xff,
    0x54, 0x0, 0x0, 0x0, 0x88, 0x98, 0xb4, 0x58,
    0x0, 0x0, 0x0, 0x0, 0x0, 0x0, 0x0, 0x14,
    0xff, 0x54, 0x0, 0x94, 0xff, 0xff, 0xff, 0xff,
    0xff, 0xff, 0x64, 0x0, 0x0, 0x0, 0x0, 0x0,
    0x14, 0xff, 0x54, 0x0, 0x94, 0xaf, 0x9a, 0xa8,
    0xbf, 0x72, 0xe5, 0x64, 0x0, 0x0, 0x0, 0x0,
    0x0, 0x14, 0xff, 0x54, 0x0, 0x94, 0xa0, 0x92,
    0x92, 0xb4, 0x58, 0xe0, 0x64, 0x43, 0x58, 0x58,
    0x58, 0x58, 0x65, 0xff, 0x54, 0x0, 0x94, 0xa0,
    0xac, 0x82, 0xb4, 0x58, 0xe0, 0x64, 0xc4, 0xff,
    0xff, 0xff, 0xff, 0xff, 0xff, 0x54, 0x0, 0x94,
    0xa0, 0xdb, 0x5b, 0xb1, 0x93, 0xe8, 0x64, 0xc4,
    0xa6, 0x8, 0x8, 0x8, 0x19, 0xe8, 0x4c, 0x0,
    0x94, 0xd7, 0xfe, 0x1c, 0x74, 0xfe, 0xff, 0x64,
    0xc4, 0xa4, 0x0, 0x0, 0x0, 0x0, 0x0, 0x0,
    0x0, 0x94, 0xf7, 0xb6, 0x0, 0x0, 0x7, 0xe2,
    0x64, 0xc4, 0xa4, 0x0, 0x0, 0x0, 0x0, 0x0,
    0x0, 0x0, 0x94, 0xb0, 0x3f, 0x28, 0x28, 0x28,
    0xe5, 0x64, 0xc4, 0xa4, 0x0, 0x0, 0x0, 0x0,
    0x0, 0x1c, 0x0, 0x94, 0xff, 0xff, 0xff, 0xff,
    0xff, 0xff, 0x64, 0xc4, 0xa4, 0x0, 0x0, 0x0,
    0x0, 0x2, 0xf7, 0x5e, 0x94, 0xa0, 0x0, 0x0,
    0x0, 0x0, 0xe0, 0x64, 0xc4, 0xa4, 0x0, 0x0,
    0x0, 0x0, 0x33, 0xff, 0x3a, 0x94, 0xff, 0xff,
    0xff, 0xff, 0xff, 0xff, 0x64, 0xbc, 0xe7, 0x7a,
    0x69, 0x6e, 0x84, 0xd8, 0xe9, 0x5, 0x94, 0xaf,
    0x28, 0x28, 0x28, 0x28, 0xe5, 0x64, 0x55, 0xde,
    0xf9, 0xff, 0xfb, 0xee, 0xce, 0x4d, 0x0, 0x94,
    0xa0, 0x0, 0x0, 0x0, 0x0, 0xe0, 0x64, 0x0,
    0x0, 0x0, 0x0, 0x0, 0x0, 0x0, 0x0, 0x0,

    /* U+91CD "重" */
    0x0, 0x0, 0x0, 0x0, 0x0, 0x0, 0x0, 0x0,
    0x0, 0x1, 0xb, 0x17, 0x23, 0x30, 0xb, 0x0,
    0x2, 0xbf, 0xd2, 0xd6, 0xda, 0xde, 0xe2, 0xe7,
    0xf2, 0xfd, 0xff, 0xff, 0xff, 0xfd, 0x88, 0x0,
    0x0, 0x47, 0x5d, 0x57, 0x51, 0x4b, 0x45, 0xd0,
    0xb8, 0x29, 0x21, 0x18, 0xd, 0x1, 0x0, 0x0,
    0xdc, 0xff, 0xff, 0xff, 0xff, 0xff, 0xff, 0xff,
    0xff, 0xff, 0xff, 0xff, 0xff, 0xff, 0xff, 0xf8,
    0x22, 0x28, 0x28, 0x28, 0x28, 0x28, 0x28, 0xca,
    0xb5, 0x28, 0x28, 0x28, 0x28, 0x28, 0x28, 0x26,
    0x0, 0x17, 0x28, 0x28, 0x28, 0x28, 0x28, 0xca,
    0xb5, 0x28, 0x28, 0x28, 0x28, 0x28, 0x10, 0x0,
    0x0, 0x98, 0xff, 0xff, 0xff, 0xff, 0xff, 0xff,
    0xff, 0xff, 0xff, 0xff, 0xff, 0xff, 0x6c, 0x0,
    0x0, 0x98, 0xc1, 0x4, 0x4, 0x4, 0x4, 0xc1,
    0xa9, 0x4, 0x4, 0x4, 0x4, 0xd8, 0x6c, 0x0,
    0x0, 0x98, 0xff, 0xff, 0xff, 0xff, 0xff, 0xff,
    0xff, 0xff, 0xff, 0xff, 0xff, 0xff, 0x6c, 0x0,
    0x0, 0x98, 0xc1, 0x4, 0x4, 0x4, 0x4, 0xc1,
    0xa9, 0x4, 0x4, 0x4, 0x4, 0xd8, 0x6c, 0x0,
    0x0, 0x98, 0xff, 0xff, 0xff, 0xff, 0xff, 0xff,
    0xff, 0xff, 0xff, 0xff, 0xff, 0xff, 0x6c, 0x0,
    0x0, 0x17, 0x28, 0x28, 0x28, 0x28, 0x28, 0xca,
    0xb5, 0x28, 0x28, 0x28, 0x28, 0x28, 0x10, 0x0,
    0xb, 0x28, 0x28, 0x28, 0x28, 0x28, 0x28, 0xca,
    0xb5, 0x28, 0x28, 0x28, 0x28, 0x28, 0x28, 0xa,
    0x4c, 0xff, 0xff, 0xff, 0xff, 0xff, 0xff, 0xff,
    0xff, 0xff, 0xff, 0xff, 0xff, 0xff, 0xff, 0x44,
    0x58, 0x58, 0x58, 0x58, 0x58, 0x58, 0x58, 0xd6,
    0xc6, 0x58, 0x58, 0x58, 0x58, 0x58, 0x58, 0x4e,
    0xff, 0xff, 0xff, 0xff, 0xff, 0xff, 0xff, 0xff,
    0xff, 0xff, 0xff, 0xff, 0xff, 0xff, 0xff, 0xe4,

    /* U+952E "键" */
    0x0, 0x0, 0x74, 0x65, 0x0, 0x0, 0x0, 0x0,
    0x0, 0x0, 0x0, 0x0, 0xff, 0x28, 0x0, 0x0,
    0x0, 0x0, 0x0, 0xd8, 0x8e, 0x0, 0x0, 0x50,
    0xff, 0xff, 0xff, 0xf, 0x20, 0xff, 0x43, 0x20,
    0x20, 0x2, 0x0, 0x2d, 0xff, 0x9b, 0x64, 0x5f,
    0xa, 0x20, 0xa5, 0xd3, 0x7c, 0xff, 0xff, 0xff,
    0xff, 0xff, 0x10, 0x0, 0x94, 0xf1, 0xc8, 0xc8,
    0xbe, 0x0, 0xe, 0xf2, 0x67, 0x0, 0x0, 0xff,
    0x28, 0x18, 0xff, 0x10, 0x1a, 0xf5, 0x7a, 0x0,
    0x0, 0x0, 0x0, 0x71, 0xee, 0x43, 0xff, 0xff,
    0xff, 0xff, 0xff, 0xff, 0xfc, 0x24, 0xdb, 0x9c,
    0xa8, 0xa8, 0x70, 0x2, 0xdd, 0x82, 0x8, 0x28,
    0x28, 0xff, 0x49, 0x3c, 0xff, 0x34, 0x0, 0xf,
    0xca, 0xff, 0xf5, 0xa1, 0x3e, 0xff, 0xae, 0x83,
    0xf, 0x20, 0xff, 0x43, 0x35, 0xff, 0x10, 0x0,
    0x0, 0x0, 0xff, 0x58, 0x0, 0x22, 0xa4, 0xcb,
    0xca, 0x7c, 0xff, 0xff, 0xff, 0xff, 0xff, 0x10,
    0x0, 0x0, 0x0, 0xff, 0x58, 0x0, 0x0, 0x1,
    0x82, 0xb8, 0x0, 0x0, 0xff, 0x28, 0x0, 0x0,
    0x0, 0x0, 0x23, 0x28, 0xff, 0x72, 0x26, 0x6b,
    0x90, 0xa0, 0x9b, 0x57, 0x7c, 0xff, 0x90, 0x7c,
    0x7c, 0x19, 0x0, 0xe4, 0xff, 0xff, 0xff, 0xf4,
    0x5f, 0xcb, 0xca, 0x76, 0x6d, 0x9c, 0xff, 0xab,
    0x9c, 0x9c, 0x1f, 0x0, 0x0, 0x0, 0xff, 0x58,
    0x0, 0x23, 0xfb, 0xf6, 0x46, 0x20, 0x20, 0xff,
    0x43, 0x20, 0x20, 0x14, 0x0, 0x0, 0x0, 0xff,
    0x58, 0x0, 0x0, 0xcc, 0xf7, 0x1e, 0xff, 0xff,
    0xff, 0xff, 0xff, 0xff, 0xa0, 0x0, 0x0, 0x0,
    0xff, 0x6a, 0x47, 0x0, 0xbe, 0xf0, 0x28, 0x0,
    0x0, 0xff, 0x28, 0x0, 0x0, 0x0, 0x0, 0x0,
    0x0, 0xff, 0xff, 0xbc, 0x7f, 0xd3, 0x60, 0xf7,
    0xb0, 0x7a, 0x63, 0x59, 0x58, 0x58, 0x50, 0x0,
    0x0, 0x0, 0x9f, 0x6c, 0xf, 0xe0, 0x34, 0x0,
    0x2a, 0x97, 0xd6, 0xf0, 0xfe, 0xff, 0xff, 0xab,
    0x0, 0x0, 0x0, 0x0, 0x0, 0x0, 0xf, 0x0,
    0x0, 0x0, 0x0, 0x0, 0x0, 0x0, 0x0, 0x0,
    0x0,

    /* U+95ED "闭" */
    0x0, 0x0, 0x32, 0x9e, 0x6, 0x0, 0x0, 0x0,
    0x0, 0x0, 0x0, 0x0, 0x0, 0x0, 0x0, 0x0,
    0x0, 0x0, 0x43, 0xfd, 0x8f, 0x0, 0x78, 0xff,
    0xff, 0xff, 0xff, 0xff, 0xff, 0xff, 0xff, 0x50,
    0x0, 0x0, 0x0, 0x93, 0xec, 0xb, 0x12, 0x28,
    0x28, 0x28, 0x28, 0x28, 0x28, 0x3c, 0xff, 0x50,
    0x0, 0x4, 0x0, 0x16, 0x29, 0x0, 0x0, 0x0,
    0x47, 0xe4, 0x1c, 0x0, 0x0, 0x18, 0xff, 0x50,
    0x2c, 0xff, 0x3c, 0x0, 0x0, 0x0, 0x0, 0x0,
    0x50, 0xff, 0x20, 0x0, 0x0, 0x18, 0xff, 0x50,
    0x2c, 0xff, 0x3c, 0x0, 0x0, 0x0, 0x0, 0x0,
    0x50, 0xff, 0x20, 0x0, 0x0, 0x18, 0xff, 0x50,
    0x2c, 0xff, 0x3c, 0x5c, 0xff, 0xff, 0xff, 0xff,
    0xff, 0xff, 0xff, 0xff, 0xff, 0x18, 0xff, 0x50,
    0x2c, 0xff, 0x3c, 0xe, 0x28, 0x28, 0x28, 0x28,
    0xc4, 0xff, 0x43, 0x28, 0x28, 0x18, 0xff, 0x50,
    0x2c, 0xff, 0x3c, 0x0, 0x0, 0x0, 0x0, 0x7a,
    0xff, 0xff, 0x20, 0x0, 0x0, 0x18, 0xff, 0x50,
    0x2c, 0xff, 0x3c, 0x0, 0x0, 0x0, 0x66, 0xff,
    0xc0, 0xff, 0x20, 0x0, 0x0, 0x18, 0xff, 0x50,
    0x2c, 0xff, 0x3c, 0x0, 0x0, 0x75, 0xfe, 0x9b,
    0x50, 0xff, 0x20, 0x0, 0x0, 0x18, 0xff, 0x50,
    0x2c, 0xff, 0x3c, 0x10, 0xa4, 0xff, 0xa1, 0x2,
    0x50, 0xff, 0x20, 0x0, 0x0, 0x18, 0xff, 0x50,
    0x2c, 0xff, 0x3c, 0x8c, 0xfd, 0x7f, 0x0, 0x0,
    0x50, 0xff, 0x20, 0x0, 0x0, 0x18, 0xff, 0x50,
    0x2c, 0xff, 0x3c, 0x6, 0x35, 0x0, 0x7, 0xb,
    0x6b, 0xff, 0x1c, 0x0, 0x0, 0x18, 0xff, 0x50,
    0x2c, 0xff, 0x3c, 0x0, 0x0, 0x0, 0x1e, 0xff,
    0xff, 0xe4, 0x3, 0x0, 0x0, 0x19, 0xff, 0x4f,
    0x2c, 0xff, 0x3c, 0x0, 0x0, 0x0, 0x0, 0x44,
    0x4c, 0x13, 0x0, 0x0, 0x7a, 0x8e, 0xff, 0x3e,
    0x2c, 0xff, 0x3c, 0x0, 0x0, 0x0, 0x0, 0x0,
    0x0, 0x0, 0x0, 0x0, 0xb8, 0xfb, 0xbd, 0x4,

    /* U+95F4 "间" */
    0x0, 0x0, 0x34, 0x98, 0x2, 0x0, 0x0, 0x0,
    0x0, 0x0, 0x0, 0x0, 0x0, 0x0, 0x0, 0x0,
    0x0, 0x0, 0x51, 0xff, 0x77, 0x0, 0x78, 0xff,
    0xff, 0xff, 0xff, 0xff, 0xff, 0xff, 0xff, 0x2c,
    0x0, 0x0, 0x0, 0xb8, 0xea, 0x5, 0x12, 0x28,
    0x28, 0x28, 0x28, 0x28, 0x28, 0x5a, 0xff, 0x2c,
    0x0, 0x4, 0x0, 0x3d, 0x3e, 0x0, 0x0, 0x0,
    0x0, 0x0, 0x0, 0x0, 0x0, 0x3c, 0xff, 0x2c,
    0x2c, 0xff, 0x3c, 0x0, 0x0, 0x0, 0x0, 0x0,
    0x0, 0x0, 0x0, 0x0, 0x0, 0x3c, 0xff, 0x2c,
    0x2c, 0xff, 0x3c, 0x0, 0x3c, 0xff, 0xff, 0xff,
    0xff, 0xff, 0xff, 0x2c, 0x0, 0x3c, 0xff, 0x2c,
    0x2c, 0xff, 0x3c, 0x0, 0x3c, 0xff, 0x3f, 0x28,
    0x28, 0x4d, 0xff, 0x2c, 0x0, 0x3c, 0xff, 0x2c,
    0x2c, 0xff, 0x3c, 0x0, 0x3c, 0xff, 0x1c, 0x0,
    0x0, 0x2c, 0xff, 0x2c, 0x0, 0x3c, 0xff, 0x2c,
    0x2c, 0xff, 0x3c, 0x0, 0x3c, 0xff, 0x6a, 0x58,
    0x58, 0x74, 0xff, 0x2c, 0x0, 0x3c, 0xff, 0x2c,
    0x2c, 0xff, 0x3c, 0x0, 0x3c, 0xff, 0xff, 0xff,
    0xff, 0xff, 0xff, 0x2c, 0x0, 0x3c, 0xff, 0x2c,
    0x2c, 0xff, 0x3c, 0x0, 0x3c, 0xff, 0x1c, 0x0,
    0x0, 0x2c, 0xff, 0x2c, 0x0, 0x3c, 0xff, 0x2c,
    0x2c, 0xff, 0x3c, 0x0, 0x3c, 0xff, 0x1c, 0x0,
    0x0, 0x2c, 0xff, 0x2c, 0x0, 0x3c, 0xff, 0x2c,
    0x2c, 0xff, 0x3c, 0x0, 0x3c, 0xff, 0xff, 0xff,
    0xff, 0xff, 0xff, 0x2c, 0x0, 0x3c, 0xff, 0x2c,
    0x2c, 0xff, 0x3c, 0x0, 0x9, 0x28, 0x28, 0x28,
    0x28, 0x28, 0x28, 0x6, 0x0, 0x3c, 0xff, 0x2c,
    0x2c, 0xff, 0x3c, 0x0, 0x0, 0x0, 0x0, 0x0,
    0x0, 0x0, 0x0, 0x0, 0x0, 0x3d, 0xff, 0x2b,
    0x2c, 0xff, 0x3c, 0x0, 0x0, 0x0, 0x0, 0x0,
    0x0, 0x0, 0x0, 0x8, 0x7c, 0xa2, 0xff, 0x1b,
    0x2c, 0xff, 0x3c, 0x0, 0x0, 0x0, 0x0, 0x0,
    0x0, 0x0, 0x0, 0x0, 0xd8, 0xf9, 0xa0, 0x0,

    /* U+964D "降" */
    0x0, 0x0, 0x0, 0x0, 0x0, 0x0, 0x0, 0x0,
    0x0, 0x8d, 0x46, 0x0, 0x0, 0x0, 0x0, 0x0,
    0x0, 0x28, 0xff, 0xff, 0xff, 0xff, 0xff, 0x14,
    0x0, 0x40, 0xff, 0x79, 0x20, 0x20, 0x20, 0x20,
    0x0, 0x0, 0x28, 0xff, 0x28, 0x28, 0x8d, 0xed,
    0x5, 0x2, 0xca, 0xff, 0xff, 0xff, 0xff, 0xff,
    0xff, 0x3, 0x0, 0x28, 0xff, 0x0, 0x0, 0xc7,
    0x97, 0x0, 0x7f, 0xff, 0x8b, 0x0, 0x0, 0x10,
    0xe2, 0xa8, 0x0, 0x0, 0x28, 0xff, 0x0, 0x1d,
    0xfe, 0x3b, 0x66, 0xfe, 0xbd, 0xfd, 0x76, 0xb,
    0xba, 0xf0, 0x1c, 0x0, 0x0, 0x28, 0xff, 0x0,
    0x73, 0xdd, 0x0, 0x54, 0x94, 0x0, 0x6a, 0xfe,
    0xee, 0xfc, 0x47, 0x0, 0x0, 0x0, 0x28, 0xff,
    0x0, 0xc8, 0x84, 0x0, 0x0, 0x3, 0x40, 0xa8,
    0xfc, 0xf6, 0xff, 0xc8, 0x6e, 0x24, 0x0, 0x28,
    0xff, 0x0, 0xad, 0xc7, 0x2, 0x69, 0xef, 0xfa,
    0xbd, 0x52, 0xc, 0x5c, 0xad, 0xf1, 0xff, 0x31,
    0x28, 0xff, 0x0, 0x14, 0xf0, 0x55, 0x16, 0x8c,
    0x4f, 0x44, 0x44, 0x90, 0xff, 0x44, 0x48, 0x5a,
    0x0, 0x28, 0xff, 0x0, 0x0, 0x9b, 0xaf, 0x14,
    0xff, 0xff, 0xff, 0xff, 0xff, 0xff, 0xff, 0xff,
    0xa8, 0x0, 0x28, 0xff, 0x0, 0x0, 0x70, 0xd4,
    0x1, 0x3f, 0x3e, 0x14, 0x14, 0x73, 0xff, 0x14,
    0x14, 0xd, 0x0, 0x28, 0xff, 0x6, 0x0, 0x91,
    0xc5, 0x0, 0xbe, 0xd6, 0x0, 0x0, 0x68, 0xff,
    0x0, 0x0, 0x0, 0x0, 0x28, 0xff, 0x72, 0xe9,
    0xfe, 0x71, 0x42, 0xff, 0x80, 0x28, 0x28, 0x7f,
    0xff, 0x28, 0x28, 0x28, 0x0, 0x28, 0xff, 0x1d,
    0x71, 0x4e, 0x0, 0x3e, 0xff, 0xff, 0xff, 0xff,
    0xff, 0xff, 0xff, 0xff, 0xff, 0x0, 0x28, 0xff,
    0x0, 0x0, 0x0, 0x0, 0x0, 0x0, 0x0, 0x0,
    0x0, 0x68, 0xff, 0x0, 0x0, 0x0, 0x0, 0x28,
    0xff, 0x0, 0x0, 0x0, 0x0, 0x0, 0x0, 0x0,
    0x0, 0x0, 0x68, 0xff, 0x0, 0x0, 0x0, 0x0,
    0x28, 0xff, 0x0, 0x0, 0x0, 0x0, 0x0, 0x0,
    0x0, 0x0, 0x0, 0x68, 0xff, 0x0, 0x0, 0x0,
    0x0,

    /* U+9700 "需" */
    0x38, 0xff, 0xff, 0xff, 0xff, 0xff, 0xff, 0xff,
    0xff, 0xff, 0xff, 0xff, 0xff, 0xff, 0x9c, 0x0,
    0x8, 0x28, 0x28, 0x28, 0x28, 0x28, 0x28, 0xfc,
    0x7c, 0x28, 0x28, 0x28, 0x28, 0x28, 0x18, 0x0,
    0xff, 0xff, 0xff, 0xff, 0xff, 0xff, 0xff, 0xff,
    0xff, 0xff, 0xff, 0xff, 0xff, 0xff, 0xff, 0x64,
    0xff, 0x7f, 0x28, 0x28, 0x28, 0x28, 0x28, 0xfc,
    0x7c, 0x28, 0x28, 0x28, 0x28, 0x2b, 0xff, 0x64,
    0xff, 0x68, 0xe8, 0xff, 0xff, 0xff, 0x58, 0xfc,
    0x64, 0xec, 0xff, 0xff, 0xff, 0x4c, 0xff, 0x64,
    0x54, 0x22, 0x1d, 0x20, 0x20, 0x20, 0xb, 0xfc,
    0x64, 0x1d, 0x20, 0x20, 0x20, 0xa, 0x68, 0x28,
    0x0, 0x0, 0xfc, 0xff, 0xff, 0xff, 0x48, 0xfc,
    0x64, 0xfc, 0xff, 0xff, 0xff, 0x34, 0x0, 0x0,
    0x19, 0x28, 0x2b, 0x2c, 0x2c, 0x2c, 0x29, 0x4f,
    0x37, 0x2b, 0x2c, 0x2c, 0x2c, 0x28, 0x28, 0x1,
    0x97, 0xec, 0xec, 0xec, 0xec, 0xec, 0xf6, 0xfc,
    0xec, 0xec, 0xec, 0xec, 0xec, 0xec, 0xec, 0x7,
    0x0, 0x0, 0x0, 0x0, 0x0, 0x0, 0xb7, 0x9e,
    0x0, 0x0, 0x0, 0x0, 0x0, 0x0, 0x0, 0x0,
    0x0, 0xf0, 0xff, 0xff, 0xff, 0xff, 0xff, 0xff,
    0xff, 0xff, 0xff, 0xff, 0xff, 0xff, 0x68, 0x0,
    0x0, 0xf0, 0x82, 0x20, 0x20, 0xff, 0x7b, 0x20,
    0x20, 0xff, 0x7b, 0x20, 0x20, 0xff, 0x68, 0x0,
    0x0, 0xf0, 0x70, 0x0, 0x0, 0xff, 0x68, 0x0,
    0x0, 0xff, 0x68, 0x0, 0x0, 0xff, 0x68, 0x0,
    0x0, 0xf0, 0x70, 0x0, 0x0, 0xff, 0x68, 0x0,
    0x0, 0xff, 0x68, 0x0, 0x0, 0xff, 0x68, 0x0,
    0x0, 0xf0, 0x70, 0x0, 0x0, 0xff, 0x68, 0x0,
    0x0, 0xff, 0x68, 0x24, 0x38, 0xff, 0x5f, 0x0,
    0x0, 0xce, 0x60, 0x0, 0x0, 0x0, 0x0, 0x0,
    0x0, 0x0, 0x0, 0x81, 0xfa, 0xcc, 0x14, 0x0
};


/*---------------------
 *  GLYPH DESCRIPTION
 *--------------------*/

static const lv_font_fmt_txt_glyph_dsc_t glyph_dsc[] = {
    {.bitmap_index = 0, .adv_w = 0, .box_w = 0, .box_h = 0, .ofs_x = 0, .ofs_y = 0} /* id = 0 reserved */,
    {.bitmap_index = 0, .adv_w = 92, .box_w = 0, .box_h = 0, .ofs_x = 0, .ofs_y = 0},
    {.bitmap_index = 0, .adv_w = 115, .box_w = 3, .box_h = 13, .ofs_x = 2, .ofs_y = 0},
    {.bitmap_index = 39, .adv_w = 132, .box_w = 6, .box_h = 5, .ofs_x = 1, .ofs_y = 8},
    {.bitmap_index = 69, .adv_w = 241, .box_w = 13, .box_h = 13, .ofs_x = 1, .ofs_y = 0},
    {.bitmap_index = 238, .adv_w = 183, .box_w = 9, .box_h = 17, .ofs_x = 1, .ofs_y = -3},
    {.bitmap_index = 391, .adv_w = 274, .box_w = 16, .box_h = 13, .ofs_x = 1, .ofs_y = 0},
    {.bitmap_index = 599, .adv_w = 225, .box_w = 13, .box_h = 13, .ofs_x = 1, .ofs_y = 0},
    {.bitmap_index = 768, .adv_w = 79, .box_w = 3, .box_h = 5, .ofs_x = 1, .ofs_y = 8},
    {.bitmap_index = 783, .adv_w = 112, .box_w = 5, .box_h = 16, .ofs_x = 1, .ofs_y = -2},
    {.bitmap_index = 863, .adv_w = 112, .box_w = 5, .box_h = 16, .ofs_x = 1, .ofs_y = -2},
    {.bitmap_index = 943, .adv_w = 144, .box_w = 9, .box_h = 9, .ofs_x = 0, .ofs_y = 4},
    {.bitmap_index = 1024, .adv_w = 241, .box_w = 13, .box_h = 12, .ofs_x = 1, .ofs_y = 0},
    {.bitmap_index = 1180, .adv_w = 92, .box_w = 3, .box_h = 5, .ofs_x = 1, .ofs_y = -2},
    {.bitmap_index = 1195, .adv_w = 104, .box_w = 6, .box_h = 3, .ofs_x = 0, .ofs_y = 3},
    {.bitmap_index = 1213, .adv_w = 92, .box_w = 3, .box_h = 3, .ofs_x = 1, .ofs_y = 0},
    {.bitmap_index = 1222, .adv_w = 97, .box_w = 7, .box_h = 15, .ofs_x = 0, .ofs_y = -2},
    {.bitmap_index = 1327, .adv_w = 183, .box_w = 10, .box_h = 13, .ofs_x = 1, .ofs_y = 0},
    {.bitmap_index = 1457, .adv_w = 183, .box_w = 9, .box_h = 13, .ofs_x = 1, .ofs_y = 0},
    {.bitmap_index = 1574, .adv_w = 183, .box_w = 9, .box_h = 13, .ofs_x = 1, .ofs_y = 0},
    {.bitmap_index = 1691, .adv_w = 183, .box_w = 10, .box_h = 13, .ofs_x = 1, .ofs_y = 0},
    {.bitmap_index = 1821, .adv_w = 183, .box_w = 11, .box_h = 13, .ofs_x = 0, .ofs_y = 0},
    {.bitmap_index = 1964, .adv_w = 183, .box_w = 9, .box_h = 13, .ofs_x = 1, .ofs_y = 0},
    {.bitmap_index = 2081, .adv_w = 183, .box_w = 10, .box_h = 13, .ofs_x = 1, .ofs_y = 0},
    {.bitmap_index = 2211, .adv_w = 183, .box_w = 9, .box_h = 13, .ofs_x = 1, .ofs_y = 0},
    {.bitmap_index = 2328, .adv_w = 183, .box_w = 10, .box_h = 13, .ofs_x = 1, .ofs_y = 0},
    {.bitmap_index = 2458, .adv_w = 183, .box_w = 10, .box_h = 13, .ofs_x = 1, .ofs_y = 0},
    {.bitmap_index = 2588, .adv_w = 97, .box_w = 2, .box_h = 10, .ofs_x = 2, .ofs_y = 0},
    {.bitmap_index = 2608, .adv_w = 97, .box_w = 3, .box_h = 12, .ofs_x = 1, .ofs_y = -2},
    {.bitmap_index = 2644, .adv_w = 241, .box_w = 13, .box_h = 11, .ofs_x = 1, .ofs_y = 0},
    {.bitmap_index = 2787, .adv_w = 241, .box_w = 13, .box_h = 7, .ofs_x = 1, .ofs_y = 2},
    {.bitmap_index = 2878, .adv_w = 241, .box_w = 13, .box_h = 11, .ofs_x = 1, .ofs_y = 0},
    {.bitmap_index = 3021, .adv_w = 153, .box_w = 8, .box_h = 13, .ofs_x = 1, .ofs_y = 0},
    {.bitmap_index = 3125, .adv_w = 288, .box_w = 16, .box_h = 17, .ofs_x = 1, .ofs_y = -4},
    {.bitmap_index = 3397, .adv_w = 197, .box_w = 13, .box_h = 13, .ofs_x = 0, .ofs_y = 0},
    {.bitmap_index = 3566, .adv_w = 198, .box_w = 11, .box_h = 13, .ofs_x = 1, .ofs_y = 0},
    {.bitmap_index = 3709, .adv_w = 201, .box_w = 11, .box_h = 13, .ofs_x = 1, .ofs_y = 0},
    {.bitmap_index = 3852, .adv_w = 222, .box_w = 12, .box_h = 13, .ofs_x = 1, .ofs_y = 0},
    {.bitmap_index = 4008, .adv_w = 182, .box_w = 10, .box_h = 13, .ofs_x = 1, .ofs_y = 0},
    {.bitmap_index = 4138, .adv_w = 166, .box_w = 9, .box_h = 13, .ofs_x = 1, .ofs_y = 0},
    {.bitmap_index = 4255, .adv_w = 223, .box_w = 12, .box_h = 13, .ofs_x = 1, .ofs_y = 0},
    {.bitmap_index = 4411, .adv_w = 217, .box_w = 11, .box_h = 13, .ofs_x = 1, .ofs_y = 0},
    {.bitmap_index = 4554, .adv_w = 85, .box_w = 3, .box_h = 13, .ofs_x = 1, .ofs_y = 0},
    {.bitmap_index = 4593, .adv_w = 85, .box_w = 5, .box_h = 17, .ofs_x = -1, .ofs_y = -4},
    {.bitmap_index = 4678, .adv_w = 189, .box_w = 12, .box_h = 13, .ofs_x = 1, .ofs_y = 0},
    {.bitmap_index = 4834, .adv_w = 160, .box_w = 9, .box_h = 13, .ofs_x = 1, .ofs_y = 0},
    {.bitmap_index = 4951, .adv_w = 248, .box_w = 13, .box_h = 13, .ofs_x = 1, .ofs_y = 0},
    {.bitmap_index = 5120, .adv_w = 215, .box_w = 11, .box_h = 13, .ofs_x = 1, .ofs_y = 0},
    {.bitmap_index = 5263, .adv_w = 227, .box_w = 13, .box_h = 13, .ofs_x = 1, .ofs_y = 0},
    {.bitmap_index = 5432, .adv_w = 174, .box_w = 10, .box_h = 13, .ofs_x = 1, .ofs_y = 0},
    {.bitmap_index = 5562, .adv_w = 227, .box_w = 13, .box_h = 15, .ofs_x = 1, .ofs_y = -2},
    {.bitmap_index = 5757, .adv_w = 200, .box_w = 11, .box_h = 13, .ofs_x = 1, .ofs_y = 0},
    {.bitmap_index = 5900, .adv_w = 183, .box_w = 10, .box_h = 13, .ofs_x = 1, .ofs_y = 0},
    {.bitmap_index = 6030, .adv_w = 176, .box_w = 13, .box_h = 13, .ofs_x = -1, .ofs_y = 0},
    {.bitmap_index = 6199, .adv_w = 211, .box_w = 11, .box_h = 13, .ofs_x = 1, .ofs_y = 0},
    {.bitmap_index = 6342, .adv_w = 197, .box_w = 13, .box_h = 13, .ofs_x = 0, .ofs_y = 0},
    {.bitmap_index = 6511, .adv_w = 285, .box_w = 18, .box_h = 13, .ofs_x = 0, .ofs_y = 0},
    {.bitmap_index = 6745, .adv_w = 197, .box_w = 12, .box_h = 13, .ofs_x = 0, .ofs_y = 0},
    {.bitmap_index = 6901, .adv_w = 176, .box_w = 13, .box_h = 13, .ofs_x = -1, .ofs_y = 0},
    {.bitmap_index = 7070, .adv_w = 197, .box_w = 12, .box_h = 13, .ofs_x = 0, .ofs_y = 0},
    {.bitmap_index = 7226, .adv_w = 112, .box_w = 5, .box_h = 17, .ofs_x = 1, .ofs_y = -3},
    {.bitmap_index = 7311, .adv_w = 97, .box_w = 7, .box_h = 15, .ofs_x = 0, .ofs_y = -2},
    {.bitmap_index = 7416, .adv_w = 112, .box_w = 5, .box_h = 17, .ofs_x = 1, .ofs_y = -3},
    {.bitmap_index = 7501, .adv_w = 241, .box_w = 13, .box_h = 5, .ofs_x = 1, .ofs_y = 8},
    {.bitmap_index = 7566, .adv_w = 144, .box_w = 11, .box_h = 3, .ofs_x = -1, .ofs_y = -5},
    {.bitmap_index = 7599, .adv_w = 144, .box_w = 5, .box_h = 4, .ofs_x = 1, .ofs_y = 11},
    {.bitmap_index = 7619, .adv_w = 176, .box_w = 9, .box_h = 10, .ofs_x = 1, .ofs_y = 0},
    {.bitmap_index = 7709, .adv_w = 183, .box_w = 10, .box_h = 14, .ofs_x = 1, .ofs_y = 0},
    {.bitmap_index = 7849, .adv_w = 158, .box_w = 8, .box_h = 10, .ofs_x = 1, .ofs_y = 0},
    {.bitmap_index = 7929, .adv_w = 183, .box_w = 9, .box_h = 14, .ofs_x = 1, .ofs_y = 0},
    {.bitmap_index = 8055, .adv_w = 177, .box_w = 10, .box_h = 10, .ofs_x = 1, .ofs_y = 0},
    {.bitmap_index = 8155, .adv_w = 101, .box_w = 7, .box_h = 14, .ofs_x = 0, .ofs_y = 0},
    {.bitmap_index = 8253, .adv_w = 183, .box_w = 9, .box_h = 14, .ofs_x = 1, .ofs_y = -4},
    {.bitmap_index = 8379, .adv_w = 183, .box_w = 9, .box_h = 14, .ofs_x = 1, .ofs_y = 0},
    {.bitmap_index = 8505, .adv_w = 80, .box_w = 3, .box_h = 14, .ofs_x = 1, .ofs_y = 0},
    {.bitmap_index = 8547, .adv_w = 80, .box_w = 5, .box_h = 18, .ofs_x = -1, .ofs_y = -4},
    {.bitmap_index = 8637, .adv_w = 167, .box_w = 10, .box_h = 14, .ofs_x = 1, .ofs_y = 0},
    {.bitmap_index = 8777, .adv_w = 80, .box_w = 3, .box_h = 14, .ofs_x = 1, .ofs_y = 0},
    {.bitmap_index = 8819, .adv_w = 281, .box_w = 15, .box_h = 10, .ofs_x = 1, .ofs_y = 0},
    {.bitmap_index = 8969, .adv_w = 183, .box_w = 9, .box_h = 10, .ofs_x = 1, .ofs_y = 0},
    {.bitmap_index = 9059, .adv_w = 176, .box_w = 10, .box_h = 10, .ofs_x = 1, .ofs_y = 0},
    {.bitmap_index = 9159, .adv_w = 183, .box_w = 10, .box_h = 14, .ofs_x = 1, .ofs_y = -4},
    {.bitmap_index = 9299, .adv_w = 183, .box_w = 9, .box_h = 14, .ofs_x = 1, .ofs_y = -4},
    {.bitmap_index = 9425, .adv_w = 118, .box_w = 7, .box_h = 11, .ofs_x = 1, .ofs_y = 0},
    {.bitmap_index = 9502, .adv_w = 150, .box_w = 9, .box_h = 10, .ofs_x = 0, .ofs_y = 0},
    {.bitmap_index = 9592, .adv_w = 113, .box_w = 7, .box_h = 13, .ofs_x = 0, .ofs_y = 0},
    {.bitmap_index = 9683, .adv_w = 183, .box_w = 9, .box_h = 10, .ofs_x = 1, .ofs_y = 0},
    {.bitmap_index = 9773, .adv_w = 170, .box_w = 11, .box_h = 10, .ofs_x = 0, .ofs_y = 0},
    {.bitmap_index = 9883, .adv_w = 236, .box_w = 14, .box_h = 10, .ofs_x = 0, .ofs_y = 0},
    {.bitmap_index = 10023, .adv_w = 170, .box_w = 11, .box_h = 10, .ofs_x = 0, .ofs_y = 0},
    {.bitmap_index = 10133, .adv_w = 170, .box_w = 11, .box_h = 14, .ofs_x = 0, .ofs_y = -4},
    {.bitmap_index = 10287, .adv_w = 151, .box_w = 9, .box_h = 10, .ofs_x = 0, .ofs_y = 0},
    {.bitmap_index = 10377, .adv_w = 183, .box_w = 8, .box_h = 17, .ofs_x = 2, .ofs_y = -3},
    {.bitmap_index = 10513, .adv_w = 97, .box_w = 2, .box_h = 18, .ofs_x = 2, .ofs_y = -4},
    {.bitmap_index = 10549, .adv_w = 183, .box_w = 8, .box_h = 17, .ofs_x = 2, .ofs_y = -3},
    {.bitmap_index = 10685, .adv_w = 241, .box_w = 13, .box_h = 4, .ofs_x = 1, .ofs_y = 4},
    {.bitmap_index = 10737, .adv_w = 144, .box_w = 7, .box_h = 6, .ofs_x = 1, .ofs_y = 7},
    {.bitmap_index = 10779, .adv_w = 288, .box_w = 16, .box_h = 15, .ofs_x = 1, .ofs_y = -1},
    {.bitmap_index = 11019, .adv_w = 288, .box_w = 16, .box_h = 17, .ofs_x = 1, .ofs_y = -2},
    {.bitmap_index = 11291, .adv_w = 288, .box_w = 15, .box_h = 17, .ofs_x = 1, .ofs_y = -2},
    {.bitmap_index = 11546, .adv_w = 288, .box_w = 14, .box_h = 16, .ofs_x = 2, .ofs_y = -2},
    {.bitmap_index = 11770, .adv_w = 288, .box_w = 18, .box_h = 17, .ofs_x = 0, .ofs_y = -2},
    {.bitmap_index = 12076, .adv_w = 288, .box_w = 17, .box_h = 17, .ofs_x = 0, .ofs_y = -2},
    {.bitmap_index = 12365, .adv_w = 288, .box_w = 17, .box_h = 17, .ofs_x = 0, .ofs_y = -2},
    {.bitmap_index = 12654, .adv_w = 288, .box_w = 17, .box_h = 17, .ofs_x = 1, .ofs_y = -2},
    {.bitmap_index = 12943, .adv_w = 288, .box_w = 18, .box_h = 17, .ofs_x = 0, .ofs_y = -2},
    {.bitmap_index = 13249, .adv_w = 288, .box_w = 17, .box_h = 17, .ofs_x = 1, .ofs_y = -2},
    {.bitmap_index = 13538, .adv_w = 288, .box_w = 18, .box_h = 17, .ofs_x = 0, .ofs_y = -2},
    {.bitmap_index = 13844, .adv_w = 288, .box_w = 17, .box_h = 17, .ofs_x = 0, .ofs_y = -2},
    {.bitmap_index = 14133, .adv_w = 288, .box_w = 17, .box_h = 18, .ofs_x = 0, .ofs_y = -3},
    {.bitmap_index = 14439, .adv_w = 288, .box_w = 16, .box_h = 18, .ofs_x = 1, .ofs_y = -3},
    {.bitmap_index = 14727, .adv_w = 288, .box_w = 17, .box_h = 17, .ofs_x = 0, .ofs_y = -2},
    {.bitmap_index = 15016, .adv_w = 288, .box_w = 16, .box_h = 17, .ofs_x = 1, .ofs_y = -2},
    {.bitmap_index = 15288, .adv_w = 288, .box_w = 18, .box_h = 18, .ofs_x = 0, .ofs_y = -2},
    {.bitmap_index = 15612, .adv_w = 288, .box_w = 17, .box_h = 18, .ofs_x = 0, .ofs_y = -3},
    {.bitmap_index = 15918, .adv_w = 288, .box_w = 17, .box_h = 16, .ofs_x = 1, .ofs_y = -2},
    {.bitmap_index = 16190, .adv_w = 288, .box_w = 16, .box_h = 18, .ofs_x = 0, .ofs_y = -3},
    {.bitmap_index = 16478, .adv_w = 288, .box_w = 17, .box_h = 16, .ofs_x = 1, .ofs_y = -2},
    {.bitmap_index = 16750, .adv_w = 288, .box_w = 16, .box_h = 17, .ofs_x = 1, .ofs_y = -2},
    {.bitmap_index = 17022, .adv_w = 288, .box_w = 16, .box_h = 16, .ofs_x = 1, .ofs_y = -2},
    {.bitmap_index = 17278, .adv_w = 288, .box_w = 17, .box_h = 17, .ofs_x = 0, .ofs_y = -2},
    {.bitmap_index = 17567, .adv_w = 288, .box_w = 16, .box_h = 17, .ofs_x = 1, .ofs_y = -2},
    {.bitmap_index = 17839, .adv_w = 288, .box_w = 18, .box_h = 18, .ofs_x = 0, .ofs_y = -3},
    {.bitmap_index = 18163, .adv_w = 288, .box_w = 17, .box_h = 17, .ofs_x = 1, .ofs_y = -2},
    {.bitmap_index = 18452, .adv_w = 288, .box_w = 17, .box_h = 18, .ofs_x = 0, .ofs_y = -3},
    {.bitmap_index = 18758, .adv_w = 288, .box_w = 18, .box_h = 17, .ofs_x = 0, .ofs_y = -2},
    {.bitmap_index = 19064, .adv_w = 288, .box_w = 17, .box_h = 17, .ofs_x = 1, .ofs_y = -2},
    {.bitmap_index = 19353, .adv_w = 288, .box_w = 17, .box_h = 17, .ofs_x = 1, .ofs_y = -2},
    {.bitmap_index = 19642, .adv_w = 288, .box_w = 17, .box_h = 16, .ofs_x = 0, .ofs_y = -1},
    {.bitmap_index = 19914, .adv_w = 288, .box_w = 18, .box_h = 18, .ofs_x = 0, .ofs_y = -3},
    {.bitmap_index = 20238, .adv_w = 288, .box_w = 18, .box_h = 17, .ofs_x = 0, .ofs_y = -2},
    {.bitmap_index = 20544, .adv_w = 288, .box_w = 18, .box_h = 17, .ofs_x = 0, .ofs_y = -2},
    {.bitmap_index = 20850, .adv_w = 288, .box_w = 16, .box_h = 17, .ofs_x = 1, .ofs_y = -3},
    {.bitmap_index = 21122, .adv_w = 288, .box_w = 17, .box_h = 17, .ofs_x = 1, .ofs_y = -2},
    {.bitmap_index = 21411, .adv_w = 288, .box_w = 18, .box_h = 17, .ofs_x = 0, .ofs_y = -2},
    {.bitmap_index = 21717, .adv_w = 288, .box_w = 18, .box_h = 16, .ofs_x = 0, .ofs_y = -1},
    {.bitmap_index = 22005, .adv_w = 288, .box_w = 18, .box_h = 17, .ofs_x = 0, .ofs_y = -1},
    {.bitmap_index = 22311, .adv_w = 288, .box_w = 17, .box_h = 17, .ofs_x = 0, .ofs_y = -2},
    {.bitmap_index = 22600, .adv_w = 288, .box_w = 17, .box_h = 17, .ofs_x = 1, .ofs_y = -2},
    {.bitmap_index = 22889, .adv_w = 288, .box_w = 18, .box_h = 17, .ofs_x = 0, .ofs_y = -2},
    {.bitmap_index = 23195, .adv_w = 288, .box_w = 17, .box_h = 17, .ofs_x = 0, .ofs_y = -2},
    {.bitmap_index = 23484, .adv_w = 288, .box_w = 18, .box_h = 18, .ofs_x = 0, .ofs_y = -3},
    {.bitmap_index = 23808, .adv_w = 288, .box_w = 18, .box_h = 18, .ofs_x = 0, .ofs_y = -2},
    {.bitmap_index = 24132, .adv_w = 288, .box_w = 17, .box_h = 17, .ofs_x = 0, .ofs_y = -2},
    {.bitmap_index = 24421, .adv_w = 288, .box_w = 17, .box_h = 18, .ofs_x = 0, .ofs_y = -3},
    {.bitmap_index = 24727, .adv_w = 288, .box_w = 18, .box_h = 17, .ofs_x = 0, .ofs_y = -2},
    {.bitmap_index = 25033, .adv_w = 288, .box_w = 16, .box_h = 17, .ofs_x = 1, .ofs_y = -2},
    {.bitmap_index = 25305, .adv_w = 288, .box_w = 18, .box_h = 16, .ofs_x = 0, .ofs_y = -2},
    {.bitmap_index = 25593, .adv_w = 288, .box_w = 18, .box_h = 15, .ofs_x = 0, .ofs_y = -1},
    {.bitmap_index = 25863, .adv_w = 288, .box_w = 18, .box_h = 17, .ofs_x = 0, .ofs_y = -2},
    {.bitmap_index = 26169, .adv_w = 288, .box_w = 17, .box_h = 16, .ofs_x = 0, .ofs_y = -1},
    {.bitmap_index = 26441, .adv_w = 288, .box_w = 18, .box_h = 17, .ofs_x = 0, .ofs_y = -2},
    {.bitmap_index = 26747, .adv_w = 288, .box_w = 18, .box_h = 15, .ofs_x = 0, .ofs_y = -1},
    {.bitmap_index = 27017, .adv_w = 288, .box_w = 17, .box_h = 17, .ofs_x = 1, .ofs_y = -2},
    {.bitmap_index = 27306, .adv_w = 288, .box_w = 18, .box_h = 18, .ofs_x = 0, .ofs_y = -3},
    {.bitmap_index = 27630, .adv_w = 288, .box_w = 17, .box_h = 17, .ofs_x = 0, .ofs_y = -2},
    {.bitmap_index = 27919, .adv_w = 288, .box_w = 17, .box_h = 18, .ofs_x = 0, .ofs_y = -3},
    {.bitmap_index = 28225, .adv_w = 288, .box_w = 18, .box_h = 17, .ofs_x = 0, .ofs_y = -2},
    {.bitmap_index = 28531, .adv_w = 288, .box_w = 16, .box_h = 16, .ofs_x = 0, .ofs_y = -2},
    {.bitmap_index = 28787, .adv_w = 288, .box_w = 14, .box_h = 17, .ofs_x = 2, .ofs_y = -2},
    {.bitmap_index = 29025, .adv_w = 288, .box_w = 17, .box_h = 16, .ofs_x = 0, .ofs_y = -2},
    {.bitmap_index = 29297, .adv_w = 288, .box_w = 17, .box_h = 16, .ofs_x = 1, .ofs_y = -2},
    {.bitmap_index = 29569, .adv_w = 288, .box_w = 17, .box_h = 16, .ofs_x = 1, .ofs_y = -1},
    {.bitmap_index = 29841, .adv_w = 288, .box_w = 17, .box_h = 16, .ofs_x = 0, .ofs_y = -1},
    {.bitmap_index = 30113, .adv_w = 288, .box_w = 17, .box_h = 16, .ofs_x = 1, .ofs_y = -1},
    {.bitmap_index = 30385, .adv_w = 288, .box_w = 18, .box_h = 16, .ofs_x = 0, .ofs_y = -1},
    {.bitmap_index = 30673, .adv_w = 288, .box_w = 16, .box_h = 17, .ofs_x = 1, .ofs_y = -3},
    {.bitmap_index = 30945, .adv_w = 288, .box_w = 16, .box_h = 15, .ofs_x = 1, .ofs_y = -1},
    {.bitmap_index = 31185, .adv_w = 288, .box_w = 17, .box_h = 16, .ofs_x = 0, .ofs_y = -1},
    {.bitmap_index = 31457, .adv_w = 288, .box_w = 17, .box_h = 16, .ofs_x = 0, .ofs_y = -1},
    {.bitmap_index = 31729, .adv_w = 288, .box_w = 16, .box_h = 17, .ofs_x = 1, .ofs_y = -2},
    {.bitmap_index = 32001, .adv_w = 288, .box_w = 17, .box_h = 17, .ofs_x = 0, .ofs_y = -2},
    {.bitmap_index = 32290, .adv_w = 288, .box_w = 16, .box_h = 18, .ofs_x = 1, .ofs_y = -3},
    {.bitmap_index = 32578, .adv_w = 288, .box_w = 18, .box_h = 17, .ofs_x = 0, .ofs_y = -2},
    {.bitmap_index = 32884, .adv_w = 288, .box_w = 18, .box_h = 18, .ofs_x = 0, .ofs_y = -3},
    {.bitmap_index = 33208, .adv_w = 288, .box_w = 17, .box_h = 17, .ofs_x = 0, .ofs_y = -2},
    {.bitmap_index = 33497, .adv_w = 288, .box_w = 17, .box_h = 16, .ofs_x = 1, .ofs_y = -2},
    {.bitmap_index = 33769, .adv_w = 288, .box_w = 16, .box_h = 16, .ofs_x = 1, .ofs_y = -1},
    {.bitmap_index = 34025, .adv_w = 288, .box_w = 17, .box_h = 17, .ofs_x = 0, .ofs_y = -2},
    {.bitmap_index = 34314, .adv_w = 288, .box_w = 16, .box_h = 17, .ofs_x = 1, .ofs_y = -2},
    {.bitmap_index = 34586, .adv_w = 288, .box_w = 16, .box_h = 17, .ofs_x = 1, .ofs_y = -2},
    {.bitmap_index = 34858, .adv_w = 288, .box_w = 17, .box_h = 17, .ofs_x = 1, .ofs_y = -2},
    {.bitmap_index = 35147, .adv_w = 288, .box_w = 16, .box_h = 16, .ofs_x = 1, .ofs_y = -2}
};

/*---------------------
 *  CHARACTER MAPPING
 *--------------------*/

static const uint16_t unicode_list_1[] = {
    0x0, 0x4d5a, 0x4d7d, 0x4d8a, 0x4db0, 0x4dfe, 0x4e46, 0x4e4b,
    0x5099, 0x50b5, 0x50c3, 0x5116, 0x5156, 0x5157, 0x51f0, 0x51f8,
    0x5297, 0x5358, 0x535e, 0x5376, 0x537f, 0x5388, 0x53cc, 0x5644,
    0x5678, 0x5866, 0x586c, 0x5881, 0x591b, 0x5ab6, 0x5adc, 0x5b49,
    0x5d36, 0x5dc6, 0x5de4, 0x5df6, 0x5e50, 0x5e5f, 0x5eb9, 0x605f,
    0x606f, 0x6160, 0x6166, 0x619b, 0x61bb, 0x6259, 0x62b2, 0x62f7,
    0x64d7, 0x6500, 0x6509, 0x657f, 0x658e, 0x668a, 0x6735, 0x6810,
    0x6ab3, 0x6b6b, 0x6d4b, 0x6d79, 0x6e21, 0x6fbf, 0x7478, 0x75cd,
    0x7751, 0x788a, 0x79ca, 0x7df2, 0x7dff, 0x7e14, 0x7ea1, 0x7ebe,
    0x81c2, 0x85c9, 0x8b0e, 0x8b47, 0x8b53, 0x8c75, 0x8ee3, 0x8fb5,
    0x909d, 0x911d, 0x947e, 0x953d, 0x9544, 0x959d, 0x9650
};

/*Collect the unicode lists and glyph_id offsets*/
static const lv_font_fmt_txt_cmap_t cmaps[] =
{
    {
        .range_start = 32, .range_length = 95, .glyph_id_start = 1,
        .unicode_list = NULL, .glyph_id_ofs_list = NULL, .list_length = 0, .type = LV_FONT_FMT_TXT_CMAP_FORMAT0_TINY
    },
    {
        .range_start = 176, .range_length = 38481, .glyph_id_start = 96,
        .unicode_list = unicode_list_1, .glyph_id_ofs_list = NULL, .list_length = 87, .type = LV_FONT_FMT_TXT_CMAP_SPARSE_TINY
    }
};



/*--------------------
 *  ALL CUSTOM DATA
 *--------------------*/

#if LVGL_VERSION_MAJOR == 8
/*Store all the custom data of the font*/
static  lv_font_fmt_txt_glyph_cache_t cache;
#endif

#if LVGL_VERSION_MAJOR >= 8
static const lv_font_fmt_txt_dsc_t font_dsc = {
#else
static lv_font_fmt_txt_dsc_t font_dsc = {
#endif
    .glyph_bitmap = glyph_bitmap,
    .glyph_dsc = glyph_dsc,
    .cmaps = cmaps,
    .kern_dsc = NULL,
    .kern_scale = 0,
    .cmap_num = 2,
    .bpp = 8,
    .kern_classes = 0,
    .bitmap_format = 0,
#if LVGL_VERSION_MAJOR == 8
    .cache = &cache
#endif
};



/*-----------------
 *  PUBLIC FONT
 *----------------*/

/*Initialize a public general font descriptor*/
#if LVGL_VERSION_MAJOR >= 8
const lv_font_t ui_font_cn_18 = {
#else
lv_font_t ui_font_cn_18 = {
#endif
    .get_glyph_dsc = lv_font_get_glyph_dsc_fmt_txt,    /*Function pointer to get glyph's data*/
    .get_glyph_bitmap = lv_font_get_bitmap_fmt_txt,    /*Function pointer to get glyph's bitmap*/
    .line_height = 21,          /*The maximum line height required by the font*/
    .base_line = 5,             /*Baseline measured from the bottom of the line*/
#if !(LVGL_VERSION_MAJOR == 6 && LVGL_VERSION_MINOR == 0)
    .subpx = LV_FONT_SUBPX_NONE,
#endif
#if LV_VERSION_CHECK(7, 4, 0) || LVGL_VERSION_MAJOR >= 8
    .underline_position = 0,
    .underline_thickness = 1,
#endif
    .dsc = &font_dsc,          /*The custom font data. Will be accessed by `get_glyph_bitmap/dsc` */
#if LV_VERSION_CHECK(8, 2, 0) || LVGL_VERSION_MAJOR >= 9
    .fallback = NULL,
#endif
    .user_data = NULL,
};



#endif /*#if UI_FONT_CN_18*/

